modNfUPt3F4.002.1.jpg,0.6448598130841123,0.59375,0.6153846153846153,0.6407766990291262,0.5555555555555556
modNfUPt3F4.002.2.jpg,0.6448598130841123,0.59375,0.6153846153846153,0.6407766990291262,0.5555555555555556
modNfUPt3F4.002.3.jpg,0.6448598130841123,0.59375,0.6153846153846153,0.6407766990291262,0.5555555555555556
modNfUPt3F4.002.4.jpg,0.6448598130841123,0.59375,0.6153846153846153,0.6407766990291262,0.5555555555555556
h6LOjpCRXtY.005.1.jpg,0.4392523364485981,0.5208333333333334,0.4175824175824176,0.5728155339805825,0.41111111111111115
h6LOjpCRXtY.005.2.jpg,0.4392523364485981,0.5208333333333334,0.4175824175824176,0.5728155339805825,0.41111111111111115
h6LOjpCRXtY.005.3.jpg,0.4392523364485981,0.5208333333333334,0.4175824175824176,0.5728155339805825,0.41111111111111115
h6LOjpCRXtY.005.4.jpg,0.4392523364485981,0.5208333333333334,0.4175824175824176,0.5728155339805825,0.41111111111111115
WER4ww680QQ.004.1.jpg,0.4579439252336449,0.3125,0.4285714285714285,0.3980582524271845,0.5555555555555556
WER4ww680QQ.004.2.jpg,0.4579439252336449,0.3125,0.4285714285714285,0.3980582524271845,0.5555555555555556
WER4ww680QQ.004.3.jpg,0.4579439252336449,0.3125,0.4285714285714285,0.3980582524271845,0.5555555555555556
WER4ww680QQ.004.4.jpg,0.4579439252336449,0.3125,0.4285714285714285,0.3980582524271845,0.5555555555555556
c4XnKouozXU.002.1.jpg,0.36448598130841126,0.5729166666666666,0.5274725274725275,0.5533980582524272,0.32222222222222224
c4XnKouozXU.002.2.jpg,0.36448598130841126,0.5729166666666666,0.5274725274725275,0.5533980582524272,0.32222222222222224
c4XnKouozXU.002.3.jpg,0.36448598130841126,0.5729166666666666,0.5274725274725275,0.5533980582524272,0.32222222222222224
c4XnKouozXU.002.4.jpg,0.36448598130841126,0.5729166666666666,0.5274725274725275,0.5533980582524272,0.32222222222222224
OEKg-Tvwcbk.002.1.jpg,0.3457943925233645,0.46875,0.5164835164835165,0.4174757281553398,0.4777777777777778
OEKg-Tvwcbk.002.2.jpg,0.3457943925233645,0.46875,0.5164835164835165,0.4174757281553398,0.4777777777777778
OEKg-Tvwcbk.002.3.jpg,0.3457943925233645,0.46875,0.5164835164835165,0.4174757281553398,0.4777777777777778
OEKg-Tvwcbk.002.4.jpg,0.3457943925233645,0.46875,0.5164835164835165,0.4174757281553398,0.4777777777777778
PtA7yAu9-VE.003.1.jpg,0.6448598130841123,0.65625,0.5934065934065933,0.5436893203883495,0.7
PtA7yAu9-VE.003.2.jpg,0.6448598130841123,0.65625,0.5934065934065933,0.5436893203883495,0.7
PtA7yAu9-VE.003.3.jpg,0.6448598130841123,0.65625,0.5934065934065933,0.5436893203883495,0.7
PtA7yAu9-VE.003.4.jpg,0.6448598130841123,0.65625,0.5934065934065933,0.5436893203883495,0.7
TmpP2fXeVtk.004.1.jpg,0.5514018691588786,0.46875,0.4945054945054945,0.4466019417475728,0.5444444444444444
TmpP2fXeVtk.004.2.jpg,0.5514018691588786,0.46875,0.4945054945054945,0.4466019417475728,0.5444444444444444
TmpP2fXeVtk.004.3.jpg,0.5514018691588786,0.46875,0.4945054945054945,0.4466019417475728,0.5444444444444444
TmpP2fXeVtk.004.4.jpg,0.5514018691588786,0.46875,0.4945054945054945,0.4466019417475728,0.5444444444444444
1uC-2TZqplE.002.1.jpg,0.48598130841121495,0.7291666666666667,0.7802197802197802,0.8058252427184466,0.6222222222222222
1uC-2TZqplE.002.2.jpg,0.48598130841121495,0.7291666666666667,0.7802197802197802,0.8058252427184466,0.6222222222222222
1uC-2TZqplE.002.3.jpg,0.48598130841121495,0.7291666666666667,0.7802197802197802,0.8058252427184466,0.6222222222222222
1uC-2TZqplE.002.4.jpg,0.48598130841121495,0.7291666666666667,0.7802197802197802,0.8058252427184466,0.6222222222222222
_01AyUz9J9I.003.1.jpg,0.5794392523364487,0.65625,0.6813186813186812,0.4174757281553398,0.7777777777777777
_01AyUz9J9I.003.2.jpg,0.5794392523364487,0.65625,0.6813186813186812,0.4174757281553398,0.7777777777777777
_01AyUz9J9I.003.3.jpg,0.5794392523364487,0.65625,0.6813186813186812,0.4174757281553398,0.7777777777777777
_01AyUz9J9I.003.4.jpg,0.5794392523364487,0.65625,0.6813186813186812,0.4174757281553398,0.7777777777777777
_RfHkyf68Zs.000.1.jpg,0.39252336448598135,0.34374999999999994,0.5164835164835165,0.5922330097087379,0.4666666666666667
_RfHkyf68Zs.000.2.jpg,0.39252336448598135,0.34374999999999994,0.5164835164835165,0.5922330097087379,0.4666666666666667
_RfHkyf68Zs.000.3.jpg,0.39252336448598135,0.34374999999999994,0.5164835164835165,0.5922330097087379,0.4666666666666667
_RfHkyf68Zs.000.4.jpg,0.39252336448598135,0.34374999999999994,0.5164835164835165,0.5922330097087379,0.4666666666666667
n6JNJurop2U.005.1.jpg,0.5981308411214954,0.5104166666666666,0.6923076923076923,0.5242718446601942,0.5888888888888889
n6JNJurop2U.005.2.jpg,0.5981308411214954,0.5104166666666666,0.6923076923076923,0.5242718446601942,0.5888888888888889
n6JNJurop2U.005.3.jpg,0.5981308411214954,0.5104166666666666,0.6923076923076923,0.5242718446601942,0.5888888888888889
n6JNJurop2U.005.4.jpg,0.5981308411214954,0.5104166666666666,0.6923076923076923,0.5242718446601942,0.5888888888888889
dB65He57Ki8.003.1.jpg,0.7009345794392524,0.6770833333333334,0.7912087912087912,0.8349514563106796,0.6777777777777777
dB65He57Ki8.003.2.jpg,0.7009345794392524,0.6770833333333334,0.7912087912087912,0.8349514563106796,0.6777777777777777
dB65He57Ki8.003.3.jpg,0.7009345794392524,0.6770833333333334,0.7912087912087912,0.8349514563106796,0.6777777777777777
dB65He57Ki8.003.4.jpg,0.7009345794392524,0.6770833333333334,0.7912087912087912,0.8349514563106796,0.6777777777777777
7T-KyMnEbJM.000.1.jpg,0.663551401869159,0.6145833333333333,0.4945054945054945,0.4174757281553398,0.7222222222222221
7T-KyMnEbJM.000.2.jpg,0.663551401869159,0.6145833333333333,0.4945054945054945,0.4174757281553398,0.7222222222222221
7T-KyMnEbJM.000.3.jpg,0.663551401869159,0.6145833333333333,0.4945054945054945,0.4174757281553398,0.7222222222222221
7T-KyMnEbJM.000.4.jpg,0.663551401869159,0.6145833333333333,0.4945054945054945,0.4174757281553398,0.7222222222222221
n0acEDmc0mA.001.1.jpg,0.6822429906542057,0.7187499999999999,0.7252747252747254,0.7475728155339806,0.6222222222222222
n0acEDmc0mA.001.2.jpg,0.6822429906542057,0.7187499999999999,0.7252747252747254,0.7475728155339806,0.6222222222222222
n0acEDmc0mA.001.3.jpg,0.6822429906542057,0.7187499999999999,0.7252747252747254,0.7475728155339806,0.6222222222222222
n0acEDmc0mA.001.4.jpg,0.6822429906542057,0.7187499999999999,0.7252747252747254,0.7475728155339806,0.6222222222222222
IQdz0Pd-L2Y.000.1.jpg,0.4018691588785047,0.5,0.5274725274725275,0.3883495145631068,0.4888888888888889
IQdz0Pd-L2Y.000.2.jpg,0.4018691588785047,0.5,0.5274725274725275,0.3883495145631068,0.4888888888888889
IQdz0Pd-L2Y.000.3.jpg,0.4018691588785047,0.5,0.5274725274725275,0.3883495145631068,0.4888888888888889
IQdz0Pd-L2Y.000.4.jpg,0.4018691588785047,0.5,0.5274725274725275,0.3883495145631068,0.4888888888888889
OuE91U_n04E.005.1.jpg,0.4953271028037384,0.6875,0.5164835164835165,0.6019417475728155,0.611111111111111
OuE91U_n04E.005.2.jpg,0.4953271028037384,0.6875,0.5164835164835165,0.6019417475728155,0.611111111111111
OuE91U_n04E.005.3.jpg,0.4953271028037384,0.6875,0.5164835164835165,0.6019417475728155,0.611111111111111
OuE91U_n04E.005.4.jpg,0.4953271028037384,0.6875,0.5164835164835165,0.6019417475728155,0.611111111111111
NDC375coN1o.004.1.jpg,0.35514018691588783,0.35416666666666663,0.4615384615384615,0.35922330097087385,0.4
NDC375coN1o.004.2.jpg,0.35514018691588783,0.35416666666666663,0.4615384615384615,0.35922330097087385,0.4
NDC375coN1o.004.3.jpg,0.35514018691588783,0.35416666666666663,0.4615384615384615,0.35922330097087385,0.4
NDC375coN1o.004.4.jpg,0.35514018691588783,0.35416666666666663,0.4615384615384615,0.35922330097087385,0.4
836kYlEs9GI.004.1.jpg,0.3271028037383178,0.4166666666666667,0.3846153846153846,0.35922330097087385,0.5888888888888889
836kYlEs9GI.004.2.jpg,0.3271028037383178,0.4166666666666667,0.3846153846153846,0.35922330097087385,0.5888888888888889
836kYlEs9GI.004.3.jpg,0.3271028037383178,0.4166666666666667,0.3846153846153846,0.35922330097087385,0.5888888888888889
836kYlEs9GI.004.4.jpg,0.3271028037383178,0.4166666666666667,0.3846153846153846,0.35922330097087385,0.5888888888888889
3yU-7AXnFCM.004.1.jpg,0.18691588785046728,0.42708333333333337,0.3736263736263736,0.30097087378640774,0.4222222222222222
3yU-7AXnFCM.004.2.jpg,0.18691588785046728,0.42708333333333337,0.3736263736263736,0.30097087378640774,0.4222222222222222
3yU-7AXnFCM.004.3.jpg,0.18691588785046728,0.42708333333333337,0.3736263736263736,0.30097087378640774,0.4222222222222222
3yU-7AXnFCM.004.4.jpg,0.18691588785046728,0.42708333333333337,0.3736263736263736,0.30097087378640774,0.4222222222222222
fBMKlYUjA9E.004.1.jpg,0.6448598130841123,0.7187499999999999,0.6153846153846153,0.6116504854368932,0.7333333333333333
fBMKlYUjA9E.004.2.jpg,0.6448598130841123,0.7187499999999999,0.6153846153846153,0.6116504854368932,0.7333333333333333
fBMKlYUjA9E.004.3.jpg,0.6448598130841123,0.7187499999999999,0.6153846153846153,0.6116504854368932,0.7333333333333333
fBMKlYUjA9E.004.4.jpg,0.6448598130841123,0.7187499999999999,0.6153846153846153,0.6116504854368932,0.7333333333333333
1XkKu4LBvog.004.1.jpg,0.4018691588785047,0.5208333333333334,0.6703296703296703,0.5048543689320388,0.711111111111111
1XkKu4LBvog.004.2.jpg,0.4018691588785047,0.5208333333333334,0.6703296703296703,0.5048543689320388,0.711111111111111
1XkKu4LBvog.004.3.jpg,0.4018691588785047,0.5208333333333334,0.6703296703296703,0.5048543689320388,0.711111111111111
1XkKu4LBvog.004.4.jpg,0.4018691588785047,0.5208333333333334,0.6703296703296703,0.5048543689320388,0.711111111111111
8s0R8r6UsU0.002.1.jpg,0.4018691588785047,0.53125,0.4175824175824176,0.7184466019417477,0.6333333333333333
8s0R8r6UsU0.002.2.jpg,0.4018691588785047,0.53125,0.4175824175824176,0.7184466019417477,0.6333333333333333
8s0R8r6UsU0.002.3.jpg,0.4018691588785047,0.53125,0.4175824175824176,0.7184466019417477,0.6333333333333333
8s0R8r6UsU0.002.4.jpg,0.4018691588785047,0.53125,0.4175824175824176,0.7184466019417477,0.6333333333333333
9uMpKla2OQM.005.1.jpg,0.5607476635514019,0.4166666666666667,0.6703296703296703,0.5048543689320388,0.5
9uMpKla2OQM.005.2.jpg,0.5607476635514019,0.4166666666666667,0.6703296703296703,0.5048543689320388,0.5
9uMpKla2OQM.005.3.jpg,0.5607476635514019,0.4166666666666667,0.6703296703296703,0.5048543689320388,0.5
9uMpKla2OQM.005.4.jpg,0.5607476635514019,0.4166666666666667,0.6703296703296703,0.5048543689320388,0.5
MSlMVMM8obY.000.1.jpg,0.5420560747663552,0.5,0.6043956043956044,0.4660194174757281,0.7222222222222221
MSlMVMM8obY.000.2.jpg,0.5420560747663552,0.5,0.6043956043956044,0.4660194174757281,0.7222222222222221
MSlMVMM8obY.000.3.jpg,0.5420560747663552,0.5,0.6043956043956044,0.4660194174757281,0.7222222222222221
MSlMVMM8obY.000.4.jpg,0.5420560747663552,0.5,0.6043956043956044,0.4660194174757281,0.7222222222222221
8PXQ_5tUv74.003.1.jpg,0.6168224299065421,0.625,0.6263736263736264,0.6893203883495147,0.711111111111111
8PXQ_5tUv74.003.2.jpg,0.6168224299065421,0.625,0.6263736263736264,0.6893203883495147,0.711111111111111
8PXQ_5tUv74.003.3.jpg,0.6168224299065421,0.625,0.6263736263736264,0.6893203883495147,0.711111111111111
8PXQ_5tUv74.003.4.jpg,0.6168224299065421,0.625,0.6263736263736264,0.6893203883495147,0.711111111111111
FaBTYkzhuK4.004.1.jpg,0.47663551401869164,0.4895833333333333,0.5824175824175825,0.5242718446601942,0.5222222222222223
FaBTYkzhuK4.004.2.jpg,0.47663551401869164,0.4895833333333333,0.5824175824175825,0.5242718446601942,0.5222222222222223
FaBTYkzhuK4.004.3.jpg,0.47663551401869164,0.4895833333333333,0.5824175824175825,0.5242718446601942,0.5222222222222223
FaBTYkzhuK4.004.4.jpg,0.47663551401869164,0.4895833333333333,0.5824175824175825,0.5242718446601942,0.5222222222222223
e5gDLMLOE9U.000.1.jpg,0.5981308411214954,0.65625,0.6373626373626373,0.5631067961165048,0.6888888888888889
e5gDLMLOE9U.000.2.jpg,0.5981308411214954,0.65625,0.6373626373626373,0.5631067961165048,0.6888888888888889
e5gDLMLOE9U.000.3.jpg,0.5981308411214954,0.65625,0.6373626373626373,0.5631067961165048,0.6888888888888889
e5gDLMLOE9U.000.4.jpg,0.5981308411214954,0.65625,0.6373626373626373,0.5631067961165048,0.6888888888888889
qLV1a_611kA.005.1.jpg,0.5140186915887851,0.5625,0.6153846153846153,0.6407766990291262,0.7444444444444444
qLV1a_611kA.005.2.jpg,0.5140186915887851,0.5625,0.6153846153846153,0.6407766990291262,0.7444444444444444
qLV1a_611kA.005.3.jpg,0.5140186915887851,0.5625,0.6153846153846153,0.6407766990291262,0.7444444444444444
qLV1a_611kA.005.4.jpg,0.5140186915887851,0.5625,0.6153846153846153,0.6407766990291262,0.7444444444444444
Z3E1jkaNRKs.004.1.jpg,0.4112149532710281,0.5520833333333334,0.6483516483516484,0.6796116504854369,0.4
Z3E1jkaNRKs.004.2.jpg,0.4112149532710281,0.5520833333333334,0.6483516483516484,0.6796116504854369,0.4
Z3E1jkaNRKs.004.3.jpg,0.4112149532710281,0.5520833333333334,0.6483516483516484,0.6796116504854369,0.4
Z3E1jkaNRKs.004.4.jpg,0.4112149532710281,0.5520833333333334,0.6483516483516484,0.6796116504854369,0.4
ay4cdKr1I0o.002.1.jpg,0.6261682242990655,0.84375,0.7472527472527474,0.8446601941747574,0.7333333333333333
ay4cdKr1I0o.002.2.jpg,0.6261682242990655,0.84375,0.7472527472527474,0.8446601941747574,0.7333333333333333
ay4cdKr1I0o.002.3.jpg,0.6261682242990655,0.84375,0.7472527472527474,0.8446601941747574,0.7333333333333333
ay4cdKr1I0o.002.4.jpg,0.6261682242990655,0.84375,0.7472527472527474,0.8446601941747574,0.7333333333333333
cvHqtadNJDo.002.1.jpg,0.4485981308411215,0.7500000000000001,0.5934065934065933,0.7669902912621359,0.6666666666666666
cvHqtadNJDo.002.2.jpg,0.4485981308411215,0.7500000000000001,0.5934065934065933,0.7669902912621359,0.6666666666666666
cvHqtadNJDo.002.3.jpg,0.4485981308411215,0.7500000000000001,0.5934065934065933,0.7669902912621359,0.6666666666666666
cvHqtadNJDo.002.4.jpg,0.4485981308411215,0.7500000000000001,0.5934065934065933,0.7669902912621359,0.6666666666666666
dLaqub4BEsA.000.1.jpg,0.6168224299065421,0.7395833333333333,0.7362637362637363,0.7669902912621359,0.7333333333333333
dLaqub4BEsA.000.2.jpg,0.6168224299065421,0.7395833333333333,0.7362637362637363,0.7669902912621359,0.7333333333333333
dLaqub4BEsA.000.3.jpg,0.6168224299065421,0.7395833333333333,0.7362637362637363,0.7669902912621359,0.7333333333333333
dLaqub4BEsA.000.4.jpg,0.6168224299065421,0.7395833333333333,0.7362637362637363,0.7669902912621359,0.7333333333333333
lyznxF-Pj6g.000.1.jpg,0.4579439252336449,0.5833333333333333,0.5274725274725275,0.4563106796116505,0.4777777777777778
lyznxF-Pj6g.000.2.jpg,0.4579439252336449,0.5833333333333333,0.5274725274725275,0.4563106796116505,0.4777777777777778
lyznxF-Pj6g.000.3.jpg,0.4579439252336449,0.5833333333333333,0.5274725274725275,0.4563106796116505,0.4777777777777778
lyznxF-Pj6g.000.4.jpg,0.4579439252336449,0.5833333333333333,0.5274725274725275,0.4563106796116505,0.4777777777777778
qCFFW1dM8V8.000.1.jpg,0.4205607476635514,0.46875,0.5274725274725275,0.42718446601941745,0.4666666666666667
qCFFW1dM8V8.000.2.jpg,0.4205607476635514,0.46875,0.5274725274725275,0.42718446601941745,0.4666666666666667
qCFFW1dM8V8.000.3.jpg,0.4205607476635514,0.46875,0.5274725274725275,0.42718446601941745,0.4666666666666667
qCFFW1dM8V8.000.4.jpg,0.4205607476635514,0.46875,0.5274725274725275,0.42718446601941745,0.4666666666666667
rTG9gtci67c.003.1.jpg,0.4953271028037384,0.5104166666666666,0.5164835164835165,0.5048543689320388,0.4777777777777778
rTG9gtci67c.003.2.jpg,0.4953271028037384,0.5104166666666666,0.5164835164835165,0.5048543689320388,0.4777777777777778
rTG9gtci67c.003.3.jpg,0.4953271028037384,0.5104166666666666,0.5164835164835165,0.5048543689320388,0.4777777777777778
rTG9gtci67c.003.4.jpg,0.4953271028037384,0.5104166666666666,0.5164835164835165,0.5048543689320388,0.4777777777777778
VugKq4gOi50.001.1.jpg,0.5514018691588786,0.59375,0.6703296703296703,0.6796116504854369,0.7222222222222221
VugKq4gOi50.001.2.jpg,0.5514018691588786,0.59375,0.6703296703296703,0.6796116504854369,0.7222222222222221
VugKq4gOi50.001.3.jpg,0.5514018691588786,0.59375,0.6703296703296703,0.6796116504854369,0.7222222222222221
VugKq4gOi50.001.4.jpg,0.5514018691588786,0.59375,0.6703296703296703,0.6796116504854369,0.7222222222222221
5Ku4_r_Yxsk.004.1.jpg,0.5981308411214954,0.7395833333333333,0.6153846153846153,0.7087378640776699,0.7666666666666666
5Ku4_r_Yxsk.004.2.jpg,0.5981308411214954,0.7395833333333333,0.6153846153846153,0.7087378640776699,0.7666666666666666
5Ku4_r_Yxsk.004.3.jpg,0.5981308411214954,0.7395833333333333,0.6153846153846153,0.7087378640776699,0.7666666666666666
5Ku4_r_Yxsk.004.4.jpg,0.5981308411214954,0.7395833333333333,0.6153846153846153,0.7087378640776699,0.7666666666666666
69BopbFc34U.003.1.jpg,0.17757009345794392,0.32291666666666663,0.3736263736263736,0.2524271844660194,0.34444444444444444
69BopbFc34U.003.2.jpg,0.17757009345794392,0.32291666666666663,0.3736263736263736,0.2524271844660194,0.34444444444444444
69BopbFc34U.003.3.jpg,0.17757009345794392,0.32291666666666663,0.3736263736263736,0.2524271844660194,0.34444444444444444
69BopbFc34U.003.4.jpg,0.17757009345794392,0.32291666666666663,0.3736263736263736,0.2524271844660194,0.34444444444444444
mZQP06F94u8.005.1.jpg,0.6822429906542057,0.5416666666666666,0.6043956043956044,0.35922330097087385,0.711111111111111
mZQP06F94u8.005.2.jpg,0.6822429906542057,0.5416666666666666,0.6043956043956044,0.35922330097087385,0.711111111111111
mZQP06F94u8.005.3.jpg,0.6822429906542057,0.5416666666666666,0.6043956043956044,0.35922330097087385,0.711111111111111
mZQP06F94u8.005.4.jpg,0.6822429906542057,0.5416666666666666,0.6043956043956044,0.35922330097087385,0.711111111111111
U22Jy0m5xSQ.002.1.jpg,0.5233644859813085,0.5729166666666666,0.4285714285714285,0.6310679611650486,0.6333333333333333
U22Jy0m5xSQ.002.2.jpg,0.5233644859813085,0.5729166666666666,0.4285714285714285,0.6310679611650486,0.6333333333333333
U22Jy0m5xSQ.002.3.jpg,0.5233644859813085,0.5729166666666666,0.4285714285714285,0.6310679611650486,0.6333333333333333
U22Jy0m5xSQ.002.4.jpg,0.5233644859813085,0.5729166666666666,0.4285714285714285,0.6310679611650486,0.6333333333333333
6nbxAP_ZKQQ.004.1.jpg,0.5514018691588786,0.46875,0.4945054945054945,0.5436893203883495,0.7888888888888888
6nbxAP_ZKQQ.004.2.jpg,0.5514018691588786,0.46875,0.4945054945054945,0.5436893203883495,0.7888888888888888
6nbxAP_ZKQQ.004.3.jpg,0.5514018691588786,0.46875,0.4945054945054945,0.5436893203883495,0.7888888888888888
6nbxAP_ZKQQ.004.4.jpg,0.5514018691588786,0.46875,0.4945054945054945,0.5436893203883495,0.7888888888888888
jPpZkVzQywk.002.1.jpg,0.47663551401869164,0.6041666666666666,0.5164835164835165,0.4951456310679611,0.6222222222222222
jPpZkVzQywk.002.2.jpg,0.47663551401869164,0.6041666666666666,0.5164835164835165,0.4951456310679611,0.6222222222222222
jPpZkVzQywk.002.3.jpg,0.47663551401869164,0.6041666666666666,0.5164835164835165,0.4951456310679611,0.6222222222222222
jPpZkVzQywk.002.4.jpg,0.47663551401869164,0.6041666666666666,0.5164835164835165,0.4951456310679611,0.6222222222222222
BlvmREgt2C0.004.1.jpg,0.6261682242990655,0.7083333333333334,0.7032967032967032,0.6019417475728155,0.7555555555555554
BlvmREgt2C0.004.2.jpg,0.6261682242990655,0.7083333333333334,0.7032967032967032,0.6019417475728155,0.7555555555555554
BlvmREgt2C0.004.3.jpg,0.6261682242990655,0.7083333333333334,0.7032967032967032,0.6019417475728155,0.7555555555555554
BlvmREgt2C0.004.4.jpg,0.6261682242990655,0.7083333333333334,0.7032967032967032,0.6019417475728155,0.7555555555555554
XDwSKV_-Rhc.000.1.jpg,0.7102803738317757,0.8229166666666667,0.7912087912087912,0.8834951456310681,0.8999999999999999
XDwSKV_-Rhc.000.2.jpg,0.7102803738317757,0.8229166666666667,0.7912087912087912,0.8834951456310681,0.8999999999999999
XDwSKV_-Rhc.000.3.jpg,0.7102803738317757,0.8229166666666667,0.7912087912087912,0.8834951456310681,0.8999999999999999
XDwSKV_-Rhc.000.4.jpg,0.7102803738317757,0.8229166666666667,0.7912087912087912,0.8834951456310681,0.8999999999999999
gsleSGEZHAs.003.1.jpg,0.6074766355140188,0.65625,0.7472527472527474,0.8737864077669903,0.6555555555555556
gsleSGEZHAs.003.2.jpg,0.6074766355140188,0.65625,0.7472527472527474,0.8737864077669903,0.6555555555555556
gsleSGEZHAs.003.3.jpg,0.6074766355140188,0.65625,0.7472527472527474,0.8737864077669903,0.6555555555555556
gsleSGEZHAs.003.4.jpg,0.6074766355140188,0.65625,0.7472527472527474,0.8737864077669903,0.6555555555555556
T3v3-2tvV0s.005.1.jpg,0.20560747663551404,0.3645833333333333,0.4175824175824176,0.4660194174757281,0.38888888888888895
T3v3-2tvV0s.005.2.jpg,0.20560747663551404,0.3645833333333333,0.4175824175824176,0.4660194174757281,0.38888888888888895
T3v3-2tvV0s.005.3.jpg,0.20560747663551404,0.3645833333333333,0.4175824175824176,0.4660194174757281,0.38888888888888895
T3v3-2tvV0s.005.4.jpg,0.20560747663551404,0.3645833333333333,0.4175824175824176,0.4660194174757281,0.38888888888888895
PJxgOFaaUZM.005.1.jpg,0.5327102803738318,0.6770833333333334,0.5714285714285714,0.7864077669902914,0.6888888888888889
PJxgOFaaUZM.005.2.jpg,0.5327102803738318,0.6770833333333334,0.5714285714285714,0.7864077669902914,0.6888888888888889
PJxgOFaaUZM.005.3.jpg,0.5327102803738318,0.6770833333333334,0.5714285714285714,0.7864077669902914,0.6888888888888889
PJxgOFaaUZM.005.4.jpg,0.5327102803738318,0.6770833333333334,0.5714285714285714,0.7864077669902914,0.6888888888888889
5Eez38v8TuU.001.1.jpg,0.39252336448598135,0.46875,0.6483516483516484,0.4466019417475728,0.4222222222222222
5Eez38v8TuU.001.2.jpg,0.39252336448598135,0.46875,0.6483516483516484,0.4466019417475728,0.4222222222222222
5Eez38v8TuU.001.3.jpg,0.39252336448598135,0.46875,0.6483516483516484,0.4466019417475728,0.4222222222222222
5Eez38v8TuU.001.4.jpg,0.39252336448598135,0.46875,0.6483516483516484,0.4466019417475728,0.4222222222222222
0tse0Fsy_rg.003.1.jpg,0.39252336448598135,0.37499999999999994,0.3846153846153846,0.2815533980582524,0.3555555555555556
0tse0Fsy_rg.003.2.jpg,0.39252336448598135,0.37499999999999994,0.3846153846153846,0.2815533980582524,0.3555555555555556
0tse0Fsy_rg.003.3.jpg,0.39252336448598135,0.37499999999999994,0.3846153846153846,0.2815533980582524,0.3555555555555556
0tse0Fsy_rg.003.4.jpg,0.39252336448598135,0.37499999999999994,0.3846153846153846,0.2815533980582524,0.3555555555555556
4VwcU0ROy5k.005.1.jpg,0.4953271028037384,0.37499999999999994,0.4945054945054945,0.5145631067961165,0.6555555555555556
4VwcU0ROy5k.005.2.jpg,0.4953271028037384,0.37499999999999994,0.4945054945054945,0.5145631067961165,0.6555555555555556
4VwcU0ROy5k.005.3.jpg,0.4953271028037384,0.37499999999999994,0.4945054945054945,0.5145631067961165,0.6555555555555556
4VwcU0ROy5k.005.4.jpg,0.4953271028037384,0.37499999999999994,0.4945054945054945,0.5145631067961165,0.6555555555555556
SFHklR7lWCA.001.1.jpg,0.5514018691588786,0.6666666666666667,0.6923076923076923,0.4854368932038835,0.6777777777777777
SFHklR7lWCA.001.2.jpg,0.5514018691588786,0.6666666666666667,0.6923076923076923,0.4854368932038835,0.6777777777777777
SFHklR7lWCA.001.3.jpg,0.5514018691588786,0.6666666666666667,0.6923076923076923,0.4854368932038835,0.6777777777777777
SFHklR7lWCA.001.4.jpg,0.5514018691588786,0.6666666666666667,0.6923076923076923,0.4854368932038835,0.6777777777777777
Ie2y_yOeKpo.001.1.jpg,0.6822429906542057,0.6458333333333333,0.6813186813186812,0.5533980582524272,0.6666666666666666
Ie2y_yOeKpo.001.2.jpg,0.6822429906542057,0.6458333333333333,0.6813186813186812,0.5533980582524272,0.6666666666666666
Ie2y_yOeKpo.001.3.jpg,0.6822429906542057,0.6458333333333333,0.6813186813186812,0.5533980582524272,0.6666666666666666
Ie2y_yOeKpo.001.4.jpg,0.6822429906542057,0.6458333333333333,0.6813186813186812,0.5533980582524272,0.6666666666666666
i4IVTm3uvoM.003.1.jpg,0.5700934579439253,0.5416666666666666,0.6153846153846153,0.5825242718446602,0.5888888888888889
i4IVTm3uvoM.003.2.jpg,0.5700934579439253,0.5416666666666666,0.6153846153846153,0.5825242718446602,0.5888888888888889
i4IVTm3uvoM.003.3.jpg,0.5700934579439253,0.5416666666666666,0.6153846153846153,0.5825242718446602,0.5888888888888889
i4IVTm3uvoM.003.4.jpg,0.5700934579439253,0.5416666666666666,0.6153846153846153,0.5825242718446602,0.5888888888888889
KVepk_9iPEU.004.1.jpg,0.5140186915887851,0.7708333333333334,0.7472527472527474,0.6699029126213591,0.6666666666666666
KVepk_9iPEU.004.2.jpg,0.5140186915887851,0.7708333333333334,0.7472527472527474,0.6699029126213591,0.6666666666666666
KVepk_9iPEU.004.3.jpg,0.5140186915887851,0.7708333333333334,0.7472527472527474,0.6699029126213591,0.6666666666666666
KVepk_9iPEU.004.4.jpg,0.5140186915887851,0.7708333333333334,0.7472527472527474,0.6699029126213591,0.6666666666666666
B77ZCcCMrkM.001.1.jpg,0.7663551401869159,0.6770833333333334,0.6483516483516484,0.7572815533980582,0.9888888888888887
B77ZCcCMrkM.001.2.jpg,0.7663551401869159,0.6770833333333334,0.6483516483516484,0.7572815533980582,0.9888888888888887
B77ZCcCMrkM.001.3.jpg,0.7663551401869159,0.6770833333333334,0.6483516483516484,0.7572815533980582,0.9888888888888887
B77ZCcCMrkM.001.4.jpg,0.7663551401869159,0.6770833333333334,0.6483516483516484,0.7572815533980582,0.9888888888888887
_7s27dUoYVg.004.1.jpg,0.5794392523364487,0.7291666666666667,0.7802197802197802,0.7572815533980582,0.7333333333333333
_7s27dUoYVg.004.2.jpg,0.5794392523364487,0.7291666666666667,0.7802197802197802,0.7572815533980582,0.7333333333333333
_7s27dUoYVg.004.3.jpg,0.5794392523364487,0.7291666666666667,0.7802197802197802,0.7572815533980582,0.7333333333333333
_7s27dUoYVg.004.4.jpg,0.5794392523364487,0.7291666666666667,0.7802197802197802,0.7572815533980582,0.7333333333333333
a38rz5AIslE.000.1.jpg,0.5420560747663552,0.6666666666666667,0.7472527472527474,0.7087378640776699,0.5333333333333333
a38rz5AIslE.000.2.jpg,0.5420560747663552,0.6666666666666667,0.7472527472527474,0.7087378640776699,0.5333333333333333
a38rz5AIslE.000.3.jpg,0.5420560747663552,0.6666666666666667,0.7472527472527474,0.7087378640776699,0.5333333333333333
a38rz5AIslE.000.4.jpg,0.5420560747663552,0.6666666666666667,0.7472527472527474,0.7087378640776699,0.5333333333333333
xyOq5SL0Evc.005.1.jpg,0.5420560747663552,0.6458333333333333,0.6483516483516484,0.8349514563106796,0.6555555555555556
xyOq5SL0Evc.005.2.jpg,0.5420560747663552,0.6458333333333333,0.6483516483516484,0.8349514563106796,0.6555555555555556
xyOq5SL0Evc.005.3.jpg,0.5420560747663552,0.6458333333333333,0.6483516483516484,0.8349514563106796,0.6555555555555556
xyOq5SL0Evc.005.4.jpg,0.5420560747663552,0.6458333333333333,0.6483516483516484,0.8349514563106796,0.6555555555555556
cOo5N1qblyw.000.1.jpg,0.4672897196261683,0.45833333333333337,0.5164835164835165,0.4466019417475728,0.4222222222222222
cOo5N1qblyw.000.2.jpg,0.4672897196261683,0.45833333333333337,0.5164835164835165,0.4466019417475728,0.4222222222222222
cOo5N1qblyw.000.3.jpg,0.4672897196261683,0.45833333333333337,0.5164835164835165,0.4466019417475728,0.4222222222222222
cOo5N1qblyw.000.4.jpg,0.4672897196261683,0.45833333333333337,0.5164835164835165,0.4466019417475728,0.4222222222222222
AWe6ZZUmlZw.001.1.jpg,0.3271028037383178,0.37499999999999994,0.4615384615384615,0.35922330097087385,0.4222222222222222
AWe6ZZUmlZw.001.2.jpg,0.3271028037383178,0.37499999999999994,0.4615384615384615,0.35922330097087385,0.4222222222222222
AWe6ZZUmlZw.001.3.jpg,0.3271028037383178,0.37499999999999994,0.4615384615384615,0.35922330097087385,0.4222222222222222
AWe6ZZUmlZw.001.4.jpg,0.3271028037383178,0.37499999999999994,0.4615384615384615,0.35922330097087385,0.4222222222222222
0QTR0WiJSNk.004.1.jpg,0.47663551401869164,0.53125,0.5714285714285714,0.6213592233009709,0.5
0QTR0WiJSNk.004.2.jpg,0.47663551401869164,0.53125,0.5714285714285714,0.6213592233009709,0.5
0QTR0WiJSNk.004.3.jpg,0.47663551401869164,0.53125,0.5714285714285714,0.6213592233009709,0.5
0QTR0WiJSNk.004.4.jpg,0.47663551401869164,0.53125,0.5714285714285714,0.6213592233009709,0.5
Pkgi4--hwfo.003.1.jpg,0.5514018691588786,0.6145833333333333,0.4835164835164835,0.6504854368932039,0.5555555555555556
Pkgi4--hwfo.003.2.jpg,0.5514018691588786,0.6145833333333333,0.4835164835164835,0.6504854368932039,0.5555555555555556
Pkgi4--hwfo.003.3.jpg,0.5514018691588786,0.6145833333333333,0.4835164835164835,0.6504854368932039,0.5555555555555556
Pkgi4--hwfo.003.4.jpg,0.5514018691588786,0.6145833333333333,0.4835164835164835,0.6504854368932039,0.5555555555555556
VhHnmeRABJw.001.1.jpg,0.588785046728972,0.6354166666666666,0.5824175824175825,0.7378640776699029,0.5666666666666667
VhHnmeRABJw.001.2.jpg,0.588785046728972,0.6354166666666666,0.5824175824175825,0.7378640776699029,0.5666666666666667
VhHnmeRABJw.001.3.jpg,0.588785046728972,0.6354166666666666,0.5824175824175825,0.7378640776699029,0.5666666666666667
VhHnmeRABJw.001.4.jpg,0.588785046728972,0.6354166666666666,0.5824175824175825,0.7378640776699029,0.5666666666666667
ua5c716lu5s.000.1.jpg,0.6822429906542057,0.4791666666666667,0.835164835164835,0.6019417475728155,0.5777777777777777
ua5c716lu5s.000.2.jpg,0.6822429906542057,0.4791666666666667,0.835164835164835,0.6019417475728155,0.5777777777777777
ua5c716lu5s.000.3.jpg,0.6822429906542057,0.4791666666666667,0.835164835164835,0.6019417475728155,0.5777777777777777
ua5c716lu5s.000.4.jpg,0.6822429906542057,0.4791666666666667,0.835164835164835,0.6019417475728155,0.5777777777777777
WER4ww680QQ.002.1.jpg,0.5514018691588786,0.4791666666666667,0.6703296703296703,0.3495145631067961,0.7666666666666666
WER4ww680QQ.002.2.jpg,0.5514018691588786,0.4791666666666667,0.6703296703296703,0.3495145631067961,0.7666666666666666
WER4ww680QQ.002.3.jpg,0.5514018691588786,0.4791666666666667,0.6703296703296703,0.3495145631067961,0.7666666666666666
WER4ww680QQ.002.4.jpg,0.5514018691588786,0.4791666666666667,0.6703296703296703,0.3495145631067961,0.7666666666666666
-N6QKrbnaDs.002.1.jpg,0.4485981308411215,0.37499999999999994,0.3516483516483516,0.3495145631067961,0.5777777777777777
-N6QKrbnaDs.002.2.jpg,0.4485981308411215,0.37499999999999994,0.3516483516483516,0.3495145631067961,0.5777777777777777
-N6QKrbnaDs.002.3.jpg,0.4485981308411215,0.37499999999999994,0.3516483516483516,0.3495145631067961,0.5777777777777777
-N6QKrbnaDs.002.4.jpg,0.4485981308411215,0.37499999999999994,0.3516483516483516,0.3495145631067961,0.5777777777777777
NoHext7JXYU.004.1.jpg,0.5514018691588786,0.42708333333333337,0.5824175824175825,0.47572815533980584,0.4888888888888889
NoHext7JXYU.004.2.jpg,0.5514018691588786,0.42708333333333337,0.5824175824175825,0.47572815533980584,0.4888888888888889
NoHext7JXYU.004.3.jpg,0.5514018691588786,0.42708333333333337,0.5824175824175825,0.47572815533980584,0.4888888888888889
NoHext7JXYU.004.4.jpg,0.5514018691588786,0.42708333333333337,0.5824175824175825,0.47572815533980584,0.4888888888888889
wr4dP9MuHME.000.1.jpg,0.4672897196261683,0.625,0.6153846153846153,0.5242718446601942,0.6333333333333333
wr4dP9MuHME.000.2.jpg,0.4672897196261683,0.625,0.6153846153846153,0.5242718446601942,0.6333333333333333
wr4dP9MuHME.000.3.jpg,0.4672897196261683,0.625,0.6153846153846153,0.5242718446601942,0.6333333333333333
wr4dP9MuHME.000.4.jpg,0.4672897196261683,0.625,0.6153846153846153,0.5242718446601942,0.6333333333333333
FGkS4vJYOpM.005.1.jpg,0.4018691588785047,0.4895833333333333,0.3846153846153846,0.5728155339805825,0.5111111111111111
FGkS4vJYOpM.005.2.jpg,0.4018691588785047,0.4895833333333333,0.3846153846153846,0.5728155339805825,0.5111111111111111
FGkS4vJYOpM.005.3.jpg,0.4018691588785047,0.4895833333333333,0.3846153846153846,0.5728155339805825,0.5111111111111111
FGkS4vJYOpM.005.4.jpg,0.4018691588785047,0.4895833333333333,0.3846153846153846,0.5728155339805825,0.5111111111111111
xsLvl2qGrxU.005.1.jpg,0.6728971962616823,0.6145833333333333,0.5934065934065933,0.6310679611650486,0.6
xsLvl2qGrxU.005.2.jpg,0.6728971962616823,0.6145833333333333,0.5934065934065933,0.6310679611650486,0.6
xsLvl2qGrxU.005.3.jpg,0.6728971962616823,0.6145833333333333,0.5934065934065933,0.6310679611650486,0.6
xsLvl2qGrxU.005.4.jpg,0.6728971962616823,0.6145833333333333,0.5934065934065933,0.6310679611650486,0.6
-BDSWZIF-WY.000.1.jpg,0.48598130841121495,0.4479166666666667,0.5274725274725275,0.4466019417475728,0.5
-BDSWZIF-WY.000.2.jpg,0.48598130841121495,0.4479166666666667,0.5274725274725275,0.4466019417475728,0.5
-BDSWZIF-WY.000.3.jpg,0.48598130841121495,0.4479166666666667,0.5274725274725275,0.4466019417475728,0.5
-BDSWZIF-WY.000.4.jpg,0.48598130841121495,0.4479166666666667,0.5274725274725275,0.4466019417475728,0.5
jTkEWnuDnbA.005.1.jpg,0.39252336448598135,0.42708333333333337,0.25274725274725274,0.47572815533980584,0.6555555555555556
jTkEWnuDnbA.005.2.jpg,0.39252336448598135,0.42708333333333337,0.25274725274725274,0.47572815533980584,0.6555555555555556
jTkEWnuDnbA.005.3.jpg,0.39252336448598135,0.42708333333333337,0.25274725274725274,0.47572815533980584,0.6555555555555556
jTkEWnuDnbA.005.4.jpg,0.39252336448598135,0.42708333333333337,0.25274725274725274,0.47572815533980584,0.6555555555555556
4kIHxR6s1L4.000.1.jpg,0.7102803738317757,0.8333333333333334,0.835164835164835,0.6893203883495147,0.9666666666666666
4kIHxR6s1L4.000.2.jpg,0.7102803738317757,0.8333333333333334,0.835164835164835,0.6893203883495147,0.9666666666666666
4kIHxR6s1L4.000.3.jpg,0.7102803738317757,0.8333333333333334,0.835164835164835,0.6893203883495147,0.9666666666666666
4kIHxR6s1L4.000.4.jpg,0.7102803738317757,0.8333333333333334,0.835164835164835,0.6893203883495147,0.9666666666666666
8Z6PrQdqffA.000.1.jpg,0.4018691588785047,0.4375,0.3956043956043956,0.4466019417475728,0.4666666666666667
8Z6PrQdqffA.000.2.jpg,0.4018691588785047,0.4375,0.3956043956043956,0.4466019417475728,0.4666666666666667
8Z6PrQdqffA.000.3.jpg,0.4018691588785047,0.4375,0.3956043956043956,0.4466019417475728,0.4666666666666667
8Z6PrQdqffA.000.4.jpg,0.4018691588785047,0.4375,0.3956043956043956,0.4466019417475728,0.4666666666666667
2c42A4Z7qPE.002.1.jpg,0.663551401869159,0.6666666666666667,0.6703296703296703,0.6796116504854369,0.7222222222222221
2c42A4Z7qPE.002.2.jpg,0.663551401869159,0.6666666666666667,0.6703296703296703,0.6796116504854369,0.7222222222222221
2c42A4Z7qPE.002.3.jpg,0.663551401869159,0.6666666666666667,0.6703296703296703,0.6796116504854369,0.7222222222222221
2c42A4Z7qPE.002.4.jpg,0.663551401869159,0.6666666666666667,0.6703296703296703,0.6796116504854369,0.7222222222222221
9o10YrQykMk.005.1.jpg,0.4953271028037384,0.59375,0.6153846153846153,0.6213592233009709,0.5333333333333333
9o10YrQykMk.005.2.jpg,0.4953271028037384,0.59375,0.6153846153846153,0.6213592233009709,0.5333333333333333
9o10YrQykMk.005.3.jpg,0.4953271028037384,0.59375,0.6153846153846153,0.6213592233009709,0.5333333333333333
9o10YrQykMk.005.4.jpg,0.4953271028037384,0.59375,0.6153846153846153,0.6213592233009709,0.5333333333333333
mFz5Fbs97QA.001.1.jpg,0.4299065420560748,0.3645833333333333,0.4065934065934066,0.5825242718446602,0.33333333333333337
mFz5Fbs97QA.001.2.jpg,0.4299065420560748,0.3645833333333333,0.4065934065934066,0.5825242718446602,0.33333333333333337
mFz5Fbs97QA.001.3.jpg,0.4299065420560748,0.3645833333333333,0.4065934065934066,0.5825242718446602,0.33333333333333337
mFz5Fbs97QA.001.4.jpg,0.4299065420560748,0.3645833333333333,0.4065934065934066,0.5825242718446602,0.33333333333333337
_2DSmy36OEM.000.1.jpg,0.39252336448598135,0.35416666666666663,0.5054945054945055,0.4466019417475728,0.45555555555555555
_2DSmy36OEM.000.2.jpg,0.39252336448598135,0.35416666666666663,0.5054945054945055,0.4466019417475728,0.45555555555555555
_2DSmy36OEM.000.3.jpg,0.39252336448598135,0.35416666666666663,0.5054945054945055,0.4466019417475728,0.45555555555555555
_2DSmy36OEM.000.4.jpg,0.39252336448598135,0.35416666666666663,0.5054945054945055,0.4466019417475728,0.45555555555555555
84emxO86qa8.004.1.jpg,0.7476635514018694,0.7083333333333334,0.824175824175824,0.912621359223301,0.8444444444444444
84emxO86qa8.004.2.jpg,0.7476635514018694,0.7083333333333334,0.824175824175824,0.912621359223301,0.8444444444444444
84emxO86qa8.004.3.jpg,0.7476635514018694,0.7083333333333334,0.824175824175824,0.912621359223301,0.8444444444444444
84emxO86qa8.004.4.jpg,0.7476635514018694,0.7083333333333334,0.824175824175824,0.912621359223301,0.8444444444444444
7IegDaeNlik.004.1.jpg,0.4953271028037384,0.40625000000000006,0.5824175824175825,0.4077669902912622,0.4666666666666667
7IegDaeNlik.004.2.jpg,0.4953271028037384,0.40625000000000006,0.5824175824175825,0.4077669902912622,0.4666666666666667
7IegDaeNlik.004.3.jpg,0.4953271028037384,0.40625000000000006,0.5824175824175825,0.4077669902912622,0.4666666666666667
7IegDaeNlik.004.4.jpg,0.4953271028037384,0.40625000000000006,0.5824175824175825,0.4077669902912622,0.4666666666666667
RsYSOFRFszk.003.1.jpg,0.36448598130841126,0.34374999999999994,0.5274725274725275,0.4077669902912622,0.5
RsYSOFRFszk.003.2.jpg,0.36448598130841126,0.34374999999999994,0.5274725274725275,0.4077669902912622,0.5
RsYSOFRFszk.003.3.jpg,0.36448598130841126,0.34374999999999994,0.5274725274725275,0.4077669902912622,0.5
RsYSOFRFszk.003.4.jpg,0.36448598130841126,0.34374999999999994,0.5274725274725275,0.4077669902912622,0.5
XakgMBMmtMQ.003.1.jpg,0.28037383177570097,0.17708333333333331,0.3516483516483516,0.2038834951456311,0.4222222222222222
XakgMBMmtMQ.003.2.jpg,0.28037383177570097,0.17708333333333331,0.3516483516483516,0.2038834951456311,0.4222222222222222
XakgMBMmtMQ.003.3.jpg,0.28037383177570097,0.17708333333333331,0.3516483516483516,0.2038834951456311,0.4222222222222222
XakgMBMmtMQ.003.4.jpg,0.28037383177570097,0.17708333333333331,0.3516483516483516,0.2038834951456311,0.4222222222222222
50gokPvvMs8.003.1.jpg,0.3177570093457944,0.2708333333333333,0.3956043956043956,0.6990291262135921,0.45555555555555555
50gokPvvMs8.003.2.jpg,0.3177570093457944,0.2708333333333333,0.3956043956043956,0.6990291262135921,0.45555555555555555
50gokPvvMs8.003.3.jpg,0.3177570093457944,0.2708333333333333,0.3956043956043956,0.6990291262135921,0.45555555555555555
50gokPvvMs8.003.4.jpg,0.3177570093457944,0.2708333333333333,0.3956043956043956,0.6990291262135921,0.45555555555555555
xA2OJtxFoeg.002.1.jpg,0.37383177570093457,0.5729166666666666,0.6373626373626373,0.4077669902912622,0.4777777777777778
xA2OJtxFoeg.002.2.jpg,0.37383177570093457,0.5729166666666666,0.6373626373626373,0.4077669902912622,0.4777777777777778
xA2OJtxFoeg.002.3.jpg,0.37383177570093457,0.5729166666666666,0.6373626373626373,0.4077669902912622,0.4777777777777778
xA2OJtxFoeg.002.4.jpg,0.37383177570093457,0.5729166666666666,0.6373626373626373,0.4077669902912622,0.4777777777777778
vUKex2msIEU.000.1.jpg,0.38317757009345793,0.42708333333333337,0.5824175824175825,0.6990291262135921,0.6333333333333333
vUKex2msIEU.000.2.jpg,0.38317757009345793,0.42708333333333337,0.5824175824175825,0.6990291262135921,0.6333333333333333
vUKex2msIEU.000.3.jpg,0.38317757009345793,0.42708333333333337,0.5824175824175825,0.6990291262135921,0.6333333333333333
vUKex2msIEU.000.4.jpg,0.38317757009345793,0.42708333333333337,0.5824175824175825,0.6990291262135921,0.6333333333333333
0ObEtA6Q8vU.004.1.jpg,0.6261682242990655,0.6979166666666666,0.6593406593406592,0.5048543689320388,0.611111111111111
0ObEtA6Q8vU.004.2.jpg,0.6261682242990655,0.6979166666666666,0.6593406593406592,0.5048543689320388,0.611111111111111
0ObEtA6Q8vU.004.3.jpg,0.6261682242990655,0.6979166666666666,0.6593406593406592,0.5048543689320388,0.611111111111111
0ObEtA6Q8vU.004.4.jpg,0.6261682242990655,0.6979166666666666,0.6593406593406592,0.5048543689320388,0.611111111111111
lnawWqnGpMc.001.1.jpg,0.2710280373831776,0.3645833333333333,0.31868131868131866,0.30097087378640774,0.4222222222222222
lnawWqnGpMc.001.2.jpg,0.2710280373831776,0.3645833333333333,0.31868131868131866,0.30097087378640774,0.4222222222222222
lnawWqnGpMc.001.3.jpg,0.2710280373831776,0.3645833333333333,0.31868131868131866,0.30097087378640774,0.4222222222222222
lnawWqnGpMc.001.4.jpg,0.2710280373831776,0.3645833333333333,0.31868131868131866,0.30097087378640774,0.4222222222222222
bTLTLzXehPE.000.1.jpg,0.5514018691588786,0.4166666666666667,0.6703296703296703,0.33980582524271846,0.6333333333333333
bTLTLzXehPE.000.2.jpg,0.5514018691588786,0.4166666666666667,0.6703296703296703,0.33980582524271846,0.6333333333333333
bTLTLzXehPE.000.3.jpg,0.5514018691588786,0.4166666666666667,0.6703296703296703,0.33980582524271846,0.6333333333333333
bTLTLzXehPE.000.4.jpg,0.5514018691588786,0.4166666666666667,0.6703296703296703,0.33980582524271846,0.6333333333333333
kSk-rf7a1Ig.004.1.jpg,0.30841121495327106,0.4166666666666667,0.4835164835164835,0.5631067961165048,0.4777777777777778
kSk-rf7a1Ig.004.2.jpg,0.30841121495327106,0.4166666666666667,0.4835164835164835,0.5631067961165048,0.4777777777777778
kSk-rf7a1Ig.004.3.jpg,0.30841121495327106,0.4166666666666667,0.4835164835164835,0.5631067961165048,0.4777777777777778
kSk-rf7a1Ig.004.4.jpg,0.30841121495327106,0.4166666666666667,0.4835164835164835,0.5631067961165048,0.4777777777777778
fk_ggmC872E.005.1.jpg,0.5233644859813085,0.6354166666666666,0.6153846153846153,0.5339805825242718,0.8555555555555554
fk_ggmC872E.005.2.jpg,0.5233644859813085,0.6354166666666666,0.6153846153846153,0.5339805825242718,0.8555555555555554
fk_ggmC872E.005.3.jpg,0.5233644859813085,0.6354166666666666,0.6153846153846153,0.5339805825242718,0.8555555555555554
fk_ggmC872E.005.4.jpg,0.5233644859813085,0.6354166666666666,0.6153846153846153,0.5339805825242718,0.8555555555555554
7fOxteINSUg.005.1.jpg,0.19626168224299068,0.1458333333333333,0.32967032967032966,0.2038834951456311,0.24444444444444444
7fOxteINSUg.005.2.jpg,0.19626168224299068,0.1458333333333333,0.32967032967032966,0.2038834951456311,0.24444444444444444
7fOxteINSUg.005.3.jpg,0.19626168224299068,0.1458333333333333,0.32967032967032966,0.2038834951456311,0.24444444444444444
7fOxteINSUg.005.4.jpg,0.19626168224299068,0.1458333333333333,0.32967032967032966,0.2038834951456311,0.24444444444444444
-DOqN0d8KHw.001.1.jpg,0.4579439252336449,0.5416666666666666,0.5494505494505494,0.5048543689320388,0.5666666666666667
-DOqN0d8KHw.001.2.jpg,0.4579439252336449,0.5416666666666666,0.5494505494505494,0.5048543689320388,0.5666666666666667
-DOqN0d8KHw.001.3.jpg,0.4579439252336449,0.5416666666666666,0.5494505494505494,0.5048543689320388,0.5666666666666667
-DOqN0d8KHw.001.4.jpg,0.4579439252336449,0.5416666666666666,0.5494505494505494,0.5048543689320388,0.5666666666666667
lNG_XdqMf0g.001.1.jpg,0.7289719626168225,0.6770833333333334,0.7142857142857143,0.6990291262135921,0.7222222222222221
lNG_XdqMf0g.001.2.jpg,0.7289719626168225,0.6770833333333334,0.7142857142857143,0.6990291262135921,0.7222222222222221
lNG_XdqMf0g.001.3.jpg,0.7289719626168225,0.6770833333333334,0.7142857142857143,0.6990291262135921,0.7222222222222221
lNG_XdqMf0g.001.4.jpg,0.7289719626168225,0.6770833333333334,0.7142857142857143,0.6990291262135921,0.7222222222222221
PReOtefm17s.001.1.jpg,0.5420560747663552,0.5625,0.5824175824175825,0.3980582524271845,0.5444444444444444
PReOtefm17s.001.2.jpg,0.5420560747663552,0.5625,0.5824175824175825,0.3980582524271845,0.5444444444444444
PReOtefm17s.001.3.jpg,0.5420560747663552,0.5625,0.5824175824175825,0.3980582524271845,0.5444444444444444
PReOtefm17s.001.4.jpg,0.5420560747663552,0.5625,0.5824175824175825,0.3980582524271845,0.5444444444444444
EYhvnALhXt8.002.1.jpg,0.29906542056074764,0.45833333333333337,0.4615384615384615,0.6796116504854369,0.5222222222222223
EYhvnALhXt8.002.2.jpg,0.29906542056074764,0.45833333333333337,0.4615384615384615,0.6796116504854369,0.5222222222222223
EYhvnALhXt8.002.3.jpg,0.29906542056074764,0.45833333333333337,0.4615384615384615,0.6796116504854369,0.5222222222222223
EYhvnALhXt8.002.4.jpg,0.29906542056074764,0.45833333333333337,0.4615384615384615,0.6796116504854369,0.5222222222222223
WfCSCxADlrg.000.1.jpg,0.29906542056074764,0.4166666666666667,0.4505494505494505,0.3203883495145631,0.5
WfCSCxADlrg.000.2.jpg,0.29906542056074764,0.4166666666666667,0.4505494505494505,0.3203883495145631,0.5
WfCSCxADlrg.000.3.jpg,0.29906542056074764,0.4166666666666667,0.4505494505494505,0.3203883495145631,0.5
WfCSCxADlrg.000.4.jpg,0.29906542056074764,0.4166666666666667,0.4505494505494505,0.3203883495145631,0.5
m0tNIKbEwHE.005.1.jpg,0.7102803738317757,0.6770833333333334,0.6263736263736264,0.7281553398058251,0.7444444444444444
m0tNIKbEwHE.005.2.jpg,0.7102803738317757,0.6770833333333334,0.6263736263736264,0.7281553398058251,0.7444444444444444
m0tNIKbEwHE.005.3.jpg,0.7102803738317757,0.6770833333333334,0.6263736263736264,0.7281553398058251,0.7444444444444444
m0tNIKbEwHE.005.4.jpg,0.7102803738317757,0.6770833333333334,0.6263736263736264,0.7281553398058251,0.7444444444444444
8QtlG5ujHyc.003.1.jpg,0.6261682242990655,0.7083333333333334,0.5494505494505494,0.4854368932038835,0.7
8QtlG5ujHyc.003.2.jpg,0.6261682242990655,0.7083333333333334,0.5494505494505494,0.4854368932038835,0.7
8QtlG5ujHyc.003.3.jpg,0.6261682242990655,0.7083333333333334,0.5494505494505494,0.4854368932038835,0.7
8QtlG5ujHyc.003.4.jpg,0.6261682242990655,0.7083333333333334,0.5494505494505494,0.4854368932038835,0.7
kvNiQ7LVQnY.000.1.jpg,0.663551401869159,0.59375,0.7362637362637363,0.6796116504854369,0.6
kvNiQ7LVQnY.000.2.jpg,0.663551401869159,0.59375,0.7362637362637363,0.6796116504854369,0.6
kvNiQ7LVQnY.000.3.jpg,0.663551401869159,0.59375,0.7362637362637363,0.6796116504854369,0.6
kvNiQ7LVQnY.000.4.jpg,0.663551401869159,0.59375,0.7362637362637363,0.6796116504854369,0.6
DzqJmiQjsZ4.001.1.jpg,0.6728971962616823,0.6145833333333333,0.5824175824175825,0.5631067961165048,0.6444444444444444
DzqJmiQjsZ4.001.2.jpg,0.6728971962616823,0.6145833333333333,0.5824175824175825,0.5631067961165048,0.6444444444444444
DzqJmiQjsZ4.001.3.jpg,0.6728971962616823,0.6145833333333333,0.5824175824175825,0.5631067961165048,0.6444444444444444
DzqJmiQjsZ4.001.4.jpg,0.6728971962616823,0.6145833333333333,0.5824175824175825,0.5631067961165048,0.6444444444444444
r1YAW67aevY.004.1.jpg,0.19626168224299068,0.1666666666666666,0.3406593406593406,0.24271844660194175,0.26666666666666666
r1YAW67aevY.004.2.jpg,0.19626168224299068,0.1666666666666666,0.3406593406593406,0.24271844660194175,0.26666666666666666
r1YAW67aevY.004.3.jpg,0.19626168224299068,0.1666666666666666,0.3406593406593406,0.24271844660194175,0.26666666666666666
r1YAW67aevY.004.4.jpg,0.19626168224299068,0.1666666666666666,0.3406593406593406,0.24271844660194175,0.26666666666666666
phjVMKGYBKs.000.1.jpg,0.5794392523364487,0.6666666666666667,0.5494505494505494,0.7378640776699029,0.711111111111111
phjVMKGYBKs.000.2.jpg,0.5794392523364487,0.6666666666666667,0.5494505494505494,0.7378640776699029,0.711111111111111
phjVMKGYBKs.000.3.jpg,0.5794392523364487,0.6666666666666667,0.5494505494505494,0.7378640776699029,0.711111111111111
phjVMKGYBKs.000.4.jpg,0.5794392523364487,0.6666666666666667,0.5494505494505494,0.7378640776699029,0.711111111111111
Gtq5nfRlRx8.003.1.jpg,0.4953271028037384,0.5416666666666666,0.4505494505494505,0.5825242718446602,0.6
Gtq5nfRlRx8.003.2.jpg,0.4953271028037384,0.5416666666666666,0.4505494505494505,0.5825242718446602,0.6
Gtq5nfRlRx8.003.3.jpg,0.4953271028037384,0.5416666666666666,0.4505494505494505,0.5825242718446602,0.6
Gtq5nfRlRx8.003.4.jpg,0.4953271028037384,0.5416666666666666,0.4505494505494505,0.5825242718446602,0.6
1izSTcQI7H4.005.1.jpg,0.4112149532710281,0.625,0.6813186813186812,0.6504854368932039,0.6222222222222222
1izSTcQI7H4.005.2.jpg,0.4112149532710281,0.625,0.6813186813186812,0.6504854368932039,0.6222222222222222
1izSTcQI7H4.005.3.jpg,0.4112149532710281,0.625,0.6813186813186812,0.6504854368932039,0.6222222222222222
1izSTcQI7H4.005.4.jpg,0.4112149532710281,0.625,0.6813186813186812,0.6504854368932039,0.6222222222222222
g0Zlp-F6Z6E.005.1.jpg,0.48598130841121495,0.6041666666666666,0.4175824175824176,0.6699029126213591,0.7666666666666666
g0Zlp-F6Z6E.005.2.jpg,0.48598130841121495,0.6041666666666666,0.4175824175824176,0.6699029126213591,0.7666666666666666
g0Zlp-F6Z6E.005.3.jpg,0.48598130841121495,0.6041666666666666,0.4175824175824176,0.6699029126213591,0.7666666666666666
g0Zlp-F6Z6E.005.4.jpg,0.48598130841121495,0.6041666666666666,0.4175824175824176,0.6699029126213591,0.7666666666666666
8RVJqjILSD0.005.1.jpg,0.5514018691588786,0.35416666666666663,0.7142857142857143,0.5533980582524272,0.5222222222222223
8RVJqjILSD0.005.2.jpg,0.5514018691588786,0.35416666666666663,0.7142857142857143,0.5533980582524272,0.5222222222222223
8RVJqjILSD0.005.3.jpg,0.5514018691588786,0.35416666666666663,0.7142857142857143,0.5533980582524272,0.5222222222222223
8RVJqjILSD0.005.4.jpg,0.5514018691588786,0.35416666666666663,0.7142857142857143,0.5533980582524272,0.5222222222222223
l3RE0rN7oEg.004.1.jpg,0.8691588785046729,0.8541666666666667,0.7802197802197802,0.7864077669902914,0.7888888888888888
l3RE0rN7oEg.004.2.jpg,0.8691588785046729,0.8541666666666667,0.7802197802197802,0.7864077669902914,0.7888888888888888
l3RE0rN7oEg.004.3.jpg,0.8691588785046729,0.8541666666666667,0.7802197802197802,0.7864077669902914,0.7888888888888888
l3RE0rN7oEg.004.4.jpg,0.8691588785046729,0.8541666666666667,0.7802197802197802,0.7864077669902914,0.7888888888888888
LCafv-LfC3Y.002.1.jpg,0.4953271028037384,0.5104166666666666,0.6263736263736264,0.5339805825242718,0.5333333333333333
LCafv-LfC3Y.002.2.jpg,0.4953271028037384,0.5104166666666666,0.6263736263736264,0.5339805825242718,0.5333333333333333
LCafv-LfC3Y.002.3.jpg,0.4953271028037384,0.5104166666666666,0.6263736263736264,0.5339805825242718,0.5333333333333333
LCafv-LfC3Y.002.4.jpg,0.4953271028037384,0.5104166666666666,0.6263736263736264,0.5339805825242718,0.5333333333333333
hjQpiGBO1Ao.000.1.jpg,0.36448598130841126,0.3854166666666667,0.4725274725274725,0.4563106796116505,0.4666666666666667
hjQpiGBO1Ao.000.2.jpg,0.36448598130841126,0.3854166666666667,0.4725274725274725,0.4563106796116505,0.4666666666666667
hjQpiGBO1Ao.000.3.jpg,0.36448598130841126,0.3854166666666667,0.4725274725274725,0.4563106796116505,0.4666666666666667
hjQpiGBO1Ao.000.4.jpg,0.36448598130841126,0.3854166666666667,0.4725274725274725,0.4563106796116505,0.4666666666666667
L9sG80PI1Gw.002.1.jpg,0.5607476635514019,0.6145833333333333,0.7362637362637363,0.5339805825242718,0.7
L9sG80PI1Gw.002.2.jpg,0.5607476635514019,0.6145833333333333,0.7362637362637363,0.5339805825242718,0.7
L9sG80PI1Gw.002.3.jpg,0.5607476635514019,0.6145833333333333,0.7362637362637363,0.5339805825242718,0.7
L9sG80PI1Gw.002.4.jpg,0.5607476635514019,0.6145833333333333,0.7362637362637363,0.5339805825242718,0.7
FkuwzJcoRVI.002.1.jpg,0.4485981308411215,0.4375,0.4065934065934066,0.5533980582524272,0.5111111111111111
FkuwzJcoRVI.002.2.jpg,0.4485981308411215,0.4375,0.4065934065934066,0.5533980582524272,0.5111111111111111
FkuwzJcoRVI.002.3.jpg,0.4485981308411215,0.4375,0.4065934065934066,0.5533980582524272,0.5111111111111111
FkuwzJcoRVI.002.4.jpg,0.4485981308411215,0.4375,0.4065934065934066,0.5533980582524272,0.5111111111111111
AZj2VoCcayA.002.1.jpg,0.3457943925233645,0.3645833333333333,0.4395604395604395,0.4466019417475728,0.41111111111111115
AZj2VoCcayA.002.2.jpg,0.3457943925233645,0.3645833333333333,0.4395604395604395,0.4466019417475728,0.41111111111111115
AZj2VoCcayA.002.3.jpg,0.3457943925233645,0.3645833333333333,0.4395604395604395,0.4466019417475728,0.41111111111111115
AZj2VoCcayA.002.4.jpg,0.3457943925233645,0.3645833333333333,0.4395604395604395,0.4466019417475728,0.41111111111111115
WTzDOt2GO1M.000.1.jpg,0.2710280373831776,0.28125,0.3956043956043956,0.2912621359223301,0.4222222222222222
WTzDOt2GO1M.000.2.jpg,0.2710280373831776,0.28125,0.3956043956043956,0.2912621359223301,0.4222222222222222
WTzDOt2GO1M.000.3.jpg,0.2710280373831776,0.28125,0.3956043956043956,0.2912621359223301,0.4222222222222222
WTzDOt2GO1M.000.4.jpg,0.2710280373831776,0.28125,0.3956043956043956,0.2912621359223301,0.4222222222222222
Ep2F3e1xiPc.000.1.jpg,0.7757009345794394,0.7500000000000001,0.6373626373626373,0.6213592233009709,0.8555555555555554
Ep2F3e1xiPc.000.2.jpg,0.7757009345794394,0.7500000000000001,0.6373626373626373,0.6213592233009709,0.8555555555555554
Ep2F3e1xiPc.000.3.jpg,0.7757009345794394,0.7500000000000001,0.6373626373626373,0.6213592233009709,0.8555555555555554
Ep2F3e1xiPc.000.4.jpg,0.7757009345794394,0.7500000000000001,0.6373626373626373,0.6213592233009709,0.8555555555555554
VQMizni7nY0.002.1.jpg,0.3271028037383178,0.4479166666666667,0.4835164835164835,0.3495145631067961,0.5333333333333333
VQMizni7nY0.002.2.jpg,0.3271028037383178,0.4479166666666667,0.4835164835164835,0.3495145631067961,0.5333333333333333
VQMizni7nY0.002.3.jpg,0.3271028037383178,0.4479166666666667,0.4835164835164835,0.3495145631067961,0.5333333333333333
VQMizni7nY0.002.4.jpg,0.3271028037383178,0.4479166666666667,0.4835164835164835,0.3495145631067961,0.5333333333333333
wBCSJVBr4ZE.003.1.jpg,0.4579439252336449,0.5416666666666666,0.7362637362637363,0.5631067961165048,0.43333333333333335
wBCSJVBr4ZE.003.2.jpg,0.4579439252336449,0.5416666666666666,0.7362637362637363,0.5631067961165048,0.43333333333333335
wBCSJVBr4ZE.003.3.jpg,0.4579439252336449,0.5416666666666666,0.7362637362637363,0.5631067961165048,0.43333333333333335
wBCSJVBr4ZE.003.4.jpg,0.4579439252336449,0.5416666666666666,0.7362637362637363,0.5631067961165048,0.43333333333333335
5lqg3tAI9H0.004.1.jpg,0.30841121495327106,0.3020833333333333,0.2857142857142857,0.3495145631067961,0.3555555555555556
5lqg3tAI9H0.004.2.jpg,0.30841121495327106,0.3020833333333333,0.2857142857142857,0.3495145631067961,0.3555555555555556
5lqg3tAI9H0.004.3.jpg,0.30841121495327106,0.3020833333333333,0.2857142857142857,0.3495145631067961,0.3555555555555556
5lqg3tAI9H0.004.4.jpg,0.30841121495327106,0.3020833333333333,0.2857142857142857,0.3495145631067961,0.3555555555555556
qD15qWMepxU.002.1.jpg,0.4485981308411215,0.5625,0.5714285714285714,0.4174757281553398,0.5777777777777777
qD15qWMepxU.002.2.jpg,0.4485981308411215,0.5625,0.5714285714285714,0.4174757281553398,0.5777777777777777
qD15qWMepxU.002.3.jpg,0.4485981308411215,0.5625,0.5714285714285714,0.4174757281553398,0.5777777777777777
qD15qWMepxU.002.4.jpg,0.4485981308411215,0.5625,0.5714285714285714,0.4174757281553398,0.5777777777777777
fBcc1UMtZME.002.1.jpg,0.4485981308411215,0.45833333333333337,0.5054945054945055,0.4174757281553398,0.4888888888888889
fBcc1UMtZME.002.2.jpg,0.4485981308411215,0.45833333333333337,0.5054945054945055,0.4174757281553398,0.4888888888888889
fBcc1UMtZME.002.3.jpg,0.4485981308411215,0.45833333333333337,0.5054945054945055,0.4174757281553398,0.4888888888888889
fBcc1UMtZME.002.4.jpg,0.4485981308411215,0.45833333333333337,0.5054945054945055,0.4174757281553398,0.4888888888888889
DefePa0_6Sg.000.1.jpg,0.17757009345794392,0.07291666666666664,0.13186813186813184,0.30097087378640774,0.22222222222222224
DefePa0_6Sg.000.2.jpg,0.17757009345794392,0.07291666666666664,0.13186813186813184,0.30097087378640774,0.22222222222222224
DefePa0_6Sg.000.3.jpg,0.17757009345794392,0.07291666666666664,0.13186813186813184,0.30097087378640774,0.22222222222222224
DefePa0_6Sg.000.4.jpg,0.17757009345794392,0.07291666666666664,0.13186813186813184,0.30097087378640774,0.22222222222222224
o6JCQlOC3oE.004.1.jpg,0.20560747663551404,0.35416666666666663,0.4285714285714285,0.23300970873786406,0.4444444444444445
o6JCQlOC3oE.004.2.jpg,0.20560747663551404,0.35416666666666663,0.4285714285714285,0.23300970873786406,0.4444444444444445
o6JCQlOC3oE.004.3.jpg,0.20560747663551404,0.35416666666666663,0.4285714285714285,0.23300970873786406,0.4444444444444445
o6JCQlOC3oE.004.4.jpg,0.20560747663551404,0.35416666666666663,0.4285714285714285,0.23300970873786406,0.4444444444444445
XpY-cxkbYdo.005.1.jpg,0.37383177570093457,0.3125,0.4285714285714285,0.18446601941747573,0.5222222222222223
XpY-cxkbYdo.005.2.jpg,0.37383177570093457,0.3125,0.4285714285714285,0.18446601941747573,0.5222222222222223
XpY-cxkbYdo.005.3.jpg,0.37383177570093457,0.3125,0.4285714285714285,0.18446601941747573,0.5222222222222223
XpY-cxkbYdo.005.4.jpg,0.37383177570093457,0.3125,0.4285714285714285,0.18446601941747573,0.5222222222222223
LGPm8ok6kVo.005.1.jpg,0.5327102803738318,0.625,0.4725274725274725,0.6310679611650486,0.6555555555555556
LGPm8ok6kVo.005.2.jpg,0.5327102803738318,0.625,0.4725274725274725,0.6310679611650486,0.6555555555555556
LGPm8ok6kVo.005.3.jpg,0.5327102803738318,0.625,0.4725274725274725,0.6310679611650486,0.6555555555555556
LGPm8ok6kVo.005.4.jpg,0.5327102803738318,0.625,0.4725274725274725,0.6310679611650486,0.6555555555555556
Kv0kZgqZEM0.000.1.jpg,0.35514018691588783,0.4791666666666667,0.5714285714285714,0.47572815533980584,0.4
Kv0kZgqZEM0.000.2.jpg,0.35514018691588783,0.4791666666666667,0.5714285714285714,0.47572815533980584,0.4
Kv0kZgqZEM0.000.3.jpg,0.35514018691588783,0.4791666666666667,0.5714285714285714,0.47572815533980584,0.4
Kv0kZgqZEM0.000.4.jpg,0.35514018691588783,0.4791666666666667,0.5714285714285714,0.47572815533980584,0.4
nlIrqbcvqLk.002.1.jpg,0.3271028037383178,0.5416666666666666,0.5054945054945055,0.5048543689320388,0.5
nlIrqbcvqLk.002.2.jpg,0.3271028037383178,0.5416666666666666,0.5054945054945055,0.5048543689320388,0.5
nlIrqbcvqLk.002.3.jpg,0.3271028037383178,0.5416666666666666,0.5054945054945055,0.5048543689320388,0.5
nlIrqbcvqLk.002.4.jpg,0.3271028037383178,0.5416666666666666,0.5054945054945055,0.5048543689320388,0.5
h_GDQ9_H1es.000.1.jpg,0.6822429906542057,0.5833333333333333,0.5714285714285714,0.6796116504854369,0.711111111111111
h_GDQ9_H1es.000.2.jpg,0.6822429906542057,0.5833333333333333,0.5714285714285714,0.6796116504854369,0.711111111111111
h_GDQ9_H1es.000.3.jpg,0.6822429906542057,0.5833333333333333,0.5714285714285714,0.6796116504854369,0.711111111111111
h_GDQ9_H1es.000.4.jpg,0.6822429906542057,0.5833333333333333,0.5714285714285714,0.6796116504854369,0.711111111111111
176vWywoq9E.003.1.jpg,0.36448598130841126,0.35416666666666663,0.5604395604395604,0.3300970873786408,0.5222222222222223
176vWywoq9E.003.2.jpg,0.36448598130841126,0.35416666666666663,0.5604395604395604,0.3300970873786408,0.5222222222222223
176vWywoq9E.003.3.jpg,0.36448598130841126,0.35416666666666663,0.5604395604395604,0.3300970873786408,0.5222222222222223
176vWywoq9E.003.4.jpg,0.36448598130841126,0.35416666666666663,0.5604395604395604,0.3300970873786408,0.5222222222222223
qmiBcHJpKR0.002.1.jpg,0.663551401869159,0.625,0.6153846153846153,0.6601941747572816,0.7333333333333333
qmiBcHJpKR0.002.2.jpg,0.663551401869159,0.625,0.6153846153846153,0.6601941747572816,0.7333333333333333
qmiBcHJpKR0.002.3.jpg,0.663551401869159,0.625,0.6153846153846153,0.6601941747572816,0.7333333333333333
qmiBcHJpKR0.002.4.jpg,0.663551401869159,0.625,0.6153846153846153,0.6601941747572816,0.7333333333333333
-8asrRvfJWA.001.1.jpg,0.48598130841121495,0.5,0.4835164835164835,0.5825242718446602,0.611111111111111
-8asrRvfJWA.001.2.jpg,0.48598130841121495,0.5,0.4835164835164835,0.5825242718446602,0.611111111111111
-8asrRvfJWA.001.3.jpg,0.48598130841121495,0.5,0.4835164835164835,0.5825242718446602,0.611111111111111
-8asrRvfJWA.001.4.jpg,0.48598130841121495,0.5,0.4835164835164835,0.5825242718446602,0.611111111111111
m_9aygJNij8.000.1.jpg,0.4579439252336449,0.45833333333333337,0.4505494505494505,0.3883495145631068,0.6444444444444444
m_9aygJNij8.000.2.jpg,0.4579439252336449,0.45833333333333337,0.4505494505494505,0.3883495145631068,0.6444444444444444
m_9aygJNij8.000.3.jpg,0.4579439252336449,0.45833333333333337,0.4505494505494505,0.3883495145631068,0.6444444444444444
m_9aygJNij8.000.4.jpg,0.4579439252336449,0.45833333333333337,0.4505494505494505,0.3883495145631068,0.6444444444444444
L5PkZA1ErYY.001.1.jpg,0.33644859813084116,0.5104166666666666,0.5714285714285714,0.3883495145631068,0.4888888888888889
L5PkZA1ErYY.001.2.jpg,0.33644859813084116,0.5104166666666666,0.5714285714285714,0.3883495145631068,0.4888888888888889
L5PkZA1ErYY.001.3.jpg,0.33644859813084116,0.5104166666666666,0.5714285714285714,0.3883495145631068,0.4888888888888889
L5PkZA1ErYY.001.4.jpg,0.33644859813084116,0.5104166666666666,0.5714285714285714,0.3883495145631068,0.4888888888888889
PYYC0Jiwfdg.001.1.jpg,0.588785046728972,0.5729166666666666,0.6373626373626373,0.5533980582524272,0.6555555555555556
PYYC0Jiwfdg.001.2.jpg,0.588785046728972,0.5729166666666666,0.6373626373626373,0.5533980582524272,0.6555555555555556
PYYC0Jiwfdg.001.3.jpg,0.588785046728972,0.5729166666666666,0.6373626373626373,0.5533980582524272,0.6555555555555556
PYYC0Jiwfdg.001.4.jpg,0.588785046728972,0.5729166666666666,0.6373626373626373,0.5533980582524272,0.6555555555555556
MrfJ1qDJAwo.000.1.jpg,0.2897196261682243,0.42708333333333337,0.5384615384615384,0.2912621359223301,0.33333333333333337
MrfJ1qDJAwo.000.2.jpg,0.2897196261682243,0.42708333333333337,0.5384615384615384,0.2912621359223301,0.33333333333333337
MrfJ1qDJAwo.000.3.jpg,0.2897196261682243,0.42708333333333337,0.5384615384615384,0.2912621359223301,0.33333333333333337
MrfJ1qDJAwo.000.4.jpg,0.2897196261682243,0.42708333333333337,0.5384615384615384,0.2912621359223301,0.33333333333333337
BS0wgLXqFgc.004.1.jpg,0.38317757009345793,0.53125,0.5714285714285714,0.5242718446601942,0.5222222222222223
BS0wgLXqFgc.004.2.jpg,0.38317757009345793,0.53125,0.5714285714285714,0.5242718446601942,0.5222222222222223
BS0wgLXqFgc.004.3.jpg,0.38317757009345793,0.53125,0.5714285714285714,0.5242718446601942,0.5222222222222223
BS0wgLXqFgc.004.4.jpg,0.38317757009345793,0.53125,0.5714285714285714,0.5242718446601942,0.5222222222222223
J5Q9cutAmY8.001.1.jpg,0.4953271028037384,0.59375,0.6043956043956044,0.6990291262135921,0.43333333333333335
J5Q9cutAmY8.001.2.jpg,0.4953271028037384,0.59375,0.6043956043956044,0.6990291262135921,0.43333333333333335
J5Q9cutAmY8.001.3.jpg,0.4953271028037384,0.59375,0.6043956043956044,0.6990291262135921,0.43333333333333335
J5Q9cutAmY8.001.4.jpg,0.4953271028037384,0.59375,0.6043956043956044,0.6990291262135921,0.43333333333333335
RQeoo3idUJc.002.1.jpg,0.4579439252336449,0.4895833333333333,0.5604395604395604,0.4368932038834952,0.5777777777777777
RQeoo3idUJc.002.2.jpg,0.4579439252336449,0.4895833333333333,0.5604395604395604,0.4368932038834952,0.5777777777777777
RQeoo3idUJc.002.3.jpg,0.4579439252336449,0.4895833333333333,0.5604395604395604,0.4368932038834952,0.5777777777777777
RQeoo3idUJc.002.4.jpg,0.4579439252336449,0.4895833333333333,0.5604395604395604,0.4368932038834952,0.5777777777777777
Q4z4GRUtccE.003.1.jpg,0.3457943925233645,0.46875,0.6483516483516484,0.47572815533980584,0.5444444444444444
Q4z4GRUtccE.003.2.jpg,0.3457943925233645,0.46875,0.6483516483516484,0.47572815533980584,0.5444444444444444
Q4z4GRUtccE.003.3.jpg,0.3457943925233645,0.46875,0.6483516483516484,0.47572815533980584,0.5444444444444444
Q4z4GRUtccE.003.4.jpg,0.3457943925233645,0.46875,0.6483516483516484,0.47572815533980584,0.5444444444444444
mZzWhUI0CP0.004.1.jpg,0.38317757009345793,0.6041666666666666,0.4285714285714285,0.5436893203883495,0.45555555555555555
mZzWhUI0CP0.004.2.jpg,0.38317757009345793,0.6041666666666666,0.4285714285714285,0.5436893203883495,0.45555555555555555
mZzWhUI0CP0.004.3.jpg,0.38317757009345793,0.6041666666666666,0.4285714285714285,0.5436893203883495,0.45555555555555555
mZzWhUI0CP0.004.4.jpg,0.38317757009345793,0.6041666666666666,0.4285714285714285,0.5436893203883495,0.45555555555555555
Sb1b8JMVhLs.003.1.jpg,0.5514018691588786,0.7812499999999999,0.7032967032967032,0.7961165048543688,0.711111111111111
Sb1b8JMVhLs.003.2.jpg,0.5514018691588786,0.7812499999999999,0.7032967032967032,0.7961165048543688,0.711111111111111
Sb1b8JMVhLs.003.3.jpg,0.5514018691588786,0.7812499999999999,0.7032967032967032,0.7961165048543688,0.711111111111111
Sb1b8JMVhLs.003.4.jpg,0.5514018691588786,0.7812499999999999,0.7032967032967032,0.7961165048543688,0.711111111111111
Cng72emlXAM.001.1.jpg,0.5327102803738318,0.4895833333333333,0.6483516483516484,0.4854368932038835,0.4777777777777778
Cng72emlXAM.001.2.jpg,0.5327102803738318,0.4895833333333333,0.6483516483516484,0.4854368932038835,0.4777777777777778
Cng72emlXAM.001.3.jpg,0.5327102803738318,0.4895833333333333,0.6483516483516484,0.4854368932038835,0.4777777777777778
Cng72emlXAM.001.4.jpg,0.5327102803738318,0.4895833333333333,0.6483516483516484,0.4854368932038835,0.4777777777777778
eAkWSjU-JyY.003.1.jpg,0.5420560747663552,0.5,0.5824175824175825,0.5436893203883495,0.6444444444444444
eAkWSjU-JyY.003.2.jpg,0.5420560747663552,0.5,0.5824175824175825,0.5436893203883495,0.6444444444444444
eAkWSjU-JyY.003.3.jpg,0.5420560747663552,0.5,0.5824175824175825,0.5436893203883495,0.6444444444444444
eAkWSjU-JyY.003.4.jpg,0.5420560747663552,0.5,0.5824175824175825,0.5436893203883495,0.6444444444444444
3zAyM2edy1g.003.1.jpg,0.37383177570093457,0.4895833333333333,0.6153846153846153,0.5339805825242718,0.41111111111111115
3zAyM2edy1g.003.2.jpg,0.37383177570093457,0.4895833333333333,0.6153846153846153,0.5339805825242718,0.41111111111111115
3zAyM2edy1g.003.3.jpg,0.37383177570093457,0.4895833333333333,0.6153846153846153,0.5339805825242718,0.41111111111111115
3zAyM2edy1g.003.4.jpg,0.37383177570093457,0.4895833333333333,0.6153846153846153,0.5339805825242718,0.41111111111111115
W0Ay5uul8j0.005.1.jpg,0.47663551401869164,0.45833333333333337,0.4945054945054945,0.6310679611650486,0.5111111111111111
W0Ay5uul8j0.005.2.jpg,0.47663551401869164,0.45833333333333337,0.4945054945054945,0.6310679611650486,0.5111111111111111
W0Ay5uul8j0.005.3.jpg,0.47663551401869164,0.45833333333333337,0.4945054945054945,0.6310679611650486,0.5111111111111111
W0Ay5uul8j0.005.4.jpg,0.47663551401869164,0.45833333333333337,0.4945054945054945,0.6310679611650486,0.5111111111111111
do8FmnQbI5I.002.1.jpg,0.5140186915887851,0.6041666666666666,0.4285714285714285,0.6116504854368932,0.611111111111111
do8FmnQbI5I.002.2.jpg,0.5140186915887851,0.6041666666666666,0.4285714285714285,0.6116504854368932,0.611111111111111
do8FmnQbI5I.002.3.jpg,0.5140186915887851,0.6041666666666666,0.4285714285714285,0.6116504854368932,0.611111111111111
do8FmnQbI5I.002.4.jpg,0.5140186915887851,0.6041666666666666,0.4285714285714285,0.6116504854368932,0.611111111111111
Xauhek9-iKA.005.1.jpg,0.5981308411214954,0.7187499999999999,0.6593406593406592,0.6796116504854369,0.5333333333333333
Xauhek9-iKA.005.2.jpg,0.5981308411214954,0.7187499999999999,0.6593406593406592,0.6796116504854369,0.5333333333333333
Xauhek9-iKA.005.3.jpg,0.5981308411214954,0.7187499999999999,0.6593406593406592,0.6796116504854369,0.5333333333333333
Xauhek9-iKA.005.4.jpg,0.5981308411214954,0.7187499999999999,0.6593406593406592,0.6796116504854369,0.5333333333333333
ADa9rkwF2uA.005.1.jpg,0.5233644859813085,0.46875,0.7142857142857143,0.6019417475728155,0.6
ADa9rkwF2uA.005.2.jpg,0.5233644859813085,0.46875,0.7142857142857143,0.6019417475728155,0.6
ADa9rkwF2uA.005.3.jpg,0.5233644859813085,0.46875,0.7142857142857143,0.6019417475728155,0.6
ADa9rkwF2uA.005.4.jpg,0.5233644859813085,0.46875,0.7142857142857143,0.6019417475728155,0.6
NyQ2K2J3N0s.001.1.jpg,0.2710280373831776,0.3645833333333333,0.4175824175824176,0.22330097087378642,0.3666666666666667
NyQ2K2J3N0s.001.2.jpg,0.2710280373831776,0.3645833333333333,0.4175824175824176,0.22330097087378642,0.3666666666666667
NyQ2K2J3N0s.001.3.jpg,0.2710280373831776,0.3645833333333333,0.4175824175824176,0.22330097087378642,0.3666666666666667
NyQ2K2J3N0s.001.4.jpg,0.2710280373831776,0.3645833333333333,0.4175824175824176,0.22330097087378642,0.3666666666666667
WuHLxhCSnGs.000.1.jpg,0.4112149532710281,0.59375,0.6263736263736264,0.5339805825242718,0.5444444444444444
WuHLxhCSnGs.000.2.jpg,0.4112149532710281,0.59375,0.6263736263736264,0.5339805825242718,0.5444444444444444
WuHLxhCSnGs.000.3.jpg,0.4112149532710281,0.59375,0.6263736263736264,0.5339805825242718,0.5444444444444444
WuHLxhCSnGs.000.4.jpg,0.4112149532710281,0.59375,0.6263736263736264,0.5339805825242718,0.5444444444444444
knpgk7LAMb0.001.1.jpg,0.14018691588785046,0.21874999999999997,0.2857142857142857,0.27184466019417475,0.4444444444444445
knpgk7LAMb0.001.2.jpg,0.14018691588785046,0.21874999999999997,0.2857142857142857,0.27184466019417475,0.4444444444444445
knpgk7LAMb0.001.3.jpg,0.14018691588785046,0.21874999999999997,0.2857142857142857,0.27184466019417475,0.4444444444444445
knpgk7LAMb0.001.4.jpg,0.14018691588785046,0.21874999999999997,0.2857142857142857,0.27184466019417475,0.4444444444444445
jpPZVmzleAo.003.1.jpg,0.26168224299065423,0.42708333333333337,0.3736263736263736,0.36893203883495146,0.4777777777777778
jpPZVmzleAo.003.2.jpg,0.26168224299065423,0.42708333333333337,0.3736263736263736,0.36893203883495146,0.4777777777777778
jpPZVmzleAo.003.3.jpg,0.26168224299065423,0.42708333333333337,0.3736263736263736,0.36893203883495146,0.4777777777777778
jpPZVmzleAo.003.4.jpg,0.26168224299065423,0.42708333333333337,0.3736263736263736,0.36893203883495146,0.4777777777777778
dmycfNpiWCE.000.1.jpg,0.5514018691588786,0.6041666666666666,0.6813186813186812,0.7087378640776699,0.7555555555555554
dmycfNpiWCE.000.2.jpg,0.5514018691588786,0.6041666666666666,0.6813186813186812,0.7087378640776699,0.7555555555555554
dmycfNpiWCE.000.3.jpg,0.5514018691588786,0.6041666666666666,0.6813186813186812,0.7087378640776699,0.7555555555555554
dmycfNpiWCE.000.4.jpg,0.5514018691588786,0.6041666666666666,0.6813186813186812,0.7087378640776699,0.7555555555555554
yRVvI1x2DBI.000.1.jpg,0.37383177570093457,0.5,0.3956043956043956,0.5533980582524272,0.3777777777777778
yRVvI1x2DBI.000.2.jpg,0.37383177570093457,0.5,0.3956043956043956,0.5533980582524272,0.3777777777777778
yRVvI1x2DBI.000.3.jpg,0.37383177570093457,0.5,0.3956043956043956,0.5533980582524272,0.3777777777777778
yRVvI1x2DBI.000.4.jpg,0.37383177570093457,0.5,0.3956043956043956,0.5533980582524272,0.3777777777777778
8OckVmEZ8X8.004.1.jpg,0.4579439252336449,0.7083333333333334,0.7472527472527474,0.6019417475728155,0.5333333333333333
8OckVmEZ8X8.004.2.jpg,0.4579439252336449,0.7083333333333334,0.7472527472527474,0.6019417475728155,0.5333333333333333
8OckVmEZ8X8.004.3.jpg,0.4579439252336449,0.7083333333333334,0.7472527472527474,0.6019417475728155,0.5333333333333333
8OckVmEZ8X8.004.4.jpg,0.4579439252336449,0.7083333333333334,0.7472527472527474,0.6019417475728155,0.5333333333333333
YPnuq0tDDqk.005.1.jpg,0.4299065420560748,0.3333333333333333,0.4725274725274725,0.31067961165048547,0.7333333333333333
YPnuq0tDDqk.005.2.jpg,0.4299065420560748,0.3333333333333333,0.4725274725274725,0.31067961165048547,0.7333333333333333
YPnuq0tDDqk.005.3.jpg,0.4299065420560748,0.3333333333333333,0.4725274725274725,0.31067961165048547,0.7333333333333333
YPnuq0tDDqk.005.4.jpg,0.4299065420560748,0.3333333333333333,0.4725274725274725,0.31067961165048547,0.7333333333333333
fipvPdFbKN4.001.1.jpg,0.4953271028037384,0.4375,0.4835164835164835,0.5242718446601942,0.711111111111111
fipvPdFbKN4.001.2.jpg,0.4953271028037384,0.4375,0.4835164835164835,0.5242718446601942,0.711111111111111
fipvPdFbKN4.001.3.jpg,0.4953271028037384,0.4375,0.4835164835164835,0.5242718446601942,0.711111111111111
fipvPdFbKN4.001.4.jpg,0.4953271028037384,0.4375,0.4835164835164835,0.5242718446601942,0.711111111111111
jd9_8OPxM3A.001.1.jpg,0.4299065420560748,0.4895833333333333,0.7472527472527474,0.5728155339805825,0.6333333333333333
jd9_8OPxM3A.001.2.jpg,0.4299065420560748,0.4895833333333333,0.7472527472527474,0.5728155339805825,0.6333333333333333
jd9_8OPxM3A.001.3.jpg,0.4299065420560748,0.4895833333333333,0.7472527472527474,0.5728155339805825,0.6333333333333333
jd9_8OPxM3A.001.4.jpg,0.4299065420560748,0.4895833333333333,0.7472527472527474,0.5728155339805825,0.6333333333333333
jlHKgXrxCu8.003.1.jpg,0.47663551401869164,0.5833333333333333,0.6263736263736264,0.6407766990291262,0.5333333333333333
jlHKgXrxCu8.003.2.jpg,0.47663551401869164,0.5833333333333333,0.6263736263736264,0.6407766990291262,0.5333333333333333
jlHKgXrxCu8.003.3.jpg,0.47663551401869164,0.5833333333333333,0.6263736263736264,0.6407766990291262,0.5333333333333333
jlHKgXrxCu8.003.4.jpg,0.47663551401869164,0.5833333333333333,0.6263736263736264,0.6407766990291262,0.5333333333333333
4JjpfL4y3XM.003.1.jpg,0.6168224299065421,0.6458333333333333,0.7362637362637363,0.6601941747572816,0.611111111111111
4JjpfL4y3XM.003.2.jpg,0.6168224299065421,0.6458333333333333,0.7362637362637363,0.6601941747572816,0.611111111111111
4JjpfL4y3XM.003.3.jpg,0.6168224299065421,0.6458333333333333,0.7362637362637363,0.6601941747572816,0.611111111111111
4JjpfL4y3XM.003.4.jpg,0.6168224299065421,0.6458333333333333,0.7362637362637363,0.6601941747572816,0.611111111111111
P6g1mZ3f76U.000.1.jpg,0.4112149532710281,0.4791666666666667,0.4395604395604395,0.5631067961165048,0.3555555555555556
P6g1mZ3f76U.000.2.jpg,0.4112149532710281,0.4791666666666667,0.4395604395604395,0.5631067961165048,0.3555555555555556
P6g1mZ3f76U.000.3.jpg,0.4112149532710281,0.4791666666666667,0.4395604395604395,0.5631067961165048,0.3555555555555556
P6g1mZ3f76U.000.4.jpg,0.4112149532710281,0.4791666666666667,0.4395604395604395,0.5631067961165048,0.3555555555555556
lAJWoIcgXlU.003.1.jpg,0.6822429906542057,0.6979166666666666,0.4285714285714285,0.6699029126213591,0.6555555555555556
lAJWoIcgXlU.003.2.jpg,0.6822429906542057,0.6979166666666666,0.4285714285714285,0.6699029126213591,0.6555555555555556
lAJWoIcgXlU.003.3.jpg,0.6822429906542057,0.6979166666666666,0.4285714285714285,0.6699029126213591,0.6555555555555556
lAJWoIcgXlU.003.4.jpg,0.6822429906542057,0.6979166666666666,0.4285714285714285,0.6699029126213591,0.6555555555555556
JKDEEwxZwrw.004.1.jpg,0.5514018691588786,0.6041666666666666,0.4395604395604395,0.6019417475728155,0.6333333333333333
JKDEEwxZwrw.004.2.jpg,0.5514018691588786,0.6041666666666666,0.4395604395604395,0.6019417475728155,0.6333333333333333
JKDEEwxZwrw.004.3.jpg,0.5514018691588786,0.6041666666666666,0.4395604395604395,0.6019417475728155,0.6333333333333333
JKDEEwxZwrw.004.4.jpg,0.5514018691588786,0.6041666666666666,0.4395604395604395,0.6019417475728155,0.6333333333333333
AR3UwbmgKuQ.000.1.jpg,0.38317757009345793,0.3854166666666667,0.4615384615384615,0.35922330097087385,0.4666666666666667
AR3UwbmgKuQ.000.2.jpg,0.38317757009345793,0.3854166666666667,0.4615384615384615,0.35922330097087385,0.4666666666666667
AR3UwbmgKuQ.000.3.jpg,0.38317757009345793,0.3854166666666667,0.4615384615384615,0.35922330097087385,0.4666666666666667
AR3UwbmgKuQ.000.4.jpg,0.38317757009345793,0.3854166666666667,0.4615384615384615,0.35922330097087385,0.4666666666666667
OZlpENU9h28.001.1.jpg,0.48598130841121495,0.5833333333333333,0.4945054945054945,0.4951456310679611,0.5111111111111111
OZlpENU9h28.001.2.jpg,0.48598130841121495,0.5833333333333333,0.4945054945054945,0.4951456310679611,0.5111111111111111
OZlpENU9h28.001.3.jpg,0.48598130841121495,0.5833333333333333,0.4945054945054945,0.4951456310679611,0.5111111111111111
OZlpENU9h28.001.4.jpg,0.48598130841121495,0.5833333333333333,0.4945054945054945,0.4951456310679611,0.5111111111111111
Me22JENkhJA.002.1.jpg,0.2710280373831776,0.37499999999999994,0.32967032967032966,0.30097087378640774,0.5
Me22JENkhJA.002.2.jpg,0.2710280373831776,0.37499999999999994,0.32967032967032966,0.30097087378640774,0.5
Me22JENkhJA.002.3.jpg,0.2710280373831776,0.37499999999999994,0.32967032967032966,0.30097087378640774,0.5
Me22JENkhJA.002.4.jpg,0.2710280373831776,0.37499999999999994,0.32967032967032966,0.30097087378640774,0.5
mZzWhUI0CP0.001.1.jpg,0.4953271028037384,0.6145833333333333,0.5274725274725275,0.6310679611650486,0.5444444444444444
mZzWhUI0CP0.001.2.jpg,0.4953271028037384,0.6145833333333333,0.5274725274725275,0.6310679611650486,0.5444444444444444
mZzWhUI0CP0.001.3.jpg,0.4953271028037384,0.6145833333333333,0.5274725274725275,0.6310679611650486,0.5444444444444444
mZzWhUI0CP0.001.4.jpg,0.4953271028037384,0.6145833333333333,0.5274725274725275,0.6310679611650486,0.5444444444444444
VxtZDXM0cuQ.004.1.jpg,0.4485981308411215,0.4895833333333333,0.4725274725274725,0.5339805825242718,0.5333333333333333
VxtZDXM0cuQ.004.2.jpg,0.4485981308411215,0.4895833333333333,0.4725274725274725,0.5339805825242718,0.5333333333333333
VxtZDXM0cuQ.004.3.jpg,0.4485981308411215,0.4895833333333333,0.4725274725274725,0.5339805825242718,0.5333333333333333
VxtZDXM0cuQ.004.4.jpg,0.4485981308411215,0.4895833333333333,0.4725274725274725,0.5339805825242718,0.5333333333333333
E49FxumXPnc.000.1.jpg,0.6074766355140188,0.6770833333333334,0.7142857142857143,0.5048543689320388,0.7333333333333333
E49FxumXPnc.000.2.jpg,0.6074766355140188,0.6770833333333334,0.7142857142857143,0.5048543689320388,0.7333333333333333
E49FxumXPnc.000.3.jpg,0.6074766355140188,0.6770833333333334,0.7142857142857143,0.5048543689320388,0.7333333333333333
E49FxumXPnc.000.4.jpg,0.6074766355140188,0.6770833333333334,0.7142857142857143,0.5048543689320388,0.7333333333333333
y3_71Wpt9eA.001.1.jpg,0.36448598130841126,0.42708333333333337,0.4945054945054945,0.4174757281553398,0.43333333333333335
y3_71Wpt9eA.001.2.jpg,0.36448598130841126,0.42708333333333337,0.4945054945054945,0.4174757281553398,0.43333333333333335
y3_71Wpt9eA.001.3.jpg,0.36448598130841126,0.42708333333333337,0.4945054945054945,0.4174757281553398,0.43333333333333335
y3_71Wpt9eA.001.4.jpg,0.36448598130841126,0.42708333333333337,0.4945054945054945,0.4174757281553398,0.43333333333333335
y-0p6fGXLD0.005.1.jpg,0.38317757009345793,0.42708333333333337,0.5714285714285714,0.27184466019417475,0.5444444444444444
y-0p6fGXLD0.005.2.jpg,0.38317757009345793,0.42708333333333337,0.5714285714285714,0.27184466019417475,0.5444444444444444
y-0p6fGXLD0.005.3.jpg,0.38317757009345793,0.42708333333333337,0.5714285714285714,0.27184466019417475,0.5444444444444444
y-0p6fGXLD0.005.4.jpg,0.38317757009345793,0.42708333333333337,0.5714285714285714,0.27184466019417475,0.5444444444444444
LKc69Et2Jg8.001.1.jpg,0.5327102803738318,0.4791666666666667,0.6483516483516484,0.6213592233009709,0.6888888888888889
LKc69Et2Jg8.001.2.jpg,0.5327102803738318,0.4791666666666667,0.6483516483516484,0.6213592233009709,0.6888888888888889
LKc69Et2Jg8.001.3.jpg,0.5327102803738318,0.4791666666666667,0.6483516483516484,0.6213592233009709,0.6888888888888889
LKc69Et2Jg8.001.4.jpg,0.5327102803738318,0.4791666666666667,0.6483516483516484,0.6213592233009709,0.6888888888888889
54JawR1x0II.003.1.jpg,0.4953271028037384,0.5625,0.5494505494505494,0.7864077669902914,0.6666666666666666
54JawR1x0II.003.2.jpg,0.4953271028037384,0.5625,0.5494505494505494,0.7864077669902914,0.6666666666666666
54JawR1x0II.003.3.jpg,0.4953271028037384,0.5625,0.5494505494505494,0.7864077669902914,0.6666666666666666
54JawR1x0II.003.4.jpg,0.4953271028037384,0.5625,0.5494505494505494,0.7864077669902914,0.6666666666666666
s6N1pv5lzrU.005.1.jpg,0.4392523364485981,0.6875,0.6593406593406592,0.5145631067961165,0.7333333333333333
s6N1pv5lzrU.005.2.jpg,0.4392523364485981,0.6875,0.6593406593406592,0.5145631067961165,0.7333333333333333
s6N1pv5lzrU.005.3.jpg,0.4392523364485981,0.6875,0.6593406593406592,0.5145631067961165,0.7333333333333333
s6N1pv5lzrU.005.4.jpg,0.4392523364485981,0.6875,0.6593406593406592,0.5145631067961165,0.7333333333333333
iqs7mZbg5UI.004.1.jpg,0.5140186915887851,0.45833333333333337,0.6153846153846153,0.5631067961165048,0.4888888888888889
iqs7mZbg5UI.004.2.jpg,0.5140186915887851,0.45833333333333337,0.6153846153846153,0.5631067961165048,0.4888888888888889
iqs7mZbg5UI.004.3.jpg,0.5140186915887851,0.45833333333333337,0.6153846153846153,0.5631067961165048,0.4888888888888889
iqs7mZbg5UI.004.4.jpg,0.5140186915887851,0.45833333333333337,0.6153846153846153,0.5631067961165048,0.4888888888888889
xfLVThCzEEk.001.1.jpg,0.4672897196261683,0.6354166666666666,0.5054945054945055,0.5145631067961165,0.6666666666666666
xfLVThCzEEk.001.2.jpg,0.4672897196261683,0.6354166666666666,0.5054945054945055,0.5145631067961165,0.6666666666666666
xfLVThCzEEk.001.3.jpg,0.4672897196261683,0.6354166666666666,0.5054945054945055,0.5145631067961165,0.6666666666666666
xfLVThCzEEk.001.4.jpg,0.4672897196261683,0.6354166666666666,0.5054945054945055,0.5145631067961165,0.6666666666666666
85isLsZHZpo.003.1.jpg,0.663551401869159,0.6770833333333334,0.5934065934065933,0.7378640776699029,0.7333333333333333
85isLsZHZpo.003.2.jpg,0.663551401869159,0.6770833333333334,0.5934065934065933,0.7378640776699029,0.7333333333333333
85isLsZHZpo.003.3.jpg,0.663551401869159,0.6770833333333334,0.5934065934065933,0.7378640776699029,0.7333333333333333
85isLsZHZpo.003.4.jpg,0.663551401869159,0.6770833333333334,0.5934065934065933,0.7378640776699029,0.7333333333333333
_ZAqTHlu2ts.003.1.jpg,0.29906542056074764,0.28125,0.2637362637362637,0.2912621359223301,0.3555555555555556
_ZAqTHlu2ts.003.2.jpg,0.29906542056074764,0.28125,0.2637362637362637,0.2912621359223301,0.3555555555555556
_ZAqTHlu2ts.003.3.jpg,0.29906542056074764,0.28125,0.2637362637362637,0.2912621359223301,0.3555555555555556
_ZAqTHlu2ts.003.4.jpg,0.29906542056074764,0.28125,0.2637362637362637,0.2912621359223301,0.3555555555555556
EAMHqNxa9yY.005.1.jpg,0.2336448598130841,0.25,0.21978021978021975,0.2621359223300971,0.4666666666666667
EAMHqNxa9yY.005.2.jpg,0.2336448598130841,0.25,0.21978021978021975,0.2621359223300971,0.4666666666666667
EAMHqNxa9yY.005.3.jpg,0.2336448598130841,0.25,0.21978021978021975,0.2621359223300971,0.4666666666666667
EAMHqNxa9yY.005.4.jpg,0.2336448598130841,0.25,0.21978021978021975,0.2621359223300971,0.4666666666666667
j08b_trEQrU.001.1.jpg,0.39252336448598135,0.5729166666666666,0.5934065934065933,0.7864077669902914,0.5555555555555556
j08b_trEQrU.001.2.jpg,0.39252336448598135,0.5729166666666666,0.5934065934065933,0.7864077669902914,0.5555555555555556
j08b_trEQrU.001.3.jpg,0.39252336448598135,0.5729166666666666,0.5934065934065933,0.7864077669902914,0.5555555555555556
j08b_trEQrU.001.4.jpg,0.39252336448598135,0.5729166666666666,0.5934065934065933,0.7864077669902914,0.5555555555555556
sC2k2CD1jC0.002.1.jpg,0.13084112149532712,0.1145833333333333,0.24175824175824176,0.13592233009708737,0.2
sC2k2CD1jC0.002.2.jpg,0.13084112149532712,0.1145833333333333,0.24175824175824176,0.13592233009708737,0.2
sC2k2CD1jC0.002.3.jpg,0.13084112149532712,0.1145833333333333,0.24175824175824176,0.13592233009708737,0.2
sC2k2CD1jC0.002.4.jpg,0.13084112149532712,0.1145833333333333,0.24175824175824176,0.13592233009708737,0.2
CpmR-91GxmY.001.1.jpg,0.7476635514018694,0.84375,0.7472527472527474,0.6407766990291262,0.7999999999999999
CpmR-91GxmY.001.2.jpg,0.7476635514018694,0.84375,0.7472527472527474,0.6407766990291262,0.7999999999999999
CpmR-91GxmY.001.3.jpg,0.7476635514018694,0.84375,0.7472527472527474,0.6407766990291262,0.7999999999999999
CpmR-91GxmY.001.4.jpg,0.7476635514018694,0.84375,0.7472527472527474,0.6407766990291262,0.7999999999999999
4VwcU0ROy5k.000.1.jpg,0.5607476635514019,0.59375,0.7362637362637363,0.6504854368932039,0.5333333333333333
4VwcU0ROy5k.000.2.jpg,0.5607476635514019,0.59375,0.7362637362637363,0.6504854368932039,0.5333333333333333
4VwcU0ROy5k.000.3.jpg,0.5607476635514019,0.59375,0.7362637362637363,0.6504854368932039,0.5333333333333333
4VwcU0ROy5k.000.4.jpg,0.5607476635514019,0.59375,0.7362637362637363,0.6504854368932039,0.5333333333333333
WwGca41TJVU.001.1.jpg,0.26168224299065423,0.3645833333333333,0.4175824175824176,0.2912621359223301,0.41111111111111115
WwGca41TJVU.001.2.jpg,0.26168224299065423,0.3645833333333333,0.4175824175824176,0.2912621359223301,0.41111111111111115
WwGca41TJVU.001.3.jpg,0.26168224299065423,0.3645833333333333,0.4175824175824176,0.2912621359223301,0.41111111111111115
WwGca41TJVU.001.4.jpg,0.26168224299065423,0.3645833333333333,0.4175824175824176,0.2912621359223301,0.41111111111111115
HCkDd0UnUgo.005.1.jpg,0.39252336448598135,0.42708333333333337,0.4505494505494505,0.6407766990291262,0.4888888888888889
HCkDd0UnUgo.005.2.jpg,0.39252336448598135,0.42708333333333337,0.4505494505494505,0.6407766990291262,0.4888888888888889
HCkDd0UnUgo.005.3.jpg,0.39252336448598135,0.42708333333333337,0.4505494505494505,0.6407766990291262,0.4888888888888889
HCkDd0UnUgo.005.4.jpg,0.39252336448598135,0.42708333333333337,0.4505494505494505,0.6407766990291262,0.4888888888888889
H0_4dZMjUow.000.1.jpg,0.6822429906542057,0.7916666666666667,0.8021978021978021,0.7475728155339806,0.7444444444444444
H0_4dZMjUow.000.2.jpg,0.6822429906542057,0.7916666666666667,0.8021978021978021,0.7475728155339806,0.7444444444444444
H0_4dZMjUow.000.3.jpg,0.6822429906542057,0.7916666666666667,0.8021978021978021,0.7475728155339806,0.7444444444444444
H0_4dZMjUow.000.4.jpg,0.6822429906542057,0.7916666666666667,0.8021978021978021,0.7475728155339806,0.7444444444444444
KM6Nc_VipyQ.003.1.jpg,0.6261682242990655,0.7291666666666667,0.813186813186813,0.7669902912621359,0.6666666666666666
KM6Nc_VipyQ.003.2.jpg,0.6261682242990655,0.7291666666666667,0.813186813186813,0.7669902912621359,0.6666666666666666
KM6Nc_VipyQ.003.3.jpg,0.6261682242990655,0.7291666666666667,0.813186813186813,0.7669902912621359,0.6666666666666666
KM6Nc_VipyQ.003.4.jpg,0.6261682242990655,0.7291666666666667,0.813186813186813,0.7669902912621359,0.6666666666666666
fsLf6Xv_Gbk.004.1.jpg,0.7663551401869159,0.625,0.6813186813186812,0.7087378640776699,0.7222222222222221
fsLf6Xv_Gbk.004.2.jpg,0.7663551401869159,0.625,0.6813186813186812,0.7087378640776699,0.7222222222222221
fsLf6Xv_Gbk.004.3.jpg,0.7663551401869159,0.625,0.6813186813186812,0.7087378640776699,0.7222222222222221
fsLf6Xv_Gbk.004.4.jpg,0.7663551401869159,0.625,0.6813186813186812,0.7087378640776699,0.7222222222222221
XQZ5M9oLkXw.004.1.jpg,0.6822429906542057,0.7395833333333333,0.868131868131868,0.912621359223301,0.7222222222222221
XQZ5M9oLkXw.004.2.jpg,0.6822429906542057,0.7395833333333333,0.868131868131868,0.912621359223301,0.7222222222222221
XQZ5M9oLkXw.004.3.jpg,0.6822429906542057,0.7395833333333333,0.868131868131868,0.912621359223301,0.7222222222222221
XQZ5M9oLkXw.004.4.jpg,0.6822429906542057,0.7395833333333333,0.868131868131868,0.912621359223301,0.7222222222222221
nEm44UpCKmA.003.1.jpg,0.4205607476635514,0.37499999999999994,0.4835164835164835,0.5048543689320388,0.43333333333333335
nEm44UpCKmA.003.2.jpg,0.4205607476635514,0.37499999999999994,0.4835164835164835,0.5048543689320388,0.43333333333333335
nEm44UpCKmA.003.3.jpg,0.4205607476635514,0.37499999999999994,0.4835164835164835,0.5048543689320388,0.43333333333333335
nEm44UpCKmA.003.4.jpg,0.4205607476635514,0.37499999999999994,0.4835164835164835,0.5048543689320388,0.43333333333333335
VuadgOz6T7s.003.1.jpg,0.25233644859813087,0.32291666666666663,0.4065934065934066,0.3495145631067961,0.3666666666666667
VuadgOz6T7s.003.2.jpg,0.25233644859813087,0.32291666666666663,0.4065934065934066,0.3495145631067961,0.3666666666666667
VuadgOz6T7s.003.3.jpg,0.25233644859813087,0.32291666666666663,0.4065934065934066,0.3495145631067961,0.3666666666666667
VuadgOz6T7s.003.4.jpg,0.25233644859813087,0.32291666666666663,0.4065934065934066,0.3495145631067961,0.3666666666666667
fSkQXqXR7D0.003.1.jpg,0.5140186915887851,0.6770833333333334,0.6153846153846153,0.5339805825242718,0.6555555555555556
fSkQXqXR7D0.003.2.jpg,0.5140186915887851,0.6770833333333334,0.6153846153846153,0.5339805825242718,0.6555555555555556
fSkQXqXR7D0.003.3.jpg,0.5140186915887851,0.6770833333333334,0.6153846153846153,0.5339805825242718,0.6555555555555556
fSkQXqXR7D0.003.4.jpg,0.5140186915887851,0.6770833333333334,0.6153846153846153,0.5339805825242718,0.6555555555555556
AFvUxDwJB84.005.1.jpg,0.4018691588785047,0.46875,0.4835164835164835,0.4951456310679611,0.45555555555555555
AFvUxDwJB84.005.2.jpg,0.4018691588785047,0.46875,0.4835164835164835,0.4951456310679611,0.45555555555555555
AFvUxDwJB84.005.3.jpg,0.4018691588785047,0.46875,0.4835164835164835,0.4951456310679611,0.45555555555555555
AFvUxDwJB84.005.4.jpg,0.4018691588785047,0.46875,0.4835164835164835,0.4951456310679611,0.45555555555555555
2UqnC_rFcRQ.005.1.jpg,0.5233644859813085,0.5416666666666666,0.5934065934065933,0.5145631067961165,0.5222222222222223
2UqnC_rFcRQ.005.2.jpg,0.5233644859813085,0.5416666666666666,0.5934065934065933,0.5145631067961165,0.5222222222222223
2UqnC_rFcRQ.005.3.jpg,0.5233644859813085,0.5416666666666666,0.5934065934065933,0.5145631067961165,0.5222222222222223
2UqnC_rFcRQ.005.4.jpg,0.5233644859813085,0.5416666666666666,0.5934065934065933,0.5145631067961165,0.5222222222222223
yUESJPS0wS8.003.1.jpg,0.5700934579439253,0.53125,0.5604395604395604,0.6699029126213591,0.5555555555555556
yUESJPS0wS8.003.2.jpg,0.5700934579439253,0.53125,0.5604395604395604,0.6699029126213591,0.5555555555555556
yUESJPS0wS8.003.3.jpg,0.5700934579439253,0.53125,0.5604395604395604,0.6699029126213591,0.5555555555555556
yUESJPS0wS8.003.4.jpg,0.5700934579439253,0.53125,0.5604395604395604,0.6699029126213591,0.5555555555555556
alucqviYJFE.005.1.jpg,0.5140186915887851,0.5729166666666666,0.5274725274725275,0.6019417475728155,0.6888888888888889
alucqviYJFE.005.2.jpg,0.5140186915887851,0.5729166666666666,0.5274725274725275,0.6019417475728155,0.6888888888888889
alucqviYJFE.005.3.jpg,0.5140186915887851,0.5729166666666666,0.5274725274725275,0.6019417475728155,0.6888888888888889
alucqviYJFE.005.4.jpg,0.5140186915887851,0.5729166666666666,0.5274725274725275,0.6019417475728155,0.6888888888888889
oYiWW-Qc0rs.003.1.jpg,0.38317757009345793,0.53125,0.5494505494505494,0.7378640776699029,0.6444444444444444
oYiWW-Qc0rs.003.2.jpg,0.38317757009345793,0.53125,0.5494505494505494,0.7378640776699029,0.6444444444444444
oYiWW-Qc0rs.003.3.jpg,0.38317757009345793,0.53125,0.5494505494505494,0.7378640776699029,0.6444444444444444
oYiWW-Qc0rs.003.4.jpg,0.38317757009345793,0.53125,0.5494505494505494,0.7378640776699029,0.6444444444444444
1CYzbX8AaP8.005.1.jpg,0.4205607476635514,0.5104166666666666,0.5604395604395604,0.4174757281553398,0.5222222222222223
1CYzbX8AaP8.005.2.jpg,0.4205607476635514,0.5104166666666666,0.5604395604395604,0.4174757281553398,0.5222222222222223
1CYzbX8AaP8.005.3.jpg,0.4205607476635514,0.5104166666666666,0.5604395604395604,0.4174757281553398,0.5222222222222223
1CYzbX8AaP8.005.4.jpg,0.4205607476635514,0.5104166666666666,0.5604395604395604,0.4174757281553398,0.5222222222222223
h6LOjpCRXtY.003.1.jpg,0.47663551401869164,0.5,0.5824175824175825,0.5145631067961165,0.4222222222222222
h6LOjpCRXtY.003.2.jpg,0.47663551401869164,0.5,0.5824175824175825,0.5145631067961165,0.4222222222222222
h6LOjpCRXtY.003.3.jpg,0.47663551401869164,0.5,0.5824175824175825,0.5145631067961165,0.4222222222222222
h6LOjpCRXtY.003.4.jpg,0.47663551401869164,0.5,0.5824175824175825,0.5145631067961165,0.4222222222222222
3hKgh9AB3tk.000.1.jpg,0.3177570093457944,0.21874999999999997,0.3516483516483516,0.42718446601941745,0.33333333333333337
3hKgh9AB3tk.000.2.jpg,0.3177570093457944,0.21874999999999997,0.3516483516483516,0.42718446601941745,0.33333333333333337
3hKgh9AB3tk.000.3.jpg,0.3177570093457944,0.21874999999999997,0.3516483516483516,0.42718446601941745,0.33333333333333337
3hKgh9AB3tk.000.4.jpg,0.3177570093457944,0.21874999999999997,0.3516483516483516,0.42718446601941745,0.33333333333333337
Ie2y_yOeKpo.003.1.jpg,0.6728971962616823,0.5520833333333334,0.5824175824175825,0.33980582524271846,0.7444444444444444
Ie2y_yOeKpo.003.2.jpg,0.6728971962616823,0.5520833333333334,0.5824175824175825,0.33980582524271846,0.7444444444444444
Ie2y_yOeKpo.003.3.jpg,0.6728971962616823,0.5520833333333334,0.5824175824175825,0.33980582524271846,0.7444444444444444
Ie2y_yOeKpo.003.4.jpg,0.6728971962616823,0.5520833333333334,0.5824175824175825,0.33980582524271846,0.7444444444444444
BBSB9OJdb0Q.003.1.jpg,0.4953271028037384,0.5104166666666666,0.5604395604395604,0.5242718446601942,0.3555555555555556
BBSB9OJdb0Q.003.2.jpg,0.4953271028037384,0.5104166666666666,0.5604395604395604,0.5242718446601942,0.3555555555555556
BBSB9OJdb0Q.003.3.jpg,0.4953271028037384,0.5104166666666666,0.5604395604395604,0.5242718446601942,0.3555555555555556
BBSB9OJdb0Q.003.4.jpg,0.4953271028037384,0.5104166666666666,0.5604395604395604,0.5242718446601942,0.3555555555555556
mZ3vypXAfHg.004.1.jpg,0.6822429906542057,0.6041666666666666,0.6593406593406592,0.5631067961165048,0.7444444444444444
mZ3vypXAfHg.004.2.jpg,0.6822429906542057,0.6041666666666666,0.6593406593406592,0.5631067961165048,0.7444444444444444
mZ3vypXAfHg.004.3.jpg,0.6822429906542057,0.6041666666666666,0.6593406593406592,0.5631067961165048,0.7444444444444444
mZ3vypXAfHg.004.4.jpg,0.6822429906542057,0.6041666666666666,0.6593406593406592,0.5631067961165048,0.7444444444444444
3JzvXA-Zfbs.004.1.jpg,0.5046728971962617,0.3645833333333333,0.5824175824175825,0.4174757281553398,0.5333333333333333
3JzvXA-Zfbs.004.2.jpg,0.5046728971962617,0.3645833333333333,0.5824175824175825,0.4174757281553398,0.5333333333333333
3JzvXA-Zfbs.004.3.jpg,0.5046728971962617,0.3645833333333333,0.5824175824175825,0.4174757281553398,0.5333333333333333
3JzvXA-Zfbs.004.4.jpg,0.5046728971962617,0.3645833333333333,0.5824175824175825,0.4174757281553398,0.5333333333333333
pZxqWp0e-Ik.003.1.jpg,0.4112149532710281,0.5104166666666666,0.7362637362637363,0.5922330097087379,0.5555555555555556
pZxqWp0e-Ik.003.2.jpg,0.4112149532710281,0.5104166666666666,0.7362637362637363,0.5922330097087379,0.5555555555555556
pZxqWp0e-Ik.003.3.jpg,0.4112149532710281,0.5104166666666666,0.7362637362637363,0.5922330097087379,0.5555555555555556
pZxqWp0e-Ik.003.4.jpg,0.4112149532710281,0.5104166666666666,0.7362637362637363,0.5922330097087379,0.5555555555555556
_fJcW5234bY.001.1.jpg,0.5794392523364487,0.65625,0.5824175824175825,0.5825242718446602,0.6444444444444444
_fJcW5234bY.001.2.jpg,0.5794392523364487,0.65625,0.5824175824175825,0.5825242718446602,0.6444444444444444
_fJcW5234bY.001.3.jpg,0.5794392523364487,0.65625,0.5824175824175825,0.5825242718446602,0.6444444444444444
_fJcW5234bY.001.4.jpg,0.5794392523364487,0.65625,0.5824175824175825,0.5825242718446602,0.6444444444444444
fUf2XzWpSVo.003.1.jpg,0.5607476635514019,0.7187499999999999,0.6813186813186812,0.4660194174757281,0.5888888888888889
fUf2XzWpSVo.003.2.jpg,0.5607476635514019,0.7187499999999999,0.6813186813186812,0.4660194174757281,0.5888888888888889
fUf2XzWpSVo.003.3.jpg,0.5607476635514019,0.7187499999999999,0.6813186813186812,0.4660194174757281,0.5888888888888889
fUf2XzWpSVo.003.4.jpg,0.5607476635514019,0.7187499999999999,0.6813186813186812,0.4660194174757281,0.5888888888888889
Jhz5ssCKaug.000.1.jpg,0.33644859813084116,0.2708333333333333,0.32967032967032966,0.3495145631067961,0.4222222222222222
Jhz5ssCKaug.000.2.jpg,0.33644859813084116,0.2708333333333333,0.32967032967032966,0.3495145631067961,0.4222222222222222
Jhz5ssCKaug.000.3.jpg,0.33644859813084116,0.2708333333333333,0.32967032967032966,0.3495145631067961,0.4222222222222222
Jhz5ssCKaug.000.4.jpg,0.33644859813084116,0.2708333333333333,0.32967032967032966,0.3495145631067961,0.4222222222222222
5hFRSHAis2E.001.1.jpg,0.6728971962616823,0.5416666666666666,0.6813186813186812,0.5436893203883495,0.6555555555555556
5hFRSHAis2E.001.2.jpg,0.6728971962616823,0.5416666666666666,0.6813186813186812,0.5436893203883495,0.6555555555555556
5hFRSHAis2E.001.3.jpg,0.6728971962616823,0.5416666666666666,0.6813186813186812,0.5436893203883495,0.6555555555555556
5hFRSHAis2E.001.4.jpg,0.6728971962616823,0.5416666666666666,0.6813186813186812,0.5436893203883495,0.6555555555555556
JBiq9X_-r84.005.1.jpg,0.4018691588785047,0.5104166666666666,0.4835164835164835,0.4174757281553398,0.5111111111111111
JBiq9X_-r84.005.2.jpg,0.4018691588785047,0.5104166666666666,0.4835164835164835,0.4174757281553398,0.5111111111111111
JBiq9X_-r84.005.3.jpg,0.4018691588785047,0.5104166666666666,0.4835164835164835,0.4174757281553398,0.5111111111111111
JBiq9X_-r84.005.4.jpg,0.4018691588785047,0.5104166666666666,0.4835164835164835,0.4174757281553398,0.5111111111111111
3tPq9fNOXZQ.004.1.jpg,0.48598130841121495,0.53125,0.7252747252747254,0.5048543689320388,0.6555555555555556
3tPq9fNOXZQ.004.2.jpg,0.48598130841121495,0.53125,0.7252747252747254,0.5048543689320388,0.6555555555555556
3tPq9fNOXZQ.004.3.jpg,0.48598130841121495,0.53125,0.7252747252747254,0.5048543689320388,0.6555555555555556
3tPq9fNOXZQ.004.4.jpg,0.48598130841121495,0.53125,0.7252747252747254,0.5048543689320388,0.6555555555555556
hqe-8SMJGmc.005.1.jpg,0.6728971962616823,0.7187499999999999,0.6373626373626373,0.5533980582524272,0.6888888888888889
hqe-8SMJGmc.005.2.jpg,0.6728971962616823,0.7187499999999999,0.6373626373626373,0.5533980582524272,0.6888888888888889
hqe-8SMJGmc.005.3.jpg,0.6728971962616823,0.7187499999999999,0.6373626373626373,0.5533980582524272,0.6888888888888889
hqe-8SMJGmc.005.4.jpg,0.6728971962616823,0.7187499999999999,0.6373626373626373,0.5533980582524272,0.6888888888888889
yRVvI1x2DBI.003.1.jpg,0.36448598130841126,0.5625,0.5714285714285714,0.5728155339805825,0.4777777777777778
yRVvI1x2DBI.003.2.jpg,0.36448598130841126,0.5625,0.5714285714285714,0.5728155339805825,0.4777777777777778
yRVvI1x2DBI.003.3.jpg,0.36448598130841126,0.5625,0.5714285714285714,0.5728155339805825,0.4777777777777778
yRVvI1x2DBI.003.4.jpg,0.36448598130841126,0.5625,0.5714285714285714,0.5728155339805825,0.4777777777777778
u5mRlNCQ0BQ.001.1.jpg,0.7196261682242993,0.59375,0.5164835164835165,0.4854368932038835,0.6777777777777777
u5mRlNCQ0BQ.001.2.jpg,0.7196261682242993,0.59375,0.5164835164835165,0.4854368932038835,0.6777777777777777
u5mRlNCQ0BQ.001.3.jpg,0.7196261682242993,0.59375,0.5164835164835165,0.4854368932038835,0.6777777777777777
u5mRlNCQ0BQ.001.4.jpg,0.7196261682242993,0.59375,0.5164835164835165,0.4854368932038835,0.6777777777777777
8lg8A_zFOmg.002.1.jpg,0.36448598130841126,0.32291666666666663,0.5164835164835165,0.3300970873786408,0.6222222222222222
8lg8A_zFOmg.002.2.jpg,0.36448598130841126,0.32291666666666663,0.5164835164835165,0.3300970873786408,0.6222222222222222
8lg8A_zFOmg.002.3.jpg,0.36448598130841126,0.32291666666666663,0.5164835164835165,0.3300970873786408,0.6222222222222222
8lg8A_zFOmg.002.4.jpg,0.36448598130841126,0.32291666666666663,0.5164835164835165,0.3300970873786408,0.6222222222222222
b-qfeGqPd04.003.1.jpg,0.47663551401869164,0.5208333333333334,0.6153846153846153,0.4660194174757281,0.4666666666666667
b-qfeGqPd04.003.2.jpg,0.47663551401869164,0.5208333333333334,0.6153846153846153,0.4660194174757281,0.4666666666666667
b-qfeGqPd04.003.3.jpg,0.47663551401869164,0.5208333333333334,0.6153846153846153,0.4660194174757281,0.4666666666666667
b-qfeGqPd04.003.4.jpg,0.47663551401869164,0.5208333333333334,0.6153846153846153,0.4660194174757281,0.4666666666666667
vHc0pnY9BoI.000.1.jpg,0.4112149532710281,0.3125,0.5824175824175825,0.35922330097087385,0.5666666666666667
vHc0pnY9BoI.000.2.jpg,0.4112149532710281,0.3125,0.5824175824175825,0.35922330097087385,0.5666666666666667
vHc0pnY9BoI.000.3.jpg,0.4112149532710281,0.3125,0.5824175824175825,0.35922330097087385,0.5666666666666667
vHc0pnY9BoI.000.4.jpg,0.4112149532710281,0.3125,0.5824175824175825,0.35922330097087385,0.5666666666666667
mKWscEow1U8.001.1.jpg,0.4112149532710281,0.42708333333333337,0.6263736263736264,0.4368932038834952,0.4888888888888889
mKWscEow1U8.001.2.jpg,0.4112149532710281,0.42708333333333337,0.6263736263736264,0.4368932038834952,0.4888888888888889
mKWscEow1U8.001.3.jpg,0.4112149532710281,0.42708333333333337,0.6263736263736264,0.4368932038834952,0.4888888888888889
mKWscEow1U8.001.4.jpg,0.4112149532710281,0.42708333333333337,0.6263736263736264,0.4368932038834952,0.4888888888888889
oU7zAWm_01o.005.1.jpg,0.5607476635514019,0.40625000000000006,0.5714285714285714,0.4951456310679611,0.7444444444444444
oU7zAWm_01o.005.2.jpg,0.5607476635514019,0.40625000000000006,0.5714285714285714,0.4951456310679611,0.7444444444444444
oU7zAWm_01o.005.3.jpg,0.5607476635514019,0.40625000000000006,0.5714285714285714,0.4951456310679611,0.7444444444444444
oU7zAWm_01o.005.4.jpg,0.5607476635514019,0.40625000000000006,0.5714285714285714,0.4951456310679611,0.7444444444444444
wr4dP9MuHME.002.1.jpg,0.4112149532710281,0.4166666666666667,0.5274725274725275,0.42718446601941745,0.5
wr4dP9MuHME.002.2.jpg,0.4112149532710281,0.4166666666666667,0.5274725274725275,0.42718446601941745,0.5
wr4dP9MuHME.002.3.jpg,0.4112149532710281,0.4166666666666667,0.5274725274725275,0.42718446601941745,0.5
wr4dP9MuHME.002.4.jpg,0.4112149532710281,0.4166666666666667,0.5274725274725275,0.42718446601941745,0.5
jZl3Rq1MRQg.001.1.jpg,0.4485981308411215,0.5625,0.4615384615384615,0.4951456310679611,0.7
jZl3Rq1MRQg.001.2.jpg,0.4485981308411215,0.5625,0.4615384615384615,0.4951456310679611,0.7
jZl3Rq1MRQg.001.3.jpg,0.4485981308411215,0.5625,0.4615384615384615,0.4951456310679611,0.7
jZl3Rq1MRQg.001.4.jpg,0.4485981308411215,0.5625,0.4615384615384615,0.4951456310679611,0.7
19pTUX8KfYM.005.1.jpg,0.5794392523364487,0.6979166666666666,0.6483516483516484,0.8058252427184466,0.6666666666666666
19pTUX8KfYM.005.2.jpg,0.5794392523364487,0.6979166666666666,0.6483516483516484,0.8058252427184466,0.6666666666666666
19pTUX8KfYM.005.3.jpg,0.5794392523364487,0.6979166666666666,0.6483516483516484,0.8058252427184466,0.6666666666666666
19pTUX8KfYM.005.4.jpg,0.5794392523364487,0.6979166666666666,0.6483516483516484,0.8058252427184466,0.6666666666666666
F1lAPYh4t3U.005.1.jpg,0.6355140186915887,0.7291666666666667,0.7032967032967032,0.7961165048543688,0.8222222222222221
F1lAPYh4t3U.005.2.jpg,0.6355140186915887,0.7291666666666667,0.7032967032967032,0.7961165048543688,0.8222222222222221
F1lAPYh4t3U.005.3.jpg,0.6355140186915887,0.7291666666666667,0.7032967032967032,0.7961165048543688,0.8222222222222221
F1lAPYh4t3U.005.4.jpg,0.6355140186915887,0.7291666666666667,0.7032967032967032,0.7961165048543688,0.8222222222222221
bPLhV0PGR50.000.1.jpg,0.4392523364485981,0.5416666666666666,0.6043956043956044,0.7281553398058251,0.5111111111111111
bPLhV0PGR50.000.2.jpg,0.4392523364485981,0.5416666666666666,0.6043956043956044,0.7281553398058251,0.5111111111111111
bPLhV0PGR50.000.3.jpg,0.4392523364485981,0.5416666666666666,0.6043956043956044,0.7281553398058251,0.5111111111111111
bPLhV0PGR50.000.4.jpg,0.4392523364485981,0.5416666666666666,0.6043956043956044,0.7281553398058251,0.5111111111111111
8hW6WfYBP18.000.1.jpg,0.30841121495327106,0.32291666666666663,0.4065934065934066,0.3786407766990291,0.5777777777777777
8hW6WfYBP18.000.2.jpg,0.30841121495327106,0.32291666666666663,0.4065934065934066,0.3786407766990291,0.5777777777777777
8hW6WfYBP18.000.3.jpg,0.30841121495327106,0.32291666666666663,0.4065934065934066,0.3786407766990291,0.5777777777777777
8hW6WfYBP18.000.4.jpg,0.30841121495327106,0.32291666666666663,0.4065934065934066,0.3786407766990291,0.5777777777777777
XAO4l8Ej-J8.001.1.jpg,0.663551401869159,0.7187499999999999,0.6153846153846153,0.7572815533980582,0.8444444444444444
XAO4l8Ej-J8.001.2.jpg,0.663551401869159,0.7187499999999999,0.6153846153846153,0.7572815533980582,0.8444444444444444
XAO4l8Ej-J8.001.3.jpg,0.663551401869159,0.7187499999999999,0.6153846153846153,0.7572815533980582,0.8444444444444444
XAO4l8Ej-J8.001.4.jpg,0.663551401869159,0.7187499999999999,0.6153846153846153,0.7572815533980582,0.8444444444444444
6uqXoPJSoPg.002.1.jpg,0.691588785046729,0.8020833333333334,0.813186813186813,0.8737864077669903,0.9111111111111111
6uqXoPJSoPg.002.2.jpg,0.691588785046729,0.8020833333333334,0.813186813186813,0.8737864077669903,0.9111111111111111
6uqXoPJSoPg.002.3.jpg,0.691588785046729,0.8020833333333334,0.813186813186813,0.8737864077669903,0.9111111111111111
6uqXoPJSoPg.002.4.jpg,0.691588785046729,0.8020833333333334,0.813186813186813,0.8737864077669903,0.9111111111111111
0VnZngec8sc.002.1.jpg,0.2336448598130841,0.4375,0.5604395604395604,0.6116504854368932,0.5555555555555556
0VnZngec8sc.002.2.jpg,0.2336448598130841,0.4375,0.5604395604395604,0.6116504854368932,0.5555555555555556
0VnZngec8sc.002.3.jpg,0.2336448598130841,0.4375,0.5604395604395604,0.6116504854368932,0.5555555555555556
0VnZngec8sc.002.4.jpg,0.2336448598130841,0.4375,0.5604395604395604,0.6116504854368932,0.5555555555555556
TQHzCznQ14Y.001.1.jpg,0.5514018691588786,0.65625,0.5934065934065933,0.6601941747572816,0.6666666666666666
TQHzCznQ14Y.001.2.jpg,0.5514018691588786,0.65625,0.5934065934065933,0.6601941747572816,0.6666666666666666
TQHzCznQ14Y.001.3.jpg,0.5514018691588786,0.65625,0.5934065934065933,0.6601941747572816,0.6666666666666666
TQHzCznQ14Y.001.4.jpg,0.5514018691588786,0.65625,0.5934065934065933,0.6601941747572816,0.6666666666666666
BeyIfaH64xY.002.1.jpg,0.4392523364485981,0.5208333333333334,0.5604395604395604,0.6116504854368932,0.6333333333333333
BeyIfaH64xY.002.2.jpg,0.4392523364485981,0.5208333333333334,0.5604395604395604,0.6116504854368932,0.6333333333333333
BeyIfaH64xY.002.3.jpg,0.4392523364485981,0.5208333333333334,0.5604395604395604,0.6116504854368932,0.6333333333333333
BeyIfaH64xY.002.4.jpg,0.4392523364485981,0.5208333333333334,0.5604395604395604,0.6116504854368932,0.6333333333333333
3HA2W1s4oP8.004.1.jpg,0.35514018691588783,0.4166666666666667,0.6043956043956044,0.4854368932038835,0.5222222222222223
3HA2W1s4oP8.004.2.jpg,0.35514018691588783,0.4166666666666667,0.6043956043956044,0.4854368932038835,0.5222222222222223
3HA2W1s4oP8.004.3.jpg,0.35514018691588783,0.4166666666666667,0.6043956043956044,0.4854368932038835,0.5222222222222223
3HA2W1s4oP8.004.4.jpg,0.35514018691588783,0.4166666666666667,0.6043956043956044,0.4854368932038835,0.5222222222222223
SfldZBPyPFo.000.1.jpg,0.20560747663551404,0.18749999999999997,0.4725274725274725,0.30097087378640774,0.38888888888888895
SfldZBPyPFo.000.2.jpg,0.20560747663551404,0.18749999999999997,0.4725274725274725,0.30097087378640774,0.38888888888888895
SfldZBPyPFo.000.3.jpg,0.20560747663551404,0.18749999999999997,0.4725274725274725,0.30097087378640774,0.38888888888888895
SfldZBPyPFo.000.4.jpg,0.20560747663551404,0.18749999999999997,0.4725274725274725,0.30097087378640774,0.38888888888888895
u_qvbRpm88k.003.1.jpg,0.38317757009345793,0.46875,0.4615384615384615,0.31067961165048547,0.611111111111111
u_qvbRpm88k.003.2.jpg,0.38317757009345793,0.46875,0.4615384615384615,0.31067961165048547,0.611111111111111
u_qvbRpm88k.003.3.jpg,0.38317757009345793,0.46875,0.4615384615384615,0.31067961165048547,0.611111111111111
u_qvbRpm88k.003.4.jpg,0.38317757009345793,0.46875,0.4615384615384615,0.31067961165048547,0.611111111111111
8OGiv7FetSQ.005.1.jpg,0.588785046728972,0.59375,0.4505494505494505,0.3786407766990291,0.6666666666666666
8OGiv7FetSQ.005.2.jpg,0.588785046728972,0.59375,0.4505494505494505,0.3786407766990291,0.6666666666666666
8OGiv7FetSQ.005.3.jpg,0.588785046728972,0.59375,0.4505494505494505,0.3786407766990291,0.6666666666666666
8OGiv7FetSQ.005.4.jpg,0.588785046728972,0.59375,0.4505494505494505,0.3786407766990291,0.6666666666666666
QXFRE_pjrAE.004.1.jpg,0.5046728971962617,0.4791666666666667,0.4725274725274725,0.6116504854368932,0.7222222222222221
QXFRE_pjrAE.004.2.jpg,0.5046728971962617,0.4791666666666667,0.4725274725274725,0.6116504854368932,0.7222222222222221
QXFRE_pjrAE.004.3.jpg,0.5046728971962617,0.4791666666666667,0.4725274725274725,0.6116504854368932,0.7222222222222221
QXFRE_pjrAE.004.4.jpg,0.5046728971962617,0.4791666666666667,0.4725274725274725,0.6116504854368932,0.7222222222222221
nFP7EEgz0Xg.000.1.jpg,0.29906542056074764,0.32291666666666663,0.4835164835164835,0.4174757281553398,0.4444444444444445
nFP7EEgz0Xg.000.2.jpg,0.29906542056074764,0.32291666666666663,0.4835164835164835,0.4174757281553398,0.4444444444444445
nFP7EEgz0Xg.000.3.jpg,0.29906542056074764,0.32291666666666663,0.4835164835164835,0.4174757281553398,0.4444444444444445
nFP7EEgz0Xg.000.4.jpg,0.29906542056074764,0.32291666666666663,0.4835164835164835,0.4174757281553398,0.4444444444444445
BjQ95T-Dw1U.001.1.jpg,0.29906542056074764,0.42708333333333337,0.3516483516483516,0.4077669902912622,0.43333333333333335
BjQ95T-Dw1U.001.2.jpg,0.29906542056074764,0.42708333333333337,0.3516483516483516,0.4077669902912622,0.43333333333333335
BjQ95T-Dw1U.001.3.jpg,0.29906542056074764,0.42708333333333337,0.3516483516483516,0.4077669902912622,0.43333333333333335
BjQ95T-Dw1U.001.4.jpg,0.29906542056074764,0.42708333333333337,0.3516483516483516,0.4077669902912622,0.43333333333333335
fipvPdFbKN4.005.1.jpg,0.3271028037383178,0.28125,0.4285714285714285,0.3495145631067961,0.5333333333333333
fipvPdFbKN4.005.2.jpg,0.3271028037383178,0.28125,0.4285714285714285,0.3495145631067961,0.5333333333333333
fipvPdFbKN4.005.3.jpg,0.3271028037383178,0.28125,0.4285714285714285,0.3495145631067961,0.5333333333333333
fipvPdFbKN4.005.4.jpg,0.3271028037383178,0.28125,0.4285714285714285,0.3495145631067961,0.5333333333333333
LRU4jLhKaak.001.1.jpg,0.6074766355140188,0.8541666666666667,0.7252747252747254,0.8640776699029126,0.8555555555555554
LRU4jLhKaak.001.2.jpg,0.6074766355140188,0.8541666666666667,0.7252747252747254,0.8640776699029126,0.8555555555555554
LRU4jLhKaak.001.3.jpg,0.6074766355140188,0.8541666666666667,0.7252747252747254,0.8640776699029126,0.8555555555555554
LRU4jLhKaak.001.4.jpg,0.6074766355140188,0.8541666666666667,0.7252747252747254,0.8640776699029126,0.8555555555555554
z3DO3tdrsnQ.004.1.jpg,0.6355140186915887,0.6875,0.6043956043956044,0.6601941747572816,0.6888888888888889
z3DO3tdrsnQ.004.2.jpg,0.6355140186915887,0.6875,0.6043956043956044,0.6601941747572816,0.6888888888888889
z3DO3tdrsnQ.004.3.jpg,0.6355140186915887,0.6875,0.6043956043956044,0.6601941747572816,0.6888888888888889
z3DO3tdrsnQ.004.4.jpg,0.6355140186915887,0.6875,0.6043956043956044,0.6601941747572816,0.6888888888888889
mDRMCwSD3Ms.004.1.jpg,0.4392523364485981,0.5416666666666666,0.7142857142857143,0.6504854368932039,0.7333333333333333
mDRMCwSD3Ms.004.2.jpg,0.4392523364485981,0.5416666666666666,0.7142857142857143,0.6504854368932039,0.7333333333333333
mDRMCwSD3Ms.004.3.jpg,0.4392523364485981,0.5416666666666666,0.7142857142857143,0.6504854368932039,0.7333333333333333
mDRMCwSD3Ms.004.4.jpg,0.4392523364485981,0.5416666666666666,0.7142857142857143,0.6504854368932039,0.7333333333333333
kDJigDGDJTo.004.1.jpg,0.4392523364485981,0.6666666666666667,0.6813186813186812,0.3883495145631068,0.5777777777777777
kDJigDGDJTo.004.2.jpg,0.4392523364485981,0.6666666666666667,0.6813186813186812,0.3883495145631068,0.5777777777777777
kDJigDGDJTo.004.3.jpg,0.4392523364485981,0.6666666666666667,0.6813186813186812,0.3883495145631068,0.5777777777777777
kDJigDGDJTo.004.4.jpg,0.4392523364485981,0.6666666666666667,0.6813186813186812,0.3883495145631068,0.5777777777777777
Bo-mrL28d8M.001.1.jpg,0.19626168224299068,0.29166666666666663,0.25274725274725274,0.24271844660194175,0.3
Bo-mrL28d8M.001.2.jpg,0.19626168224299068,0.29166666666666663,0.25274725274725274,0.24271844660194175,0.3
Bo-mrL28d8M.001.3.jpg,0.19626168224299068,0.29166666666666663,0.25274725274725274,0.24271844660194175,0.3
Bo-mrL28d8M.001.4.jpg,0.19626168224299068,0.29166666666666663,0.25274725274725274,0.24271844660194175,0.3
PHoVRr0MQ5c.001.1.jpg,0.691588785046729,0.7500000000000001,0.5604395604395604,0.6990291262135921,0.6444444444444444
PHoVRr0MQ5c.001.2.jpg,0.691588785046729,0.7500000000000001,0.5604395604395604,0.6990291262135921,0.6444444444444444
PHoVRr0MQ5c.001.3.jpg,0.691588785046729,0.7500000000000001,0.5604395604395604,0.6990291262135921,0.6444444444444444
PHoVRr0MQ5c.001.4.jpg,0.691588785046729,0.7500000000000001,0.5604395604395604,0.6990291262135921,0.6444444444444444
BzMLhulrt0Q.000.1.jpg,0.28037383177570097,0.37499999999999994,0.4065934065934066,0.2815533980582524,0.34444444444444444
BzMLhulrt0Q.000.2.jpg,0.28037383177570097,0.37499999999999994,0.4065934065934066,0.2815533980582524,0.34444444444444444
BzMLhulrt0Q.000.3.jpg,0.28037383177570097,0.37499999999999994,0.4065934065934066,0.2815533980582524,0.34444444444444444
BzMLhulrt0Q.000.4.jpg,0.28037383177570097,0.37499999999999994,0.4065934065934066,0.2815533980582524,0.34444444444444444
P0ZzjnS8E24.004.1.jpg,0.4299065420560748,0.39583333333333337,0.4835164835164835,0.4854368932038835,0.4666666666666667
P0ZzjnS8E24.004.2.jpg,0.4299065420560748,0.39583333333333337,0.4835164835164835,0.4854368932038835,0.4666666666666667
P0ZzjnS8E24.004.3.jpg,0.4299065420560748,0.39583333333333337,0.4835164835164835,0.4854368932038835,0.4666666666666667
P0ZzjnS8E24.004.4.jpg,0.4299065420560748,0.39583333333333337,0.4835164835164835,0.4854368932038835,0.4666666666666667
FNHMXPaHll0.003.1.jpg,0.6448598130841123,0.65625,0.5604395604395604,0.6213592233009709,0.6222222222222222
FNHMXPaHll0.003.2.jpg,0.6448598130841123,0.65625,0.5604395604395604,0.6213592233009709,0.6222222222222222
FNHMXPaHll0.003.3.jpg,0.6448598130841123,0.65625,0.5604395604395604,0.6213592233009709,0.6222222222222222
FNHMXPaHll0.003.4.jpg,0.6448598130841123,0.65625,0.5604395604395604,0.6213592233009709,0.6222222222222222
xsDABUrvs6w.000.1.jpg,0.3177570093457944,0.3645833333333333,0.3736263736263736,0.35922330097087385,0.4222222222222222
xsDABUrvs6w.000.2.jpg,0.3177570093457944,0.3645833333333333,0.3736263736263736,0.35922330097087385,0.4222222222222222
xsDABUrvs6w.000.3.jpg,0.3177570093457944,0.3645833333333333,0.3736263736263736,0.35922330097087385,0.4222222222222222
xsDABUrvs6w.000.4.jpg,0.3177570093457944,0.3645833333333333,0.3736263736263736,0.35922330097087385,0.4222222222222222
Kmrd1MsZKmQ.004.1.jpg,0.5327102803738318,0.6770833333333334,0.6373626373626373,0.5728155339805825,0.6555555555555556
Kmrd1MsZKmQ.004.2.jpg,0.5327102803738318,0.6770833333333334,0.6373626373626373,0.5728155339805825,0.6555555555555556
Kmrd1MsZKmQ.004.3.jpg,0.5327102803738318,0.6770833333333334,0.6373626373626373,0.5728155339805825,0.6555555555555556
Kmrd1MsZKmQ.004.4.jpg,0.5327102803738318,0.6770833333333334,0.6373626373626373,0.5728155339805825,0.6555555555555556
x0mD5kr2hu4.001.1.jpg,0.6074766355140188,0.6666666666666667,0.5714285714285714,0.6310679611650486,0.7
x0mD5kr2hu4.001.2.jpg,0.6074766355140188,0.6666666666666667,0.5714285714285714,0.6310679611650486,0.7
x0mD5kr2hu4.001.3.jpg,0.6074766355140188,0.6666666666666667,0.5714285714285714,0.6310679611650486,0.7
x0mD5kr2hu4.001.4.jpg,0.6074766355140188,0.6666666666666667,0.5714285714285714,0.6310679611650486,0.7
Q6We7dJplls.003.1.jpg,0.7009345794392524,0.7083333333333334,0.6263736263736264,0.6407766990291262,0.6555555555555556
Q6We7dJplls.003.2.jpg,0.7009345794392524,0.7083333333333334,0.6263736263736264,0.6407766990291262,0.6555555555555556
Q6We7dJplls.003.3.jpg,0.7009345794392524,0.7083333333333334,0.6263736263736264,0.6407766990291262,0.6555555555555556
Q6We7dJplls.003.4.jpg,0.7009345794392524,0.7083333333333334,0.6263736263736264,0.6407766990291262,0.6555555555555556
xtDw9TlWiww.001.1.jpg,0.4205607476635514,0.5,0.5384615384615384,0.6116504854368932,0.43333333333333335
xtDw9TlWiww.001.2.jpg,0.4205607476635514,0.5,0.5384615384615384,0.6116504854368932,0.43333333333333335
xtDw9TlWiww.001.3.jpg,0.4205607476635514,0.5,0.5384615384615384,0.6116504854368932,0.43333333333333335
xtDw9TlWiww.001.4.jpg,0.4205607476635514,0.5,0.5384615384615384,0.6116504854368932,0.43333333333333335
12Ezy1y1cWY.004.1.jpg,0.14018691588785046,0.09374999999999997,0.2747252747252747,0.2912621359223301,0.25555555555555554
12Ezy1y1cWY.004.2.jpg,0.14018691588785046,0.09374999999999997,0.2747252747252747,0.2912621359223301,0.25555555555555554
12Ezy1y1cWY.004.3.jpg,0.14018691588785046,0.09374999999999997,0.2747252747252747,0.2912621359223301,0.25555555555555554
12Ezy1y1cWY.004.4.jpg,0.14018691588785046,0.09374999999999997,0.2747252747252747,0.2912621359223301,0.25555555555555554
ax1Fck6zMzk.001.1.jpg,0.5514018691588786,0.5729166666666666,0.6813186813186812,0.7864077669902914,0.5
ax1Fck6zMzk.001.2.jpg,0.5514018691588786,0.5729166666666666,0.6813186813186812,0.7864077669902914,0.5
ax1Fck6zMzk.001.3.jpg,0.5514018691588786,0.5729166666666666,0.6813186813186812,0.7864077669902914,0.5
ax1Fck6zMzk.001.4.jpg,0.5514018691588786,0.5729166666666666,0.6813186813186812,0.7864077669902914,0.5
K9h_wA30XgM.001.1.jpg,0.38317757009345793,0.34374999999999994,0.3956043956043956,0.2524271844660194,0.3666666666666667
K9h_wA30XgM.001.2.jpg,0.38317757009345793,0.34374999999999994,0.3956043956043956,0.2524271844660194,0.3666666666666667
K9h_wA30XgM.001.3.jpg,0.38317757009345793,0.34374999999999994,0.3956043956043956,0.2524271844660194,0.3666666666666667
K9h_wA30XgM.001.4.jpg,0.38317757009345793,0.34374999999999994,0.3956043956043956,0.2524271844660194,0.3666666666666667
Isa3WdmciZQ.005.1.jpg,0.5327102803738318,0.34374999999999994,0.6043956043956044,0.3495145631067961,0.8444444444444444
Isa3WdmciZQ.005.2.jpg,0.5327102803738318,0.34374999999999994,0.6043956043956044,0.3495145631067961,0.8444444444444444
Isa3WdmciZQ.005.3.jpg,0.5327102803738318,0.34374999999999994,0.6043956043956044,0.3495145631067961,0.8444444444444444
Isa3WdmciZQ.005.4.jpg,0.5327102803738318,0.34374999999999994,0.6043956043956044,0.3495145631067961,0.8444444444444444
bTLTLzXehPE.005.1.jpg,0.5794392523364487,0.5416666666666666,0.6263736263736264,0.5242718446601942,0.6
bTLTLzXehPE.005.2.jpg,0.5794392523364487,0.5416666666666666,0.6263736263736264,0.5242718446601942,0.6
bTLTLzXehPE.005.3.jpg,0.5794392523364487,0.5416666666666666,0.6263736263736264,0.5242718446601942,0.6
bTLTLzXehPE.005.4.jpg,0.5794392523364487,0.5416666666666666,0.6263736263736264,0.5242718446601942,0.6
FwjoTGcsFNg.004.1.jpg,0.794392523364486,0.7187499999999999,0.824175824175824,0.7184466019417477,0.7333333333333333
FwjoTGcsFNg.004.2.jpg,0.794392523364486,0.7187499999999999,0.824175824175824,0.7184466019417477,0.7333333333333333
FwjoTGcsFNg.004.3.jpg,0.794392523364486,0.7187499999999999,0.824175824175824,0.7184466019417477,0.7333333333333333
FwjoTGcsFNg.004.4.jpg,0.794392523364486,0.7187499999999999,0.824175824175824,0.7184466019417477,0.7333333333333333
liRQoL7SsPw.003.1.jpg,0.4953271028037384,0.4375,0.4395604395604395,0.35922330097087385,0.5111111111111111
liRQoL7SsPw.003.2.jpg,0.4953271028037384,0.4375,0.4395604395604395,0.35922330097087385,0.5111111111111111
liRQoL7SsPw.003.3.jpg,0.4953271028037384,0.4375,0.4395604395604395,0.35922330097087385,0.5111111111111111
liRQoL7SsPw.003.4.jpg,0.4953271028037384,0.4375,0.4395604395604395,0.35922330097087385,0.5111111111111111
UipoC_HLOP0.000.1.jpg,0.4392523364485981,0.5729166666666666,0.6153846153846153,0.5145631067961165,0.5333333333333333
UipoC_HLOP0.000.2.jpg,0.4392523364485981,0.5729166666666666,0.6153846153846153,0.5145631067961165,0.5333333333333333
UipoC_HLOP0.000.3.jpg,0.4392523364485981,0.5729166666666666,0.6153846153846153,0.5145631067961165,0.5333333333333333
UipoC_HLOP0.000.4.jpg,0.4392523364485981,0.5729166666666666,0.6153846153846153,0.5145631067961165,0.5333333333333333
CQR-eM3mTFU.000.1.jpg,0.48598130841121495,0.5520833333333334,0.5604395604395604,0.4854368932038835,0.6777777777777777
CQR-eM3mTFU.000.2.jpg,0.48598130841121495,0.5520833333333334,0.5604395604395604,0.4854368932038835,0.6777777777777777
CQR-eM3mTFU.000.3.jpg,0.48598130841121495,0.5520833333333334,0.5604395604395604,0.4854368932038835,0.6777777777777777
CQR-eM3mTFU.000.4.jpg,0.48598130841121495,0.5520833333333334,0.5604395604395604,0.4854368932038835,0.6777777777777777
evrzg3Pzyc0.004.1.jpg,0.33644859813084116,0.3854166666666667,0.4615384615384615,0.3980582524271845,0.4
evrzg3Pzyc0.004.2.jpg,0.33644859813084116,0.3854166666666667,0.4615384615384615,0.3980582524271845,0.4
evrzg3Pzyc0.004.3.jpg,0.33644859813084116,0.3854166666666667,0.4615384615384615,0.3980582524271845,0.4
evrzg3Pzyc0.004.4.jpg,0.33644859813084116,0.3854166666666667,0.4615384615384615,0.3980582524271845,0.4
wYZJ2HXfvmQ.004.1.jpg,0.3457943925233645,0.4375,0.5164835164835165,0.4854368932038835,0.4444444444444445
wYZJ2HXfvmQ.004.2.jpg,0.3457943925233645,0.4375,0.5164835164835165,0.4854368932038835,0.4444444444444445
wYZJ2HXfvmQ.004.3.jpg,0.3457943925233645,0.4375,0.5164835164835165,0.4854368932038835,0.4444444444444445
wYZJ2HXfvmQ.004.4.jpg,0.3457943925233645,0.4375,0.5164835164835165,0.4854368932038835,0.4444444444444445
nfEhF5GBQpo.001.1.jpg,0.5794392523364487,0.5104166666666666,0.5054945054945055,0.5436893203883495,0.6888888888888889
nfEhF5GBQpo.001.2.jpg,0.5794392523364487,0.5104166666666666,0.5054945054945055,0.5436893203883495,0.6888888888888889
nfEhF5GBQpo.001.3.jpg,0.5794392523364487,0.5104166666666666,0.5054945054945055,0.5436893203883495,0.6888888888888889
nfEhF5GBQpo.001.4.jpg,0.5794392523364487,0.5104166666666666,0.5054945054945055,0.5436893203883495,0.6888888888888889
VForU0EmBr0.002.1.jpg,0.28037383177570097,0.3645833333333333,0.4615384615384615,0.3300970873786408,0.3666666666666667
VForU0EmBr0.002.2.jpg,0.28037383177570097,0.3645833333333333,0.4615384615384615,0.3300970873786408,0.3666666666666667
VForU0EmBr0.002.3.jpg,0.28037383177570097,0.3645833333333333,0.4615384615384615,0.3300970873786408,0.3666666666666667
VForU0EmBr0.002.4.jpg,0.28037383177570097,0.3645833333333333,0.4615384615384615,0.3300970873786408,0.3666666666666667
yVSfQZGt1co.005.1.jpg,0.5327102803738318,0.5208333333333334,0.5274725274725275,0.5631067961165048,0.6444444444444444
yVSfQZGt1co.005.2.jpg,0.5327102803738318,0.5208333333333334,0.5274725274725275,0.5631067961165048,0.6444444444444444
yVSfQZGt1co.005.3.jpg,0.5327102803738318,0.5208333333333334,0.5274725274725275,0.5631067961165048,0.6444444444444444
yVSfQZGt1co.005.4.jpg,0.5327102803738318,0.5208333333333334,0.5274725274725275,0.5631067961165048,0.6444444444444444
dl9IT3OvI0o.005.1.jpg,0.6168224299065421,0.5729166666666666,0.6043956043956044,0.6019417475728155,0.711111111111111
dl9IT3OvI0o.005.2.jpg,0.6168224299065421,0.5729166666666666,0.6043956043956044,0.6019417475728155,0.711111111111111
dl9IT3OvI0o.005.3.jpg,0.6168224299065421,0.5729166666666666,0.6043956043956044,0.6019417475728155,0.711111111111111
dl9IT3OvI0o.005.4.jpg,0.6168224299065421,0.5729166666666666,0.6043956043956044,0.6019417475728155,0.711111111111111
1uC-2TZqplE.005.1.jpg,0.22429906542056074,0.45833333333333337,0.4395604395604395,0.6310679611650486,0.4444444444444445
1uC-2TZqplE.005.2.jpg,0.22429906542056074,0.45833333333333337,0.4395604395604395,0.6310679611650486,0.4444444444444445
1uC-2TZqplE.005.3.jpg,0.22429906542056074,0.45833333333333337,0.4395604395604395,0.6310679611650486,0.4444444444444445
1uC-2TZqplE.005.4.jpg,0.22429906542056074,0.45833333333333337,0.4395604395604395,0.6310679611650486,0.4444444444444445
hnMp0eX28es.002.1.jpg,0.5514018691588786,0.5416666666666666,0.4945054945054945,0.4077669902912622,0.5777777777777777
hnMp0eX28es.002.2.jpg,0.5514018691588786,0.5416666666666666,0.4945054945054945,0.4077669902912622,0.5777777777777777
hnMp0eX28es.002.3.jpg,0.5514018691588786,0.5416666666666666,0.4945054945054945,0.4077669902912622,0.5777777777777777
hnMp0eX28es.002.4.jpg,0.5514018691588786,0.5416666666666666,0.4945054945054945,0.4077669902912622,0.5777777777777777
iiW_nu6JITY.000.1.jpg,0.4579439252336449,0.5416666666666666,0.5824175824175825,0.5436893203883495,0.5333333333333333
iiW_nu6JITY.000.2.jpg,0.4579439252336449,0.5416666666666666,0.5824175824175825,0.5436893203883495,0.5333333333333333
iiW_nu6JITY.000.3.jpg,0.4579439252336449,0.5416666666666666,0.5824175824175825,0.5436893203883495,0.5333333333333333
iiW_nu6JITY.000.4.jpg,0.4579439252336449,0.5416666666666666,0.5824175824175825,0.5436893203883495,0.5333333333333333
i4IVTm3uvoM.004.1.jpg,0.47663551401869164,0.5625,0.5934065934065933,0.5048543689320388,0.5444444444444444
i4IVTm3uvoM.004.2.jpg,0.47663551401869164,0.5625,0.5934065934065933,0.5048543689320388,0.5444444444444444
i4IVTm3uvoM.004.3.jpg,0.47663551401869164,0.5625,0.5934065934065933,0.5048543689320388,0.5444444444444444
i4IVTm3uvoM.004.4.jpg,0.47663551401869164,0.5625,0.5934065934065933,0.5048543689320388,0.5444444444444444
Q8bdpKNp698.000.1.jpg,0.29906542056074764,0.46875,0.4175824175824176,0.3203883495145631,0.5
Q8bdpKNp698.000.2.jpg,0.29906542056074764,0.46875,0.4175824175824176,0.3203883495145631,0.5
Q8bdpKNp698.000.3.jpg,0.29906542056074764,0.46875,0.4175824175824176,0.3203883495145631,0.5
Q8bdpKNp698.000.4.jpg,0.29906542056074764,0.46875,0.4175824175824176,0.3203883495145631,0.5
Tg8a_iNEamM.003.1.jpg,0.2710280373831776,0.25,0.32967032967032966,0.3980582524271845,0.43333333333333335
Tg8a_iNEamM.003.2.jpg,0.2710280373831776,0.25,0.32967032967032966,0.3980582524271845,0.43333333333333335
Tg8a_iNEamM.003.3.jpg,0.2710280373831776,0.25,0.32967032967032966,0.3980582524271845,0.43333333333333335
Tg8a_iNEamM.003.4.jpg,0.2710280373831776,0.25,0.32967032967032966,0.3980582524271845,0.43333333333333335
qjWi69HY2Fc.001.1.jpg,0.4579439252336449,0.5104166666666666,0.3626373626373627,0.23300970873786406,0.43333333333333335
qjWi69HY2Fc.001.2.jpg,0.4579439252336449,0.5104166666666666,0.3626373626373627,0.23300970873786406,0.43333333333333335
qjWi69HY2Fc.001.3.jpg,0.4579439252336449,0.5104166666666666,0.3626373626373627,0.23300970873786406,0.43333333333333335
qjWi69HY2Fc.001.4.jpg,0.4579439252336449,0.5104166666666666,0.3626373626373627,0.23300970873786406,0.43333333333333335
Kbcvurfuvhk.001.1.jpg,0.30841121495327106,0.4375,0.4615384615384615,0.5922330097087379,0.5333333333333333
Kbcvurfuvhk.001.2.jpg,0.30841121495327106,0.4375,0.4615384615384615,0.5922330097087379,0.5333333333333333
Kbcvurfuvhk.001.3.jpg,0.30841121495327106,0.4375,0.4615384615384615,0.5922330097087379,0.5333333333333333
Kbcvurfuvhk.001.4.jpg,0.30841121495327106,0.4375,0.4615384615384615,0.5922330097087379,0.5333333333333333
squHxV3QXlQ.000.1.jpg,0.4672897196261683,0.6041666666666666,0.6043956043956044,0.5048543689320388,0.6666666666666666
squHxV3QXlQ.000.2.jpg,0.4672897196261683,0.6041666666666666,0.6043956043956044,0.5048543689320388,0.6666666666666666
squHxV3QXlQ.000.3.jpg,0.4672897196261683,0.6041666666666666,0.6043956043956044,0.5048543689320388,0.6666666666666666
squHxV3QXlQ.000.4.jpg,0.4672897196261683,0.6041666666666666,0.6043956043956044,0.5048543689320388,0.6666666666666666
LeuT6NgJ6N8.003.1.jpg,0.5700934579439253,0.7812499999999999,0.7472527472527474,0.7766990291262136,0.6
LeuT6NgJ6N8.003.2.jpg,0.5700934579439253,0.7812499999999999,0.7472527472527474,0.7766990291262136,0.6
LeuT6NgJ6N8.003.3.jpg,0.5700934579439253,0.7812499999999999,0.7472527472527474,0.7766990291262136,0.6
LeuT6NgJ6N8.003.4.jpg,0.5700934579439253,0.7812499999999999,0.7472527472527474,0.7766990291262136,0.6
p_mu11crx-s.002.1.jpg,0.28037383177570097,0.22916666666666663,0.32967032967032966,0.3786407766990291,0.41111111111111115
p_mu11crx-s.002.2.jpg,0.28037383177570097,0.22916666666666663,0.32967032967032966,0.3786407766990291,0.41111111111111115
p_mu11crx-s.002.3.jpg,0.28037383177570097,0.22916666666666663,0.32967032967032966,0.3786407766990291,0.41111111111111115
p_mu11crx-s.002.4.jpg,0.28037383177570097,0.22916666666666663,0.32967032967032966,0.3786407766990291,0.41111111111111115
9rF3BEXetOo.003.1.jpg,0.5140186915887851,0.40625000000000006,0.4725274725274725,0.3495145631067961,0.6222222222222222
9rF3BEXetOo.003.2.jpg,0.5140186915887851,0.40625000000000006,0.4725274725274725,0.3495145631067961,0.6222222222222222
9rF3BEXetOo.003.3.jpg,0.5140186915887851,0.40625000000000006,0.4725274725274725,0.3495145631067961,0.6222222222222222
9rF3BEXetOo.003.4.jpg,0.5140186915887851,0.40625000000000006,0.4725274725274725,0.3495145631067961,0.6222222222222222
tCnfvBwWVKw.001.1.jpg,0.37383177570093457,0.40625000000000006,0.5384615384615384,0.5048543689320388,0.4
tCnfvBwWVKw.001.2.jpg,0.37383177570093457,0.40625000000000006,0.5384615384615384,0.5048543689320388,0.4
tCnfvBwWVKw.001.3.jpg,0.37383177570093457,0.40625000000000006,0.5384615384615384,0.5048543689320388,0.4
tCnfvBwWVKw.001.4.jpg,0.37383177570093457,0.40625000000000006,0.5384615384615384,0.5048543689320388,0.4
t9wFHk9TM-U.001.1.jpg,0.4392523364485981,0.4166666666666667,0.5274725274725275,0.7961165048543688,0.4666666666666667
t9wFHk9TM-U.001.2.jpg,0.4392523364485981,0.4166666666666667,0.5274725274725275,0.7961165048543688,0.4666666666666667
t9wFHk9TM-U.001.3.jpg,0.4392523364485981,0.4166666666666667,0.5274725274725275,0.7961165048543688,0.4666666666666667
t9wFHk9TM-U.001.4.jpg,0.4392523364485981,0.4166666666666667,0.5274725274725275,0.7961165048543688,0.4666666666666667
Kv0kZgqZEM0.002.1.jpg,0.3457943925233645,0.4375,0.4945054945054945,0.4854368932038835,0.32222222222222224
Kv0kZgqZEM0.002.2.jpg,0.3457943925233645,0.4375,0.4945054945054945,0.4854368932038835,0.32222222222222224
Kv0kZgqZEM0.002.3.jpg,0.3457943925233645,0.4375,0.4945054945054945,0.4854368932038835,0.32222222222222224
Kv0kZgqZEM0.002.4.jpg,0.3457943925233645,0.4375,0.4945054945054945,0.4854368932038835,0.32222222222222224
51KRxB3g7A8.004.1.jpg,0.7570093457943926,0.6145833333333333,0.7142857142857143,0.7766990291262136,0.7666666666666666
51KRxB3g7A8.004.2.jpg,0.7570093457943926,0.6145833333333333,0.7142857142857143,0.7766990291262136,0.7666666666666666
51KRxB3g7A8.004.3.jpg,0.7570093457943926,0.6145833333333333,0.7142857142857143,0.7766990291262136,0.7666666666666666
51KRxB3g7A8.004.4.jpg,0.7570093457943926,0.6145833333333333,0.7142857142857143,0.7766990291262136,0.7666666666666666
zFVjcb45pjI.005.1.jpg,0.2897196261682243,0.3125,0.3406593406593406,0.30097087378640774,0.28888888888888886
zFVjcb45pjI.005.2.jpg,0.2897196261682243,0.3125,0.3406593406593406,0.30097087378640774,0.28888888888888886
zFVjcb45pjI.005.3.jpg,0.2897196261682243,0.3125,0.3406593406593406,0.30097087378640774,0.28888888888888886
zFVjcb45pjI.005.4.jpg,0.2897196261682243,0.3125,0.3406593406593406,0.30097087378640774,0.28888888888888886
bnoPmV0_aIc.001.1.jpg,0.4485981308411215,0.6770833333333334,0.5164835164835165,0.6893203883495147,0.6
bnoPmV0_aIc.001.2.jpg,0.4485981308411215,0.6770833333333334,0.5164835164835165,0.6893203883495147,0.6
bnoPmV0_aIc.001.3.jpg,0.4485981308411215,0.6770833333333334,0.5164835164835165,0.6893203883495147,0.6
bnoPmV0_aIc.001.4.jpg,0.4485981308411215,0.6770833333333334,0.5164835164835165,0.6893203883495147,0.6
hDqsuyVeWmw.005.1.jpg,0.8504672897196264,0.875,0.934065934065934,0.8252427184466018,1.0
hDqsuyVeWmw.005.2.jpg,0.8504672897196264,0.875,0.934065934065934,0.8252427184466018,1.0
hDqsuyVeWmw.005.3.jpg,0.8504672897196264,0.875,0.934065934065934,0.8252427184466018,1.0
hDqsuyVeWmw.005.4.jpg,0.8504672897196264,0.875,0.934065934065934,0.8252427184466018,1.0
2DZb5yIc6Fg.004.1.jpg,0.08411214953271029,0.06249999999999998,0.21978021978021975,0.2038834951456311,0.06666666666666672
2DZb5yIc6Fg.004.2.jpg,0.08411214953271029,0.06249999999999998,0.21978021978021975,0.2038834951456311,0.06666666666666672
2DZb5yIc6Fg.004.3.jpg,0.08411214953271029,0.06249999999999998,0.21978021978021975,0.2038834951456311,0.06666666666666672
2DZb5yIc6Fg.004.4.jpg,0.08411214953271029,0.06249999999999998,0.21978021978021975,0.2038834951456311,0.06666666666666672
8hW6WfYBP18.003.1.jpg,0.3177570093457944,0.46875,0.3626373626373627,0.3980582524271845,0.34444444444444444
8hW6WfYBP18.003.2.jpg,0.3177570093457944,0.46875,0.3626373626373627,0.3980582524271845,0.34444444444444444
8hW6WfYBP18.003.3.jpg,0.3177570093457944,0.46875,0.3626373626373627,0.3980582524271845,0.34444444444444444
8hW6WfYBP18.003.4.jpg,0.3177570093457944,0.46875,0.3626373626373627,0.3980582524271845,0.34444444444444444
Alox0G4xUfM.001.1.jpg,0.5700934579439253,0.5729166666666666,0.5824175824175825,0.5728155339805825,0.7444444444444444
Alox0G4xUfM.001.2.jpg,0.5700934579439253,0.5729166666666666,0.5824175824175825,0.5728155339805825,0.7444444444444444
Alox0G4xUfM.001.3.jpg,0.5700934579439253,0.5729166666666666,0.5824175824175825,0.5728155339805825,0.7444444444444444
Alox0G4xUfM.001.4.jpg,0.5700934579439253,0.5729166666666666,0.5824175824175825,0.5728155339805825,0.7444444444444444
tASMzbFSxsQ.004.1.jpg,0.7476635514018694,0.6458333333333333,0.7362637362637363,0.5825242718446602,0.8999999999999999
tASMzbFSxsQ.004.2.jpg,0.7476635514018694,0.6458333333333333,0.7362637362637363,0.5825242718446602,0.8999999999999999
tASMzbFSxsQ.004.3.jpg,0.7476635514018694,0.6458333333333333,0.7362637362637363,0.5825242718446602,0.8999999999999999
tASMzbFSxsQ.004.4.jpg,0.7476635514018694,0.6458333333333333,0.7362637362637363,0.5825242718446602,0.8999999999999999
L-C1blPD_ec.002.1.jpg,0.33644859813084116,0.28125,0.5384615384615384,0.4077669902912622,0.43333333333333335
L-C1blPD_ec.002.2.jpg,0.33644859813084116,0.28125,0.5384615384615384,0.4077669902912622,0.43333333333333335
L-C1blPD_ec.002.3.jpg,0.33644859813084116,0.28125,0.5384615384615384,0.4077669902912622,0.43333333333333335
L-C1blPD_ec.002.4.jpg,0.33644859813084116,0.28125,0.5384615384615384,0.4077669902912622,0.43333333333333335
4T9UUWWRE94.001.1.jpg,0.5046728971962617,0.5416666666666666,0.7252747252747254,0.4951456310679611,0.5555555555555556
4T9UUWWRE94.001.2.jpg,0.5046728971962617,0.5416666666666666,0.7252747252747254,0.4951456310679611,0.5555555555555556
4T9UUWWRE94.001.3.jpg,0.5046728971962617,0.5416666666666666,0.7252747252747254,0.4951456310679611,0.5555555555555556
4T9UUWWRE94.001.4.jpg,0.5046728971962617,0.5416666666666666,0.7252747252747254,0.4951456310679611,0.5555555555555556
WfCSCxADlrg.003.1.jpg,0.2336448598130841,0.20833333333333331,0.4285714285714285,0.2912621359223301,0.33333333333333337
WfCSCxADlrg.003.2.jpg,0.2336448598130841,0.20833333333333331,0.4285714285714285,0.2912621359223301,0.33333333333333337
WfCSCxADlrg.003.3.jpg,0.2336448598130841,0.20833333333333331,0.4285714285714285,0.2912621359223301,0.33333333333333337
WfCSCxADlrg.003.4.jpg,0.2336448598130841,0.20833333333333331,0.4285714285714285,0.2912621359223301,0.33333333333333337
8OGiv7FetSQ.003.1.jpg,0.4953271028037384,0.5833333333333333,0.5054945054945055,0.5339805825242718,0.611111111111111
8OGiv7FetSQ.003.2.jpg,0.4953271028037384,0.5833333333333333,0.5054945054945055,0.5339805825242718,0.611111111111111
8OGiv7FetSQ.003.3.jpg,0.4953271028037384,0.5833333333333333,0.5054945054945055,0.5339805825242718,0.611111111111111
8OGiv7FetSQ.003.4.jpg,0.4953271028037384,0.5833333333333333,0.5054945054945055,0.5339805825242718,0.611111111111111
UzgW75Fd4jU.000.1.jpg,0.18691588785046728,0.21874999999999997,0.4065934065934066,0.2038834951456311,0.28888888888888886
UzgW75Fd4jU.000.2.jpg,0.18691588785046728,0.21874999999999997,0.4065934065934066,0.2038834951456311,0.28888888888888886
UzgW75Fd4jU.000.3.jpg,0.18691588785046728,0.21874999999999997,0.4065934065934066,0.2038834951456311,0.28888888888888886
UzgW75Fd4jU.000.4.jpg,0.18691588785046728,0.21874999999999997,0.4065934065934066,0.2038834951456311,0.28888888888888886
YocrYFLm4CM.005.1.jpg,0.4299065420560748,0.6145833333333333,0.6483516483516484,0.5922330097087379,0.45555555555555555
YocrYFLm4CM.005.2.jpg,0.4299065420560748,0.6145833333333333,0.6483516483516484,0.5922330097087379,0.45555555555555555
YocrYFLm4CM.005.3.jpg,0.4299065420560748,0.6145833333333333,0.6483516483516484,0.5922330097087379,0.45555555555555555
YocrYFLm4CM.005.4.jpg,0.4299065420560748,0.6145833333333333,0.6483516483516484,0.5922330097087379,0.45555555555555555
HrddpXxWFns.004.1.jpg,0.663551401869159,0.8020833333333334,0.6593406593406592,0.7281553398058251,0.6777777777777777
HrddpXxWFns.004.2.jpg,0.663551401869159,0.8020833333333334,0.6593406593406592,0.7281553398058251,0.6777777777777777
HrddpXxWFns.004.3.jpg,0.663551401869159,0.8020833333333334,0.6593406593406592,0.7281553398058251,0.6777777777777777
HrddpXxWFns.004.4.jpg,0.663551401869159,0.8020833333333334,0.6593406593406592,0.7281553398058251,0.6777777777777777
xZ9iwqHw7GY.001.1.jpg,0.4953271028037384,0.6041666666666666,0.4615384615384615,0.4174757281553398,0.5555555555555556
xZ9iwqHw7GY.001.2.jpg,0.4953271028037384,0.6041666666666666,0.4615384615384615,0.4174757281553398,0.5555555555555556
xZ9iwqHw7GY.001.3.jpg,0.4953271028037384,0.6041666666666666,0.4615384615384615,0.4174757281553398,0.5555555555555556
xZ9iwqHw7GY.001.4.jpg,0.4953271028037384,0.6041666666666666,0.4615384615384615,0.4174757281553398,0.5555555555555556
dvCKoyBG1pE.003.1.jpg,0.5981308411214954,0.6666666666666667,0.7802197802197802,0.5242718446601942,0.7
dvCKoyBG1pE.003.2.jpg,0.5981308411214954,0.6666666666666667,0.7802197802197802,0.5242718446601942,0.7
dvCKoyBG1pE.003.3.jpg,0.5981308411214954,0.6666666666666667,0.7802197802197802,0.5242718446601942,0.7
dvCKoyBG1pE.003.4.jpg,0.5981308411214954,0.6666666666666667,0.7802197802197802,0.5242718446601942,0.7
CGfr9jl8w4Y.000.1.jpg,0.5607476635514019,0.5,0.6153846153846153,0.4077669902912622,0.5333333333333333
CGfr9jl8w4Y.000.2.jpg,0.5607476635514019,0.5,0.6153846153846153,0.4077669902912622,0.5333333333333333
CGfr9jl8w4Y.000.3.jpg,0.5607476635514019,0.5,0.6153846153846153,0.4077669902912622,0.5333333333333333
CGfr9jl8w4Y.000.4.jpg,0.5607476635514019,0.5,0.6153846153846153,0.4077669902912622,0.5333333333333333
nndDX4RgU1w.004.1.jpg,0.7102803738317757,0.7395833333333333,0.879120879120879,0.6019417475728155,0.6666666666666666
nndDX4RgU1w.004.2.jpg,0.7102803738317757,0.7395833333333333,0.879120879120879,0.6019417475728155,0.6666666666666666
nndDX4RgU1w.004.3.jpg,0.7102803738317757,0.7395833333333333,0.879120879120879,0.6019417475728155,0.6666666666666666
nndDX4RgU1w.004.4.jpg,0.7102803738317757,0.7395833333333333,0.879120879120879,0.6019417475728155,0.6666666666666666
itQ2wSlXqCw.004.1.jpg,0.47663551401869164,0.4895833333333333,0.4945054945054945,0.3980582524271845,0.4888888888888889
itQ2wSlXqCw.004.2.jpg,0.47663551401869164,0.4895833333333333,0.4945054945054945,0.3980582524271845,0.4888888888888889
itQ2wSlXqCw.004.3.jpg,0.47663551401869164,0.4895833333333333,0.4945054945054945,0.3980582524271845,0.4888888888888889
itQ2wSlXqCw.004.4.jpg,0.47663551401869164,0.4895833333333333,0.4945054945054945,0.3980582524271845,0.4888888888888889
bJktioZ5Yxk.005.1.jpg,0.5327102803738318,0.5729166666666666,0.6483516483516484,0.6504854368932039,0.5777777777777777
bJktioZ5Yxk.005.2.jpg,0.5327102803738318,0.5729166666666666,0.6483516483516484,0.6504854368932039,0.5777777777777777
bJktioZ5Yxk.005.3.jpg,0.5327102803738318,0.5729166666666666,0.6483516483516484,0.6504854368932039,0.5777777777777777
bJktioZ5Yxk.005.4.jpg,0.5327102803738318,0.5729166666666666,0.6483516483516484,0.6504854368932039,0.5777777777777777
bBqZyG-9ksM.000.1.jpg,0.5607476635514019,0.5208333333333334,0.6813186813186812,0.47572815533980584,0.5777777777777777
bBqZyG-9ksM.000.2.jpg,0.5607476635514019,0.5208333333333334,0.6813186813186812,0.47572815533980584,0.5777777777777777
bBqZyG-9ksM.000.3.jpg,0.5607476635514019,0.5208333333333334,0.6813186813186812,0.47572815533980584,0.5777777777777777
bBqZyG-9ksM.000.4.jpg,0.5607476635514019,0.5208333333333334,0.6813186813186812,0.47572815533980584,0.5777777777777777
HPEemWelY1E.003.1.jpg,0.5420560747663552,0.5625,0.6813186813186812,0.5242718446601942,0.5555555555555556
HPEemWelY1E.003.2.jpg,0.5420560747663552,0.5625,0.6813186813186812,0.5242718446601942,0.5555555555555556
HPEemWelY1E.003.3.jpg,0.5420560747663552,0.5625,0.6813186813186812,0.5242718446601942,0.5555555555555556
HPEemWelY1E.003.4.jpg,0.5420560747663552,0.5625,0.6813186813186812,0.5242718446601942,0.5555555555555556
t0_DAgeU4nM.001.1.jpg,0.4299065420560748,0.5416666666666666,0.5384615384615384,0.4368932038834952,0.4666666666666667
t0_DAgeU4nM.001.2.jpg,0.4299065420560748,0.5416666666666666,0.5384615384615384,0.4368932038834952,0.4666666666666667
t0_DAgeU4nM.001.3.jpg,0.4299065420560748,0.5416666666666666,0.5384615384615384,0.4368932038834952,0.4666666666666667
t0_DAgeU4nM.001.4.jpg,0.4299065420560748,0.5416666666666666,0.5384615384615384,0.4368932038834952,0.4666666666666667
esk_mav4MRk.004.1.jpg,0.29906542056074764,0.4166666666666667,0.5494505494505494,0.6504854368932039,0.5222222222222223
esk_mav4MRk.004.2.jpg,0.29906542056074764,0.4166666666666667,0.5494505494505494,0.6504854368932039,0.5222222222222223
esk_mav4MRk.004.3.jpg,0.29906542056074764,0.4166666666666667,0.5494505494505494,0.6504854368932039,0.5222222222222223
esk_mav4MRk.004.4.jpg,0.29906542056074764,0.4166666666666667,0.5494505494505494,0.6504854368932039,0.5222222222222223
MvWDky9ZaWU.001.1.jpg,0.6168224299065421,0.8958333333333334,0.7582417582417583,0.7864077669902914,0.7444444444444444
MvWDky9ZaWU.001.2.jpg,0.6168224299065421,0.8958333333333334,0.7582417582417583,0.7864077669902914,0.7444444444444444
MvWDky9ZaWU.001.3.jpg,0.6168224299065421,0.8958333333333334,0.7582417582417583,0.7864077669902914,0.7444444444444444
MvWDky9ZaWU.001.4.jpg,0.6168224299065421,0.8958333333333334,0.7582417582417583,0.7864077669902914,0.7444444444444444
5BPGRteF64Y.000.1.jpg,0.4579439252336449,0.6041666666666666,0.4065934065934066,0.3980582524271845,0.6
5BPGRteF64Y.000.2.jpg,0.4579439252336449,0.6041666666666666,0.4065934065934066,0.3980582524271845,0.6
5BPGRteF64Y.000.3.jpg,0.4579439252336449,0.6041666666666666,0.4065934065934066,0.3980582524271845,0.6
5BPGRteF64Y.000.4.jpg,0.4579439252336449,0.6041666666666666,0.4065934065934066,0.3980582524271845,0.6
MCr6FmFAhak.002.1.jpg,0.6168224299065421,0.6354166666666666,0.6703296703296703,0.5339805825242718,0.6555555555555556
MCr6FmFAhak.002.2.jpg,0.6168224299065421,0.6354166666666666,0.6703296703296703,0.5339805825242718,0.6555555555555556
MCr6FmFAhak.002.3.jpg,0.6168224299065421,0.6354166666666666,0.6703296703296703,0.5339805825242718,0.6555555555555556
MCr6FmFAhak.002.4.jpg,0.6168224299065421,0.6354166666666666,0.6703296703296703,0.5339805825242718,0.6555555555555556
V2nvyZB-JNM.000.1.jpg,0.4485981308411215,0.4375,0.5164835164835165,0.4368932038834952,0.5
V2nvyZB-JNM.000.2.jpg,0.4485981308411215,0.4375,0.5164835164835165,0.4368932038834952,0.5
V2nvyZB-JNM.000.3.jpg,0.4485981308411215,0.4375,0.5164835164835165,0.4368932038834952,0.5
V2nvyZB-JNM.000.4.jpg,0.4485981308411215,0.4375,0.5164835164835165,0.4368932038834952,0.5
x0CZuHnJ0Hs.001.1.jpg,0.26168224299065423,0.4375,0.5164835164835165,0.3980582524271845,0.5222222222222223
x0CZuHnJ0Hs.001.2.jpg,0.26168224299065423,0.4375,0.5164835164835165,0.3980582524271845,0.5222222222222223
x0CZuHnJ0Hs.001.3.jpg,0.26168224299065423,0.4375,0.5164835164835165,0.3980582524271845,0.5222222222222223
x0CZuHnJ0Hs.001.4.jpg,0.26168224299065423,0.4375,0.5164835164835165,0.3980582524271845,0.5222222222222223
0G9vplL8ae8.004.1.jpg,0.37383177570093457,0.42708333333333337,0.4065934065934066,0.4077669902912622,0.5666666666666667
0G9vplL8ae8.004.2.jpg,0.37383177570093457,0.42708333333333337,0.4065934065934066,0.4077669902912622,0.5666666666666667
0G9vplL8ae8.004.3.jpg,0.37383177570093457,0.42708333333333337,0.4065934065934066,0.4077669902912622,0.5666666666666667
0G9vplL8ae8.004.4.jpg,0.37383177570093457,0.42708333333333337,0.4065934065934066,0.4077669902912622,0.5666666666666667
Gtq5nfRlRx8.005.1.jpg,0.7102803738317757,0.6145833333333333,0.5604395604395604,0.7087378640776699,0.6888888888888889
Gtq5nfRlRx8.005.2.jpg,0.7102803738317757,0.6145833333333333,0.5604395604395604,0.7087378640776699,0.6888888888888889
Gtq5nfRlRx8.005.3.jpg,0.7102803738317757,0.6145833333333333,0.5604395604395604,0.7087378640776699,0.6888888888888889
Gtq5nfRlRx8.005.4.jpg,0.7102803738317757,0.6145833333333333,0.5604395604395604,0.7087378640776699,0.6888888888888889
4JYmE9a21aI.001.1.jpg,0.5794392523364487,0.6354166666666666,0.5934065934065933,0.6213592233009709,0.6666666666666666
4JYmE9a21aI.001.2.jpg,0.5794392523364487,0.6354166666666666,0.5934065934065933,0.6213592233009709,0.6666666666666666
4JYmE9a21aI.001.3.jpg,0.5794392523364487,0.6354166666666666,0.5934065934065933,0.6213592233009709,0.6666666666666666
4JYmE9a21aI.001.4.jpg,0.5794392523364487,0.6354166666666666,0.5934065934065933,0.6213592233009709,0.6666666666666666
Bo-mrL28d8M.005.1.jpg,0.20560747663551404,0.22916666666666663,0.3736263736263736,0.2621359223300971,0.26666666666666666
Bo-mrL28d8M.005.2.jpg,0.20560747663551404,0.22916666666666663,0.3736263736263736,0.2621359223300971,0.26666666666666666
Bo-mrL28d8M.005.3.jpg,0.20560747663551404,0.22916666666666663,0.3736263736263736,0.2621359223300971,0.26666666666666666
Bo-mrL28d8M.005.4.jpg,0.20560747663551404,0.22916666666666663,0.3736263736263736,0.2621359223300971,0.26666666666666666
bN2IM-rqZlc.001.1.jpg,0.12149532710280371,0.020833333333333325,0.2747252747252747,0.15533980582524273,0.25555555555555554
bN2IM-rqZlc.001.2.jpg,0.12149532710280371,0.020833333333333325,0.2747252747252747,0.15533980582524273,0.25555555555555554
bN2IM-rqZlc.001.3.jpg,0.12149532710280371,0.020833333333333325,0.2747252747252747,0.15533980582524273,0.25555555555555554
bN2IM-rqZlc.001.4.jpg,0.12149532710280371,0.020833333333333325,0.2747252747252747,0.15533980582524273,0.25555555555555554
7WixH0aSfqI.000.1.jpg,0.7196261682242993,0.6875,0.7032967032967032,0.6310679611650486,0.7777777777777777
7WixH0aSfqI.000.2.jpg,0.7196261682242993,0.6875,0.7032967032967032,0.6310679611650486,0.7777777777777777
7WixH0aSfqI.000.3.jpg,0.7196261682242993,0.6875,0.7032967032967032,0.6310679611650486,0.7777777777777777
7WixH0aSfqI.000.4.jpg,0.7196261682242993,0.6875,0.7032967032967032,0.6310679611650486,0.7777777777777777
nUbhRInpVbA.002.1.jpg,0.39252336448598135,0.3854166666666667,0.5274725274725275,0.4368932038834952,0.5444444444444444
nUbhRInpVbA.002.2.jpg,0.39252336448598135,0.3854166666666667,0.5274725274725275,0.4368932038834952,0.5444444444444444
nUbhRInpVbA.002.3.jpg,0.39252336448598135,0.3854166666666667,0.5274725274725275,0.4368932038834952,0.5444444444444444
nUbhRInpVbA.002.4.jpg,0.39252336448598135,0.3854166666666667,0.5274725274725275,0.4368932038834952,0.5444444444444444
AlEqtGWa43g.004.1.jpg,0.5420560747663552,0.5104166666666666,0.6043956043956044,0.5145631067961165,0.5555555555555556
AlEqtGWa43g.004.2.jpg,0.5420560747663552,0.5104166666666666,0.6043956043956044,0.5145631067961165,0.5555555555555556
AlEqtGWa43g.004.3.jpg,0.5420560747663552,0.5104166666666666,0.6043956043956044,0.5145631067961165,0.5555555555555556
AlEqtGWa43g.004.4.jpg,0.5420560747663552,0.5104166666666666,0.6043956043956044,0.5145631067961165,0.5555555555555556
si_gZCrLa4A.004.1.jpg,0.39252336448598135,0.4166666666666667,0.6263736263736264,0.3883495145631068,0.5
si_gZCrLa4A.004.2.jpg,0.39252336448598135,0.4166666666666667,0.6263736263736264,0.3883495145631068,0.5
si_gZCrLa4A.004.3.jpg,0.39252336448598135,0.4166666666666667,0.6263736263736264,0.3883495145631068,0.5
si_gZCrLa4A.004.4.jpg,0.39252336448598135,0.4166666666666667,0.6263736263736264,0.3883495145631068,0.5
hrat_RJczFM.000.1.jpg,0.4112149532710281,0.4479166666666667,0.5384615384615384,0.5339805825242718,0.4888888888888889
hrat_RJczFM.000.2.jpg,0.4112149532710281,0.4479166666666667,0.5384615384615384,0.5339805825242718,0.4888888888888889
hrat_RJczFM.000.3.jpg,0.4112149532710281,0.4479166666666667,0.5384615384615384,0.5339805825242718,0.4888888888888889
hrat_RJczFM.000.4.jpg,0.4112149532710281,0.4479166666666667,0.5384615384615384,0.5339805825242718,0.4888888888888889
0qtCdb23_2g.000.1.jpg,0.17757009345794392,0.4791666666666667,0.3846153846153846,0.5922330097087379,0.6888888888888889
0qtCdb23_2g.000.2.jpg,0.17757009345794392,0.4791666666666667,0.3846153846153846,0.5922330097087379,0.6888888888888889
0qtCdb23_2g.000.3.jpg,0.17757009345794392,0.4791666666666667,0.3846153846153846,0.5922330097087379,0.6888888888888889
0qtCdb23_2g.000.4.jpg,0.17757009345794392,0.4791666666666667,0.3846153846153846,0.5922330097087379,0.6888888888888889
x6Tluj4dJTU.000.1.jpg,0.48598130841121495,0.6041666666666666,0.6153846153846153,0.5922330097087379,0.5777777777777777
x6Tluj4dJTU.000.2.jpg,0.48598130841121495,0.6041666666666666,0.6153846153846153,0.5922330097087379,0.5777777777777777
x6Tluj4dJTU.000.3.jpg,0.48598130841121495,0.6041666666666666,0.6153846153846153,0.5922330097087379,0.5777777777777777
x6Tluj4dJTU.000.4.jpg,0.48598130841121495,0.6041666666666666,0.6153846153846153,0.5922330097087379,0.5777777777777777
fG-hvGTHoec.000.1.jpg,0.36448598130841126,0.46875,0.4615384615384615,0.4466019417475728,0.6222222222222222
fG-hvGTHoec.000.2.jpg,0.36448598130841126,0.46875,0.4615384615384615,0.4466019417475728,0.6222222222222222
fG-hvGTHoec.000.3.jpg,0.36448598130841126,0.46875,0.4615384615384615,0.4466019417475728,0.6222222222222222
fG-hvGTHoec.000.4.jpg,0.36448598130841126,0.46875,0.4615384615384615,0.4466019417475728,0.6222222222222222
o6JCQlOC3oE.001.1.jpg,0.4112149532710281,0.4166666666666667,0.4835164835164835,0.30097087378640774,0.4444444444444445
o6JCQlOC3oE.001.2.jpg,0.4112149532710281,0.4166666666666667,0.4835164835164835,0.30097087378640774,0.4444444444444445
o6JCQlOC3oE.001.3.jpg,0.4112149532710281,0.4166666666666667,0.4835164835164835,0.30097087378640774,0.4444444444444445
o6JCQlOC3oE.001.4.jpg,0.4112149532710281,0.4166666666666667,0.4835164835164835,0.30097087378640774,0.4444444444444445
tiVKJWLzmk4.003.1.jpg,0.47663551401869164,0.7395833333333333,0.6373626373626373,0.42718446601941745,0.7222222222222221
tiVKJWLzmk4.003.2.jpg,0.47663551401869164,0.7395833333333333,0.6373626373626373,0.42718446601941745,0.7222222222222221
tiVKJWLzmk4.003.3.jpg,0.47663551401869164,0.7395833333333333,0.6373626373626373,0.42718446601941745,0.7222222222222221
tiVKJWLzmk4.003.4.jpg,0.47663551401869164,0.7395833333333333,0.6373626373626373,0.42718446601941745,0.7222222222222221
ApPnsnIZozw.002.1.jpg,0.6261682242990655,0.53125,0.6263736263736264,0.5145631067961165,0.5666666666666667
ApPnsnIZozw.002.2.jpg,0.6261682242990655,0.53125,0.6263736263736264,0.5145631067961165,0.5666666666666667
ApPnsnIZozw.002.3.jpg,0.6261682242990655,0.53125,0.6263736263736264,0.5145631067961165,0.5666666666666667
ApPnsnIZozw.002.4.jpg,0.6261682242990655,0.53125,0.6263736263736264,0.5145631067961165,0.5666666666666667
TK6hBCARiHI.005.1.jpg,0.5420560747663552,0.5520833333333334,0.5604395604395604,0.4854368932038835,0.5666666666666667
TK6hBCARiHI.005.2.jpg,0.5420560747663552,0.5520833333333334,0.5604395604395604,0.4854368932038835,0.5666666666666667
TK6hBCARiHI.005.3.jpg,0.5420560747663552,0.5520833333333334,0.5604395604395604,0.4854368932038835,0.5666666666666667
TK6hBCARiHI.005.4.jpg,0.5420560747663552,0.5520833333333334,0.5604395604395604,0.4854368932038835,0.5666666666666667
qP1UtCbMaW4.002.1.jpg,0.5327102803738318,0.59375,0.6593406593406592,0.4174757281553398,0.5333333333333333
qP1UtCbMaW4.002.2.jpg,0.5327102803738318,0.59375,0.6593406593406592,0.4174757281553398,0.5333333333333333
qP1UtCbMaW4.002.3.jpg,0.5327102803738318,0.59375,0.6593406593406592,0.4174757281553398,0.5333333333333333
qP1UtCbMaW4.002.4.jpg,0.5327102803738318,0.59375,0.6593406593406592,0.4174757281553398,0.5333333333333333
Ywfun1LIwOE.000.1.jpg,0.5420560747663552,0.6979166666666666,0.5604395604395604,0.8058252427184466,0.6777777777777777
Ywfun1LIwOE.000.2.jpg,0.5420560747663552,0.6979166666666666,0.5604395604395604,0.8058252427184466,0.6777777777777777
Ywfun1LIwOE.000.3.jpg,0.5420560747663552,0.6979166666666666,0.5604395604395604,0.8058252427184466,0.6777777777777777
Ywfun1LIwOE.000.4.jpg,0.5420560747663552,0.6979166666666666,0.5604395604395604,0.8058252427184466,0.6777777777777777
XFpzukISe6s.001.1.jpg,0.38317757009345793,0.19791666666666666,0.4505494505494505,0.3786407766990291,0.3666666666666667
XFpzukISe6s.001.2.jpg,0.38317757009345793,0.19791666666666666,0.4505494505494505,0.3786407766990291,0.3666666666666667
XFpzukISe6s.001.3.jpg,0.38317757009345793,0.19791666666666666,0.4505494505494505,0.3786407766990291,0.3666666666666667
XFpzukISe6s.001.4.jpg,0.38317757009345793,0.19791666666666666,0.4505494505494505,0.3786407766990291,0.3666666666666667
JxxF9y61ujA.001.1.jpg,0.28037383177570097,0.4479166666666667,0.4945054945054945,0.4854368932038835,0.4666666666666667
JxxF9y61ujA.001.2.jpg,0.28037383177570097,0.4479166666666667,0.4945054945054945,0.4854368932038835,0.4666666666666667
JxxF9y61ujA.001.3.jpg,0.28037383177570097,0.4479166666666667,0.4945054945054945,0.4854368932038835,0.4666666666666667
JxxF9y61ujA.001.4.jpg,0.28037383177570097,0.4479166666666667,0.4945054945054945,0.4854368932038835,0.4666666666666667
YNlhBpVk1tw.003.1.jpg,0.24299065420560748,0.32291666666666663,0.4725274725274725,0.4077669902912622,0.34444444444444444
YNlhBpVk1tw.003.2.jpg,0.24299065420560748,0.32291666666666663,0.4725274725274725,0.4077669902912622,0.34444444444444444
YNlhBpVk1tw.003.3.jpg,0.24299065420560748,0.32291666666666663,0.4725274725274725,0.4077669902912622,0.34444444444444444
YNlhBpVk1tw.003.4.jpg,0.24299065420560748,0.32291666666666663,0.4725274725274725,0.4077669902912622,0.34444444444444444
KfurkMyjD-c.005.1.jpg,0.4018691588785047,0.5208333333333334,0.5714285714285714,0.42718446601941745,0.6333333333333333
KfurkMyjD-c.005.2.jpg,0.4018691588785047,0.5208333333333334,0.5714285714285714,0.42718446601941745,0.6333333333333333
KfurkMyjD-c.005.3.jpg,0.4018691588785047,0.5208333333333334,0.5714285714285714,0.42718446601941745,0.6333333333333333
KfurkMyjD-c.005.4.jpg,0.4018691588785047,0.5208333333333334,0.5714285714285714,0.42718446601941745,0.6333333333333333
4lj66h4CXI8.004.1.jpg,0.5327102803738318,0.6145833333333333,0.4945054945054945,0.6601941747572816,0.6222222222222222
4lj66h4CXI8.004.2.jpg,0.5327102803738318,0.6145833333333333,0.4945054945054945,0.6601941747572816,0.6222222222222222
4lj66h4CXI8.004.3.jpg,0.5327102803738318,0.6145833333333333,0.4945054945054945,0.6601941747572816,0.6222222222222222
4lj66h4CXI8.004.4.jpg,0.5327102803738318,0.6145833333333333,0.4945054945054945,0.6601941747572816,0.6222222222222222
OxaBanUE6KE.000.1.jpg,0.5233644859813085,0.59375,0.4835164835164835,0.7475728155339806,0.6444444444444444
OxaBanUE6KE.000.2.jpg,0.5233644859813085,0.59375,0.4835164835164835,0.7475728155339806,0.6444444444444444
OxaBanUE6KE.000.3.jpg,0.5233644859813085,0.59375,0.4835164835164835,0.7475728155339806,0.6444444444444444
OxaBanUE6KE.000.4.jpg,0.5233644859813085,0.59375,0.4835164835164835,0.7475728155339806,0.6444444444444444
cZ6xhB5yhfY.005.1.jpg,0.3271028037383178,0.45833333333333337,0.3956043956043956,0.6893203883495147,0.4444444444444445
cZ6xhB5yhfY.005.2.jpg,0.3271028037383178,0.45833333333333337,0.3956043956043956,0.6893203883495147,0.4444444444444445
cZ6xhB5yhfY.005.3.jpg,0.3271028037383178,0.45833333333333337,0.3956043956043956,0.6893203883495147,0.4444444444444445
cZ6xhB5yhfY.005.4.jpg,0.3271028037383178,0.45833333333333337,0.3956043956043956,0.6893203883495147,0.4444444444444445
_g3M_MoFIvA.002.1.jpg,0.6074766355140188,0.5416666666666666,0.6153846153846153,0.3300970873786408,0.6666666666666666
_g3M_MoFIvA.002.2.jpg,0.6074766355140188,0.5416666666666666,0.6153846153846153,0.3300970873786408,0.6666666666666666
_g3M_MoFIvA.002.3.jpg,0.6074766355140188,0.5416666666666666,0.6153846153846153,0.3300970873786408,0.6666666666666666
_g3M_MoFIvA.002.4.jpg,0.6074766355140188,0.5416666666666666,0.6153846153846153,0.3300970873786408,0.6666666666666666
_QXI4n_FRN4.002.1.jpg,0.5794392523364487,0.6354166666666666,0.7032967032967032,0.8058252427184466,0.611111111111111
_QXI4n_FRN4.002.2.jpg,0.5794392523364487,0.6354166666666666,0.7032967032967032,0.8058252427184466,0.611111111111111
_QXI4n_FRN4.002.3.jpg,0.5794392523364487,0.6354166666666666,0.7032967032967032,0.8058252427184466,0.611111111111111
_QXI4n_FRN4.002.4.jpg,0.5794392523364487,0.6354166666666666,0.7032967032967032,0.8058252427184466,0.611111111111111
grhDDOLsBho.003.1.jpg,0.4392523364485981,0.35416666666666663,0.5054945054945055,0.27184466019417475,0.4444444444444445
grhDDOLsBho.003.2.jpg,0.4392523364485981,0.35416666666666663,0.5054945054945055,0.27184466019417475,0.4444444444444445
grhDDOLsBho.003.3.jpg,0.4392523364485981,0.35416666666666663,0.5054945054945055,0.27184466019417475,0.4444444444444445
grhDDOLsBho.003.4.jpg,0.4392523364485981,0.35416666666666663,0.5054945054945055,0.27184466019417475,0.4444444444444445
MbufNmC0JL0.001.1.jpg,0.7476635514018694,0.7187499999999999,0.7582417582417583,0.7184466019417477,0.7999999999999999
MbufNmC0JL0.001.2.jpg,0.7476635514018694,0.7187499999999999,0.7582417582417583,0.7184466019417477,0.7999999999999999
MbufNmC0JL0.001.3.jpg,0.7476635514018694,0.7187499999999999,0.7582417582417583,0.7184466019417477,0.7999999999999999
MbufNmC0JL0.001.4.jpg,0.7476635514018694,0.7187499999999999,0.7582417582417583,0.7184466019417477,0.7999999999999999
jFx6AEw6viQ.000.1.jpg,0.17757009345794392,0.15624999999999994,0.25274725274725274,0.16504854368932043,0.1888888888888889
jFx6AEw6viQ.000.2.jpg,0.17757009345794392,0.15624999999999994,0.25274725274725274,0.16504854368932043,0.1888888888888889
jFx6AEw6viQ.000.3.jpg,0.17757009345794392,0.15624999999999994,0.25274725274725274,0.16504854368932043,0.1888888888888889
jFx6AEw6viQ.000.4.jpg,0.17757009345794392,0.15624999999999994,0.25274725274725274,0.16504854368932043,0.1888888888888889
G7hYffrZ1Hc.001.1.jpg,0.6074766355140188,0.59375,0.5604395604395604,0.5533980582524272,0.5666666666666667
G7hYffrZ1Hc.001.2.jpg,0.6074766355140188,0.59375,0.5604395604395604,0.5533980582524272,0.5666666666666667
G7hYffrZ1Hc.001.3.jpg,0.6074766355140188,0.59375,0.5604395604395604,0.5533980582524272,0.5666666666666667
G7hYffrZ1Hc.001.4.jpg,0.6074766355140188,0.59375,0.5604395604395604,0.5533980582524272,0.5666666666666667
nB-fPmvZg3U.004.1.jpg,0.4672897196261683,0.5,0.6593406593406592,0.5048543689320388,0.6444444444444444
nB-fPmvZg3U.004.2.jpg,0.4672897196261683,0.5,0.6593406593406592,0.5048543689320388,0.6444444444444444
nB-fPmvZg3U.004.3.jpg,0.4672897196261683,0.5,0.6593406593406592,0.5048543689320388,0.6444444444444444
nB-fPmvZg3U.004.4.jpg,0.4672897196261683,0.5,0.6593406593406592,0.5048543689320388,0.6444444444444444
dvU5jYExl0o.002.1.jpg,0.2710280373831776,0.42708333333333337,0.5604395604395604,0.6796116504854369,0.41111111111111115
dvU5jYExl0o.002.2.jpg,0.2710280373831776,0.42708333333333337,0.5604395604395604,0.6796116504854369,0.41111111111111115
dvU5jYExl0o.002.3.jpg,0.2710280373831776,0.42708333333333337,0.5604395604395604,0.6796116504854369,0.41111111111111115
dvU5jYExl0o.002.4.jpg,0.2710280373831776,0.42708333333333337,0.5604395604395604,0.6796116504854369,0.41111111111111115
mZzWhUI0CP0.003.1.jpg,0.5514018691588786,0.6354166666666666,0.4505494505494505,0.6116504854368932,0.6777777777777777
mZzWhUI0CP0.003.2.jpg,0.5514018691588786,0.6354166666666666,0.4505494505494505,0.6116504854368932,0.6777777777777777
mZzWhUI0CP0.003.3.jpg,0.5514018691588786,0.6354166666666666,0.4505494505494505,0.6116504854368932,0.6777777777777777
mZzWhUI0CP0.003.4.jpg,0.5514018691588786,0.6354166666666666,0.4505494505494505,0.6116504854368932,0.6777777777777777
okSmKH2k5lE.004.1.jpg,0.14018691588785046,0.2708333333333333,0.29670329670329665,0.4951456310679611,0.2111111111111111
okSmKH2k5lE.004.2.jpg,0.14018691588785046,0.2708333333333333,0.29670329670329665,0.4951456310679611,0.2111111111111111
okSmKH2k5lE.004.3.jpg,0.14018691588785046,0.2708333333333333,0.29670329670329665,0.4951456310679611,0.2111111111111111
okSmKH2k5lE.004.4.jpg,0.14018691588785046,0.2708333333333333,0.29670329670329665,0.4951456310679611,0.2111111111111111
mwjoabuP-GM.000.1.jpg,0.39252336448598135,0.6354166666666666,0.5494505494505494,0.6213592233009709,0.5
mwjoabuP-GM.000.2.jpg,0.39252336448598135,0.6354166666666666,0.5494505494505494,0.6213592233009709,0.5
mwjoabuP-GM.000.3.jpg,0.39252336448598135,0.6354166666666666,0.5494505494505494,0.6213592233009709,0.5
mwjoabuP-GM.000.4.jpg,0.39252336448598135,0.6354166666666666,0.5494505494505494,0.6213592233009709,0.5
kV7MFI2_ddo.001.1.jpg,0.4112149532710281,0.3645833333333333,0.4065934065934066,0.4368932038834952,0.5555555555555556
kV7MFI2_ddo.001.2.jpg,0.4112149532710281,0.3645833333333333,0.4065934065934066,0.4368932038834952,0.5555555555555556
kV7MFI2_ddo.001.3.jpg,0.4112149532710281,0.3645833333333333,0.4065934065934066,0.4368932038834952,0.5555555555555556
kV7MFI2_ddo.001.4.jpg,0.4112149532710281,0.3645833333333333,0.4065934065934066,0.4368932038834952,0.5555555555555556
ins5QQc2dR0.002.1.jpg,0.29906542056074764,0.32291666666666663,0.3406593406593406,0.30097087378640774,0.2777777777777778
ins5QQc2dR0.002.2.jpg,0.29906542056074764,0.32291666666666663,0.3406593406593406,0.30097087378640774,0.2777777777777778
ins5QQc2dR0.002.3.jpg,0.29906542056074764,0.32291666666666663,0.3406593406593406,0.30097087378640774,0.2777777777777778
ins5QQc2dR0.002.4.jpg,0.29906542056074764,0.32291666666666663,0.3406593406593406,0.30097087378640774,0.2777777777777778
OiDyfO2zB7s.004.1.jpg,0.24299065420560748,0.20833333333333331,0.4835164835164835,0.30097087378640774,0.32222222222222224
OiDyfO2zB7s.004.2.jpg,0.24299065420560748,0.20833333333333331,0.4835164835164835,0.30097087378640774,0.32222222222222224
OiDyfO2zB7s.004.3.jpg,0.24299065420560748,0.20833333333333331,0.4835164835164835,0.30097087378640774,0.32222222222222224
OiDyfO2zB7s.004.4.jpg,0.24299065420560748,0.20833333333333331,0.4835164835164835,0.30097087378640774,0.32222222222222224
bcRPLKygrNk.005.1.jpg,0.588785046728972,0.53125,0.3626373626373627,0.4854368932038835,0.4222222222222222
bcRPLKygrNk.005.2.jpg,0.588785046728972,0.53125,0.3626373626373627,0.4854368932038835,0.4222222222222222
bcRPLKygrNk.005.3.jpg,0.588785046728972,0.53125,0.3626373626373627,0.4854368932038835,0.4222222222222222
bcRPLKygrNk.005.4.jpg,0.588785046728972,0.53125,0.3626373626373627,0.4854368932038835,0.4222222222222222
MvWDky9ZaWU.004.1.jpg,0.7570093457943926,0.8229166666666667,0.857142857142857,0.7961165048543688,0.8222222222222221
MvWDky9ZaWU.004.2.jpg,0.7570093457943926,0.8229166666666667,0.857142857142857,0.7961165048543688,0.8222222222222221
MvWDky9ZaWU.004.3.jpg,0.7570093457943926,0.8229166666666667,0.857142857142857,0.7961165048543688,0.8222222222222221
MvWDky9ZaWU.004.4.jpg,0.7570093457943926,0.8229166666666667,0.857142857142857,0.7961165048543688,0.8222222222222221
txU8yE9d-4k.002.1.jpg,0.20560747663551404,0.28125,0.32967032967032966,0.2621359223300971,0.33333333333333337
txU8yE9d-4k.002.2.jpg,0.20560747663551404,0.28125,0.32967032967032966,0.2621359223300971,0.33333333333333337
txU8yE9d-4k.002.3.jpg,0.20560747663551404,0.28125,0.32967032967032966,0.2621359223300971,0.33333333333333337
txU8yE9d-4k.002.4.jpg,0.20560747663551404,0.28125,0.32967032967032966,0.2621359223300971,0.33333333333333337
54K75EhiTEk.001.1.jpg,0.2149532710280374,0.4479166666666667,0.5164835164835165,0.3883495145631068,0.4444444444444445
54K75EhiTEk.001.2.jpg,0.2149532710280374,0.4479166666666667,0.5164835164835165,0.3883495145631068,0.4444444444444445
54K75EhiTEk.001.3.jpg,0.2149532710280374,0.4479166666666667,0.5164835164835165,0.3883495145631068,0.4444444444444445
54K75EhiTEk.001.4.jpg,0.2149532710280374,0.4479166666666667,0.5164835164835165,0.3883495145631068,0.4444444444444445
_UnoRkHkYB8.004.1.jpg,0.5233644859813085,0.6979166666666666,0.5714285714285714,0.5825242718446602,0.6222222222222222
_UnoRkHkYB8.004.2.jpg,0.5233644859813085,0.6979166666666666,0.5714285714285714,0.5825242718446602,0.6222222222222222
_UnoRkHkYB8.004.3.jpg,0.5233644859813085,0.6979166666666666,0.5714285714285714,0.5825242718446602,0.6222222222222222
_UnoRkHkYB8.004.4.jpg,0.5233644859813085,0.6979166666666666,0.5714285714285714,0.5825242718446602,0.6222222222222222
5VG1EgzvprE.002.1.jpg,0.691588785046729,0.7291666666666667,0.5934065934065933,0.7572815533980582,0.7444444444444444
5VG1EgzvprE.002.2.jpg,0.691588785046729,0.7291666666666667,0.5934065934065933,0.7572815533980582,0.7444444444444444
5VG1EgzvprE.002.3.jpg,0.691588785046729,0.7291666666666667,0.5934065934065933,0.7572815533980582,0.7444444444444444
5VG1EgzvprE.002.4.jpg,0.691588785046729,0.7291666666666667,0.5934065934065933,0.7572815533980582,0.7444444444444444
qFYgMFMal_s.002.1.jpg,0.5140186915887851,0.59375,0.6373626373626373,0.6504854368932039,0.4888888888888889
qFYgMFMal_s.002.2.jpg,0.5140186915887851,0.59375,0.6373626373626373,0.6504854368932039,0.4888888888888889
qFYgMFMal_s.002.3.jpg,0.5140186915887851,0.59375,0.6373626373626373,0.6504854368932039,0.4888888888888889
qFYgMFMal_s.002.4.jpg,0.5140186915887851,0.59375,0.6373626373626373,0.6504854368932039,0.4888888888888889
N5YT0FFd3-s.002.1.jpg,0.47663551401869164,0.59375,0.7142857142857143,0.6213592233009709,0.6666666666666666
N5YT0FFd3-s.002.2.jpg,0.47663551401869164,0.59375,0.7142857142857143,0.6213592233009709,0.6666666666666666
N5YT0FFd3-s.002.3.jpg,0.47663551401869164,0.59375,0.7142857142857143,0.6213592233009709,0.6666666666666666
N5YT0FFd3-s.002.4.jpg,0.47663551401869164,0.59375,0.7142857142857143,0.6213592233009709,0.6666666666666666
e07IozLUeKc.004.1.jpg,0.47663551401869164,0.5729166666666666,0.4945054945054945,0.6019417475728155,0.6222222222222222
e07IozLUeKc.004.2.jpg,0.47663551401869164,0.5729166666666666,0.4945054945054945,0.6019417475728155,0.6222222222222222
e07IozLUeKc.004.3.jpg,0.47663551401869164,0.5729166666666666,0.4945054945054945,0.6019417475728155,0.6222222222222222
e07IozLUeKc.004.4.jpg,0.47663551401869164,0.5729166666666666,0.4945054945054945,0.6019417475728155,0.6222222222222222
iFSF6v3xw_k.000.1.jpg,0.5046728971962617,0.6041666666666666,0.5494505494505494,0.5533980582524272,0.6777777777777777
iFSF6v3xw_k.000.2.jpg,0.5046728971962617,0.6041666666666666,0.5494505494505494,0.5533980582524272,0.6777777777777777
iFSF6v3xw_k.000.3.jpg,0.5046728971962617,0.6041666666666666,0.5494505494505494,0.5533980582524272,0.6777777777777777
iFSF6v3xw_k.000.4.jpg,0.5046728971962617,0.6041666666666666,0.5494505494505494,0.5533980582524272,0.6777777777777777
PVm7Om88BSw.004.1.jpg,0.25233644859813087,0.5208333333333334,0.5604395604395604,0.7864077669902914,0.4666666666666667
PVm7Om88BSw.004.2.jpg,0.25233644859813087,0.5208333333333334,0.5604395604395604,0.7864077669902914,0.4666666666666667
PVm7Om88BSw.004.3.jpg,0.25233644859813087,0.5208333333333334,0.5604395604395604,0.7864077669902914,0.4666666666666667
PVm7Om88BSw.004.4.jpg,0.25233644859813087,0.5208333333333334,0.5604395604395604,0.7864077669902914,0.4666666666666667
s1DOqsQoN5s.004.1.jpg,0.2149532710280374,0.3020833333333333,0.10989010989010992,0.3300970873786408,0.33333333333333337
s1DOqsQoN5s.004.2.jpg,0.2149532710280374,0.3020833333333333,0.10989010989010992,0.3300970873786408,0.33333333333333337
s1DOqsQoN5s.004.3.jpg,0.2149532710280374,0.3020833333333333,0.10989010989010992,0.3300970873786408,0.33333333333333337
s1DOqsQoN5s.004.4.jpg,0.2149532710280374,0.3020833333333333,0.10989010989010992,0.3300970873786408,0.33333333333333337
9cHxDnk6SUs.004.1.jpg,0.47663551401869164,0.65625,0.5274725274725275,0.4660194174757281,0.6333333333333333
9cHxDnk6SUs.004.2.jpg,0.47663551401869164,0.65625,0.5274725274725275,0.4660194174757281,0.6333333333333333
9cHxDnk6SUs.004.3.jpg,0.47663551401869164,0.65625,0.5274725274725275,0.4660194174757281,0.6333333333333333
9cHxDnk6SUs.004.4.jpg,0.47663551401869164,0.65625,0.5274725274725275,0.4660194174757281,0.6333333333333333
IMCEXoAkZv4.003.1.jpg,0.6168224299065421,0.84375,0.835164835164835,0.912621359223301,0.6666666666666666
IMCEXoAkZv4.003.2.jpg,0.6168224299065421,0.84375,0.835164835164835,0.912621359223301,0.6666666666666666
IMCEXoAkZv4.003.3.jpg,0.6168224299065421,0.84375,0.835164835164835,0.912621359223301,0.6666666666666666
IMCEXoAkZv4.003.4.jpg,0.6168224299065421,0.84375,0.835164835164835,0.912621359223301,0.6666666666666666
U2RemWUyjts.001.1.jpg,0.36448598130841126,0.5625,0.5494505494505494,0.6019417475728155,0.6
U2RemWUyjts.001.2.jpg,0.36448598130841126,0.5625,0.5494505494505494,0.6019417475728155,0.6
U2RemWUyjts.001.3.jpg,0.36448598130841126,0.5625,0.5494505494505494,0.6019417475728155,0.6
U2RemWUyjts.001.4.jpg,0.36448598130841126,0.5625,0.5494505494505494,0.6019417475728155,0.6
1m4WjLRKTwc.000.1.jpg,0.6728971962616823,0.4895833333333333,0.6373626373626373,0.4563106796116505,0.5777777777777777
1m4WjLRKTwc.000.2.jpg,0.6728971962616823,0.4895833333333333,0.6373626373626373,0.4563106796116505,0.5777777777777777
1m4WjLRKTwc.000.3.jpg,0.6728971962616823,0.4895833333333333,0.6373626373626373,0.4563106796116505,0.5777777777777777
1m4WjLRKTwc.000.4.jpg,0.6728971962616823,0.4895833333333333,0.6373626373626373,0.4563106796116505,0.5777777777777777
mZzWhUI0CP0.002.1.jpg,0.6542056074766356,0.84375,0.7802197802197802,0.7766990291262136,0.6555555555555556
mZzWhUI0CP0.002.2.jpg,0.6542056074766356,0.84375,0.7802197802197802,0.7766990291262136,0.6555555555555556
mZzWhUI0CP0.002.3.jpg,0.6542056074766356,0.84375,0.7802197802197802,0.7766990291262136,0.6555555555555556
mZzWhUI0CP0.002.4.jpg,0.6542056074766356,0.84375,0.7802197802197802,0.7766990291262136,0.6555555555555556
dmOKZLeFKCM.001.1.jpg,0.5981308411214954,0.5833333333333333,0.6153846153846153,0.7378640776699029,0.5555555555555556
dmOKZLeFKCM.001.2.jpg,0.5981308411214954,0.5833333333333333,0.6153846153846153,0.7378640776699029,0.5555555555555556
dmOKZLeFKCM.001.3.jpg,0.5981308411214954,0.5833333333333333,0.6153846153846153,0.7378640776699029,0.5555555555555556
dmOKZLeFKCM.001.4.jpg,0.5981308411214954,0.5833333333333333,0.6153846153846153,0.7378640776699029,0.5555555555555556
kUpkeJDcxaE.001.1.jpg,0.5140186915887851,0.5833333333333333,0.6043956043956044,0.5145631067961165,0.5666666666666667
kUpkeJDcxaE.001.2.jpg,0.5140186915887851,0.5833333333333333,0.6043956043956044,0.5145631067961165,0.5666666666666667
kUpkeJDcxaE.001.3.jpg,0.5140186915887851,0.5833333333333333,0.6043956043956044,0.5145631067961165,0.5666666666666667
kUpkeJDcxaE.001.4.jpg,0.5140186915887851,0.5833333333333333,0.6043956043956044,0.5145631067961165,0.5666666666666667
OdwK_oMdfSU.001.1.jpg,0.5233644859813085,0.6875,0.4945054945054945,0.7087378640776699,0.5555555555555556
OdwK_oMdfSU.001.2.jpg,0.5233644859813085,0.6875,0.4945054945054945,0.7087378640776699,0.5555555555555556
OdwK_oMdfSU.001.3.jpg,0.5233644859813085,0.6875,0.4945054945054945,0.7087378640776699,0.5555555555555556
OdwK_oMdfSU.001.4.jpg,0.5233644859813085,0.6875,0.4945054945054945,0.7087378640776699,0.5555555555555556
8gvBbE6iZNo.000.1.jpg,0.39252336448598135,0.625,0.7252747252747254,0.9223300970873788,0.4777777777777778
8gvBbE6iZNo.000.2.jpg,0.39252336448598135,0.625,0.7252747252747254,0.9223300970873788,0.4777777777777778
8gvBbE6iZNo.000.3.jpg,0.39252336448598135,0.625,0.7252747252747254,0.9223300970873788,0.4777777777777778
8gvBbE6iZNo.000.4.jpg,0.39252336448598135,0.625,0.7252747252747254,0.9223300970873788,0.4777777777777778
B77ZCcCMrkM.002.1.jpg,0.5514018691588786,0.5833333333333333,0.6263736263736264,0.6407766990291262,0.888888888888889
B77ZCcCMrkM.002.2.jpg,0.5514018691588786,0.5833333333333333,0.6263736263736264,0.6407766990291262,0.888888888888889
B77ZCcCMrkM.002.3.jpg,0.5514018691588786,0.5833333333333333,0.6263736263736264,0.6407766990291262,0.888888888888889
B77ZCcCMrkM.002.4.jpg,0.5514018691588786,0.5833333333333333,0.6263736263736264,0.6407766990291262,0.888888888888889
VugKq4gOi50.003.1.jpg,0.5700934579439253,0.6145833333333333,0.7032967032967032,0.5436893203883495,0.6
VugKq4gOi50.003.2.jpg,0.5700934579439253,0.6145833333333333,0.7032967032967032,0.5436893203883495,0.6
VugKq4gOi50.003.3.jpg,0.5700934579439253,0.6145833333333333,0.7032967032967032,0.5436893203883495,0.6
VugKq4gOi50.003.4.jpg,0.5700934579439253,0.6145833333333333,0.7032967032967032,0.5436893203883495,0.6
XndWJ1ieKwY.000.1.jpg,0.2710280373831776,0.39583333333333337,0.4395604395604395,0.6893203883495147,0.4666666666666667
XndWJ1ieKwY.000.2.jpg,0.2710280373831776,0.39583333333333337,0.4395604395604395,0.6893203883495147,0.4666666666666667
XndWJ1ieKwY.000.3.jpg,0.2710280373831776,0.39583333333333337,0.4395604395604395,0.6893203883495147,0.4666666666666667
XndWJ1ieKwY.000.4.jpg,0.2710280373831776,0.39583333333333337,0.4395604395604395,0.6893203883495147,0.4666666666666667
hvGLlMhj7iE.002.1.jpg,0.5233644859813085,0.7083333333333334,0.6373626373626373,0.7281553398058251,0.7444444444444444
hvGLlMhj7iE.002.2.jpg,0.5233644859813085,0.7083333333333334,0.6373626373626373,0.7281553398058251,0.7444444444444444
hvGLlMhj7iE.002.3.jpg,0.5233644859813085,0.7083333333333334,0.6373626373626373,0.7281553398058251,0.7444444444444444
hvGLlMhj7iE.002.4.jpg,0.5233644859813085,0.7083333333333334,0.6373626373626373,0.7281553398058251,0.7444444444444444
uwYQKM_STCw.001.1.jpg,0.5420560747663552,0.4166666666666667,0.4505494505494505,0.4174757281553398,0.5888888888888889
uwYQKM_STCw.001.2.jpg,0.5420560747663552,0.4166666666666667,0.4505494505494505,0.4174757281553398,0.5888888888888889
uwYQKM_STCw.001.3.jpg,0.5420560747663552,0.4166666666666667,0.4505494505494505,0.4174757281553398,0.5888888888888889
uwYQKM_STCw.001.4.jpg,0.5420560747663552,0.4166666666666667,0.4505494505494505,0.4174757281553398,0.5888888888888889
fsCK8Xuzl1Y.002.1.jpg,0.6261682242990655,0.5833333333333333,0.5494505494505494,0.5631067961165048,0.6888888888888889
fsCK8Xuzl1Y.002.2.jpg,0.6261682242990655,0.5833333333333333,0.5494505494505494,0.5631067961165048,0.6888888888888889
fsCK8Xuzl1Y.002.3.jpg,0.6261682242990655,0.5833333333333333,0.5494505494505494,0.5631067961165048,0.6888888888888889
fsCK8Xuzl1Y.002.4.jpg,0.6261682242990655,0.5833333333333333,0.5494505494505494,0.5631067961165048,0.6888888888888889
Lu9UNCSpQZM.002.1.jpg,0.588785046728972,0.6145833333333333,0.6043956043956044,0.6116504854368932,0.7555555555555554
Lu9UNCSpQZM.002.2.jpg,0.588785046728972,0.6145833333333333,0.6043956043956044,0.6116504854368932,0.7555555555555554
Lu9UNCSpQZM.002.3.jpg,0.588785046728972,0.6145833333333333,0.6043956043956044,0.6116504854368932,0.7555555555555554
Lu9UNCSpQZM.002.4.jpg,0.588785046728972,0.6145833333333333,0.6043956043956044,0.6116504854368932,0.7555555555555554
NYlFsljF0VM.004.1.jpg,0.4018691588785047,0.5625,0.4835164835164835,0.7864077669902914,0.45555555555555555
NYlFsljF0VM.004.2.jpg,0.4018691588785047,0.5625,0.4835164835164835,0.7864077669902914,0.45555555555555555
NYlFsljF0VM.004.3.jpg,0.4018691588785047,0.5625,0.4835164835164835,0.7864077669902914,0.45555555555555555
NYlFsljF0VM.004.4.jpg,0.4018691588785047,0.5625,0.4835164835164835,0.7864077669902914,0.45555555555555555
AvuGsnkWjt8.000.1.jpg,0.4299065420560748,0.46875,0.6923076923076923,0.5145631067961165,0.6555555555555556
AvuGsnkWjt8.000.2.jpg,0.4299065420560748,0.46875,0.6923076923076923,0.5145631067961165,0.6555555555555556
AvuGsnkWjt8.000.3.jpg,0.4299065420560748,0.46875,0.6923076923076923,0.5145631067961165,0.6555555555555556
AvuGsnkWjt8.000.4.jpg,0.4299065420560748,0.46875,0.6923076923076923,0.5145631067961165,0.6555555555555556
8narByy2B5g.005.1.jpg,0.4205607476635514,0.3333333333333333,0.4725274725274725,0.4174757281553398,0.5777777777777777
8narByy2B5g.005.2.jpg,0.4205607476635514,0.3333333333333333,0.4725274725274725,0.4174757281553398,0.5777777777777777
8narByy2B5g.005.3.jpg,0.4205607476635514,0.3333333333333333,0.4725274725274725,0.4174757281553398,0.5777777777777777
8narByy2B5g.005.4.jpg,0.4205607476635514,0.3333333333333333,0.4725274725274725,0.4174757281553398,0.5777777777777777
nZC82V87Pm0.003.1.jpg,0.4299065420560748,0.4375,0.4285714285714285,0.6213592233009709,0.4888888888888889
nZC82V87Pm0.003.2.jpg,0.4299065420560748,0.4375,0.4285714285714285,0.6213592233009709,0.4888888888888889
nZC82V87Pm0.003.3.jpg,0.4299065420560748,0.4375,0.4285714285714285,0.6213592233009709,0.4888888888888889
nZC82V87Pm0.003.4.jpg,0.4299065420560748,0.4375,0.4285714285714285,0.6213592233009709,0.4888888888888889
0a5FOYBAIcc.001.1.jpg,0.4299065420560748,0.34374999999999994,0.4395604395604395,0.3300970873786408,0.4888888888888889
0a5FOYBAIcc.001.2.jpg,0.4299065420560748,0.34374999999999994,0.4395604395604395,0.3300970873786408,0.4888888888888889
0a5FOYBAIcc.001.3.jpg,0.4299065420560748,0.34374999999999994,0.4395604395604395,0.3300970873786408,0.4888888888888889
0a5FOYBAIcc.001.4.jpg,0.4299065420560748,0.34374999999999994,0.4395604395604395,0.3300970873786408,0.4888888888888889
P9WDAY-MFzk.001.1.jpg,0.4485981308411215,0.5520833333333334,0.5824175824175825,0.5825242718446602,0.5
P9WDAY-MFzk.001.2.jpg,0.4485981308411215,0.5520833333333334,0.5824175824175825,0.5825242718446602,0.5
P9WDAY-MFzk.001.3.jpg,0.4485981308411215,0.5520833333333334,0.5824175824175825,0.5825242718446602,0.5
P9WDAY-MFzk.001.4.jpg,0.4485981308411215,0.5520833333333334,0.5824175824175825,0.5825242718446602,0.5
o_kTWEEjtyw.002.1.jpg,0.12149532710280371,0.13541666666666663,0.15384615384615383,0.17475728155339804,0.1777777777777778
o_kTWEEjtyw.002.2.jpg,0.12149532710280371,0.13541666666666663,0.15384615384615383,0.17475728155339804,0.1777777777777778
o_kTWEEjtyw.002.3.jpg,0.12149532710280371,0.13541666666666663,0.15384615384615383,0.17475728155339804,0.1777777777777778
o_kTWEEjtyw.002.4.jpg,0.12149532710280371,0.13541666666666663,0.15384615384615383,0.17475728155339804,0.1777777777777778
Y6iogSmj6FQ.004.1.jpg,0.47663551401869164,0.3645833333333333,0.4945054945054945,0.4951456310679611,0.4222222222222222
Y6iogSmj6FQ.004.2.jpg,0.47663551401869164,0.3645833333333333,0.4945054945054945,0.4951456310679611,0.4222222222222222
Y6iogSmj6FQ.004.3.jpg,0.47663551401869164,0.3645833333333333,0.4945054945054945,0.4951456310679611,0.4222222222222222
Y6iogSmj6FQ.004.4.jpg,0.47663551401869164,0.3645833333333333,0.4945054945054945,0.4951456310679611,0.4222222222222222
CAuVlnNy95E.002.1.jpg,0.7102803738317757,0.6458333333333333,0.5714285714285714,0.4174757281553398,0.7777777777777777
CAuVlnNy95E.002.2.jpg,0.7102803738317757,0.6458333333333333,0.5714285714285714,0.4174757281553398,0.7777777777777777
CAuVlnNy95E.002.3.jpg,0.7102803738317757,0.6458333333333333,0.5714285714285714,0.4174757281553398,0.7777777777777777
CAuVlnNy95E.002.4.jpg,0.7102803738317757,0.6458333333333333,0.5714285714285714,0.4174757281553398,0.7777777777777777
c3esnCQDoKc.000.1.jpg,0.48598130841121495,0.8333333333333334,0.6263736263736264,0.7475728155339806,0.5666666666666667
c3esnCQDoKc.000.2.jpg,0.48598130841121495,0.8333333333333334,0.6263736263736264,0.7475728155339806,0.5666666666666667
c3esnCQDoKc.000.3.jpg,0.48598130841121495,0.8333333333333334,0.6263736263736264,0.7475728155339806,0.5666666666666667
c3esnCQDoKc.000.4.jpg,0.48598130841121495,0.8333333333333334,0.6263736263736264,0.7475728155339806,0.5666666666666667
twmdh5zdvfg.001.1.jpg,0.4112149532710281,0.28125,0.4065934065934066,0.33980582524271846,0.3111111111111111
twmdh5zdvfg.001.2.jpg,0.4112149532710281,0.28125,0.4065934065934066,0.33980582524271846,0.3111111111111111
twmdh5zdvfg.001.3.jpg,0.4112149532710281,0.28125,0.4065934065934066,0.33980582524271846,0.3111111111111111
twmdh5zdvfg.001.4.jpg,0.4112149532710281,0.28125,0.4065934065934066,0.33980582524271846,0.3111111111111111
K3-YXXLR0Ho.001.1.jpg,0.39252336448598135,0.5208333333333334,0.5714285714285714,0.5631067961165048,0.5
K3-YXXLR0Ho.001.2.jpg,0.39252336448598135,0.5208333333333334,0.5714285714285714,0.5631067961165048,0.5
K3-YXXLR0Ho.001.3.jpg,0.39252336448598135,0.5208333333333334,0.5714285714285714,0.5631067961165048,0.5
K3-YXXLR0Ho.001.4.jpg,0.39252336448598135,0.5208333333333334,0.5714285714285714,0.5631067961165048,0.5
EfQ2eU2MFEc.000.1.jpg,0.6168224299065421,0.6354166666666666,0.6483516483516484,0.5339805825242718,0.5777777777777777
EfQ2eU2MFEc.000.2.jpg,0.6168224299065421,0.6354166666666666,0.6483516483516484,0.5339805825242718,0.5777777777777777
EfQ2eU2MFEc.000.3.jpg,0.6168224299065421,0.6354166666666666,0.6483516483516484,0.5339805825242718,0.5777777777777777
EfQ2eU2MFEc.000.4.jpg,0.6168224299065421,0.6354166666666666,0.6483516483516484,0.5339805825242718,0.5777777777777777
8i7H-uSCQcc.003.1.jpg,0.35514018691588783,0.35416666666666663,0.5824175824175825,0.6699029126213591,0.6444444444444444
8i7H-uSCQcc.003.2.jpg,0.35514018691588783,0.35416666666666663,0.5824175824175825,0.6699029126213591,0.6444444444444444
8i7H-uSCQcc.003.3.jpg,0.35514018691588783,0.35416666666666663,0.5824175824175825,0.6699029126213591,0.6444444444444444
8i7H-uSCQcc.003.4.jpg,0.35514018691588783,0.35416666666666663,0.5824175824175825,0.6699029126213591,0.6444444444444444
qyHn_jrNL48.001.1.jpg,0.24299065420560748,0.3645833333333333,0.3736263736263736,0.3786407766990291,0.45555555555555555
qyHn_jrNL48.001.2.jpg,0.24299065420560748,0.3645833333333333,0.3736263736263736,0.3786407766990291,0.45555555555555555
qyHn_jrNL48.001.3.jpg,0.24299065420560748,0.3645833333333333,0.3736263736263736,0.3786407766990291,0.45555555555555555
qyHn_jrNL48.001.4.jpg,0.24299065420560748,0.3645833333333333,0.3736263736263736,0.3786407766990291,0.45555555555555555
Vj-Cmtqv_qY.000.1.jpg,0.5794392523364487,0.53125,0.5604395604395604,0.5825242718446602,0.7777777777777777
Vj-Cmtqv_qY.000.2.jpg,0.5794392523364487,0.53125,0.5604395604395604,0.5825242718446602,0.7777777777777777
Vj-Cmtqv_qY.000.3.jpg,0.5794392523364487,0.53125,0.5604395604395604,0.5825242718446602,0.7777777777777777
Vj-Cmtqv_qY.000.4.jpg,0.5794392523364487,0.53125,0.5604395604395604,0.5825242718446602,0.7777777777777777
HT_8WpgGqjk.005.1.jpg,0.4299065420560748,0.65625,0.5384615384615384,0.5339805825242718,0.5555555555555556
HT_8WpgGqjk.005.2.jpg,0.4299065420560748,0.65625,0.5384615384615384,0.5339805825242718,0.5555555555555556
HT_8WpgGqjk.005.3.jpg,0.4299065420560748,0.65625,0.5384615384615384,0.5339805825242718,0.5555555555555556
HT_8WpgGqjk.005.4.jpg,0.4299065420560748,0.65625,0.5384615384615384,0.5339805825242718,0.5555555555555556
mxLRr3YqgMU.003.1.jpg,0.17757009345794392,0.4375,0.7032967032967032,0.6893203883495147,0.43333333333333335
mxLRr3YqgMU.003.2.jpg,0.17757009345794392,0.4375,0.7032967032967032,0.6893203883495147,0.43333333333333335
mxLRr3YqgMU.003.3.jpg,0.17757009345794392,0.4375,0.7032967032967032,0.6893203883495147,0.43333333333333335
mxLRr3YqgMU.003.4.jpg,0.17757009345794392,0.4375,0.7032967032967032,0.6893203883495147,0.43333333333333335
O2wMPdp2-Is.003.1.jpg,0.794392523364486,0.9166666666666667,0.7692307692307692,0.6893203883495147,0.8333333333333333
O2wMPdp2-Is.003.2.jpg,0.794392523364486,0.9166666666666667,0.7692307692307692,0.6893203883495147,0.8333333333333333
O2wMPdp2-Is.003.3.jpg,0.794392523364486,0.9166666666666667,0.7692307692307692,0.6893203883495147,0.8333333333333333
O2wMPdp2-Is.003.4.jpg,0.794392523364486,0.9166666666666667,0.7692307692307692,0.6893203883495147,0.8333333333333333
vqLtOsoNPnU.003.1.jpg,0.5140186915887851,0.59375,0.6813186813186812,0.6116504854368932,0.611111111111111
vqLtOsoNPnU.003.2.jpg,0.5140186915887851,0.59375,0.6813186813186812,0.6116504854368932,0.611111111111111
vqLtOsoNPnU.003.3.jpg,0.5140186915887851,0.59375,0.6813186813186812,0.6116504854368932,0.611111111111111
vqLtOsoNPnU.003.4.jpg,0.5140186915887851,0.59375,0.6813186813186812,0.6116504854368932,0.611111111111111
65xWDhgq1OE.002.1.jpg,0.5607476635514019,0.9166666666666667,0.5824175824175825,0.7864077669902914,0.7444444444444444
65xWDhgq1OE.002.2.jpg,0.5607476635514019,0.9166666666666667,0.5824175824175825,0.7864077669902914,0.7444444444444444
65xWDhgq1OE.002.3.jpg,0.5607476635514019,0.9166666666666667,0.5824175824175825,0.7864077669902914,0.7444444444444444
65xWDhgq1OE.002.4.jpg,0.5607476635514019,0.9166666666666667,0.5824175824175825,0.7864077669902914,0.7444444444444444
SkNO4x-LSgE.000.1.jpg,0.4672897196261683,0.4166666666666667,0.4285714285714285,0.5048543689320388,0.611111111111111
SkNO4x-LSgE.000.2.jpg,0.4672897196261683,0.4166666666666667,0.4285714285714285,0.5048543689320388,0.611111111111111
SkNO4x-LSgE.000.3.jpg,0.4672897196261683,0.4166666666666667,0.4285714285714285,0.5048543689320388,0.611111111111111
SkNO4x-LSgE.000.4.jpg,0.4672897196261683,0.4166666666666667,0.4285714285714285,0.5048543689320388,0.611111111111111
Lt89YrQHF_w.000.1.jpg,0.35514018691588783,0.32291666666666663,0.5824175824175825,0.4466019417475728,0.4666666666666667
Lt89YrQHF_w.000.2.jpg,0.35514018691588783,0.32291666666666663,0.5824175824175825,0.4466019417475728,0.4666666666666667
Lt89YrQHF_w.000.3.jpg,0.35514018691588783,0.32291666666666663,0.5824175824175825,0.4466019417475728,0.4666666666666667
Lt89YrQHF_w.000.4.jpg,0.35514018691588783,0.32291666666666663,0.5824175824175825,0.4466019417475728,0.4666666666666667
Zwu5Y5r3Lrs.005.1.jpg,0.48598130841121495,0.625,0.6263736263736264,0.5436893203883495,0.6444444444444444
Zwu5Y5r3Lrs.005.2.jpg,0.48598130841121495,0.625,0.6263736263736264,0.5436893203883495,0.6444444444444444
Zwu5Y5r3Lrs.005.3.jpg,0.48598130841121495,0.625,0.6263736263736264,0.5436893203883495,0.6444444444444444
Zwu5Y5r3Lrs.005.4.jpg,0.48598130841121495,0.625,0.6263736263736264,0.5436893203883495,0.6444444444444444
2c42A4Z7qPE.000.1.jpg,0.5981308411214954,0.5625,0.5274725274725275,0.7184466019417477,0.7333333333333333
2c42A4Z7qPE.000.2.jpg,0.5981308411214954,0.5625,0.5274725274725275,0.7184466019417477,0.7333333333333333
2c42A4Z7qPE.000.3.jpg,0.5981308411214954,0.5625,0.5274725274725275,0.7184466019417477,0.7333333333333333
2c42A4Z7qPE.000.4.jpg,0.5981308411214954,0.5625,0.5274725274725275,0.7184466019417477,0.7333333333333333
7wsksuXYoMY.003.1.jpg,0.663551401869159,0.6770833333333334,0.6703296703296703,0.5922330097087379,0.711111111111111
7wsksuXYoMY.003.2.jpg,0.663551401869159,0.6770833333333334,0.6703296703296703,0.5922330097087379,0.711111111111111
7wsksuXYoMY.003.3.jpg,0.663551401869159,0.6770833333333334,0.6703296703296703,0.5922330097087379,0.711111111111111
7wsksuXYoMY.003.4.jpg,0.663551401869159,0.6770833333333334,0.6703296703296703,0.5922330097087379,0.711111111111111
2_OOIcYfLV0.000.1.jpg,0.39252336448598135,0.4791666666666667,0.4395604395604395,0.42718446601941745,0.6333333333333333
2_OOIcYfLV0.000.2.jpg,0.39252336448598135,0.4791666666666667,0.4395604395604395,0.42718446601941745,0.6333333333333333
2_OOIcYfLV0.000.3.jpg,0.39252336448598135,0.4791666666666667,0.4395604395604395,0.42718446601941745,0.6333333333333333
2_OOIcYfLV0.000.4.jpg,0.39252336448598135,0.4791666666666667,0.4395604395604395,0.42718446601941745,0.6333333333333333
DmYsoYs9jyI.000.1.jpg,0.20560747663551404,0.20833333333333331,0.2087912087912088,0.4174757281553398,0.2777777777777778
DmYsoYs9jyI.000.2.jpg,0.20560747663551404,0.20833333333333331,0.2087912087912088,0.4174757281553398,0.2777777777777778
DmYsoYs9jyI.000.3.jpg,0.20560747663551404,0.20833333333333331,0.2087912087912088,0.4174757281553398,0.2777777777777778
DmYsoYs9jyI.000.4.jpg,0.20560747663551404,0.20833333333333331,0.2087912087912088,0.4174757281553398,0.2777777777777778
C-48U5oDuvw.001.1.jpg,0.4953271028037384,0.6145833333333333,0.5714285714285714,0.5922330097087379,0.5888888888888889
C-48U5oDuvw.001.2.jpg,0.4953271028037384,0.6145833333333333,0.5714285714285714,0.5922330097087379,0.5888888888888889
C-48U5oDuvw.001.3.jpg,0.4953271028037384,0.6145833333333333,0.5714285714285714,0.5922330097087379,0.5888888888888889
C-48U5oDuvw.001.4.jpg,0.4953271028037384,0.6145833333333333,0.5714285714285714,0.5922330097087379,0.5888888888888889
k4QmzZuQl9s.002.1.jpg,0.6261682242990655,0.6666666666666667,0.7252747252747254,0.5825242718446602,0.6444444444444444
k4QmzZuQl9s.002.2.jpg,0.6261682242990655,0.6666666666666667,0.7252747252747254,0.5825242718446602,0.6444444444444444
k4QmzZuQl9s.002.3.jpg,0.6261682242990655,0.6666666666666667,0.7252747252747254,0.5825242718446602,0.6444444444444444
k4QmzZuQl9s.002.4.jpg,0.6261682242990655,0.6666666666666667,0.7252747252747254,0.5825242718446602,0.6444444444444444
bSeTNdOtK7I.002.1.jpg,0.5327102803738318,0.4375,0.5384615384615384,0.5533980582524272,0.41111111111111115
bSeTNdOtK7I.002.2.jpg,0.5327102803738318,0.4375,0.5384615384615384,0.5533980582524272,0.41111111111111115
bSeTNdOtK7I.002.3.jpg,0.5327102803738318,0.4375,0.5384615384615384,0.5533980582524272,0.41111111111111115
bSeTNdOtK7I.002.4.jpg,0.5327102803738318,0.4375,0.5384615384615384,0.5533980582524272,0.41111111111111115
zyGz_H1UTnQ.002.1.jpg,0.29906542056074764,0.42708333333333337,0.4725274725274725,0.7864077669902914,0.4444444444444445
zyGz_H1UTnQ.002.2.jpg,0.29906542056074764,0.42708333333333337,0.4725274725274725,0.7864077669902914,0.4444444444444445
zyGz_H1UTnQ.002.3.jpg,0.29906542056074764,0.42708333333333337,0.4725274725274725,0.7864077669902914,0.4444444444444445
zyGz_H1UTnQ.002.4.jpg,0.29906542056074764,0.42708333333333337,0.4725274725274725,0.7864077669902914,0.4444444444444445
0u56Q_QmxIM.001.1.jpg,0.4112149532710281,0.5729166666666666,0.6703296703296703,0.8543689320388351,0.5333333333333333
0u56Q_QmxIM.001.2.jpg,0.4112149532710281,0.5729166666666666,0.6703296703296703,0.8543689320388351,0.5333333333333333
0u56Q_QmxIM.001.3.jpg,0.4112149532710281,0.5729166666666666,0.6703296703296703,0.8543689320388351,0.5333333333333333
0u56Q_QmxIM.001.4.jpg,0.4112149532710281,0.5729166666666666,0.6703296703296703,0.8543689320388351,0.5333333333333333
Vk3scj5vhd4.002.1.jpg,0.5140186915887851,0.46875,0.5934065934065933,0.4368932038834952,0.4444444444444445
Vk3scj5vhd4.002.2.jpg,0.5140186915887851,0.46875,0.5934065934065933,0.4368932038834952,0.4444444444444445
Vk3scj5vhd4.002.3.jpg,0.5140186915887851,0.46875,0.5934065934065933,0.4368932038834952,0.4444444444444445
Vk3scj5vhd4.002.4.jpg,0.5140186915887851,0.46875,0.5934065934065933,0.4368932038834952,0.4444444444444445
teRgvZ63_2I.002.1.jpg,0.4672897196261683,0.4791666666666667,0.4175824175824176,0.6213592233009709,0.5888888888888889
teRgvZ63_2I.002.2.jpg,0.4672897196261683,0.4791666666666667,0.4175824175824176,0.6213592233009709,0.5888888888888889
teRgvZ63_2I.002.3.jpg,0.4672897196261683,0.4791666666666667,0.4175824175824176,0.6213592233009709,0.5888888888888889
teRgvZ63_2I.002.4.jpg,0.4672897196261683,0.4791666666666667,0.4175824175824176,0.6213592233009709,0.5888888888888889
DXYRJ8PReoE.005.1.jpg,0.5420560747663552,0.4375,0.5824175824175825,0.35922330097087385,0.4888888888888889
DXYRJ8PReoE.005.2.jpg,0.5420560747663552,0.4375,0.5824175824175825,0.35922330097087385,0.4888888888888889
DXYRJ8PReoE.005.3.jpg,0.5420560747663552,0.4375,0.5824175824175825,0.35922330097087385,0.4888888888888889
DXYRJ8PReoE.005.4.jpg,0.5420560747663552,0.4375,0.5824175824175825,0.35922330097087385,0.4888888888888889
p-OcwNFQB0U.004.1.jpg,0.4112149532710281,0.34374999999999994,0.5384615384615384,0.33980582524271846,0.4888888888888889
p-OcwNFQB0U.004.2.jpg,0.4112149532710281,0.34374999999999994,0.5384615384615384,0.33980582524271846,0.4888888888888889
p-OcwNFQB0U.004.3.jpg,0.4112149532710281,0.34374999999999994,0.5384615384615384,0.33980582524271846,0.4888888888888889
p-OcwNFQB0U.004.4.jpg,0.4112149532710281,0.34374999999999994,0.5384615384615384,0.33980582524271846,0.4888888888888889
cx8IycWgMVs.002.1.jpg,0.3457943925233645,0.39583333333333337,0.3626373626373627,0.35922330097087385,0.6333333333333333
cx8IycWgMVs.002.2.jpg,0.3457943925233645,0.39583333333333337,0.3626373626373627,0.35922330097087385,0.6333333333333333
cx8IycWgMVs.002.3.jpg,0.3457943925233645,0.39583333333333337,0.3626373626373627,0.35922330097087385,0.6333333333333333
cx8IycWgMVs.002.4.jpg,0.3457943925233645,0.39583333333333337,0.3626373626373627,0.35922330097087385,0.6333333333333333
z3DO3tdrsnQ.005.1.jpg,0.7476635514018694,0.8333333333333334,0.7252747252747254,0.7766990291262136,0.8666666666666667
z3DO3tdrsnQ.005.2.jpg,0.7476635514018694,0.8333333333333334,0.7252747252747254,0.7766990291262136,0.8666666666666667
z3DO3tdrsnQ.005.3.jpg,0.7476635514018694,0.8333333333333334,0.7252747252747254,0.7766990291262136,0.8666666666666667
z3DO3tdrsnQ.005.4.jpg,0.7476635514018694,0.8333333333333334,0.7252747252747254,0.7766990291262136,0.8666666666666667
YSqiT8g7SYM.002.1.jpg,0.588785046728972,0.5833333333333333,0.6153846153846153,0.4660194174757281,0.5333333333333333
YSqiT8g7SYM.002.2.jpg,0.588785046728972,0.5833333333333333,0.6153846153846153,0.4660194174757281,0.5333333333333333
YSqiT8g7SYM.002.3.jpg,0.588785046728972,0.5833333333333333,0.6153846153846153,0.4660194174757281,0.5333333333333333
YSqiT8g7SYM.002.4.jpg,0.588785046728972,0.5833333333333333,0.6153846153846153,0.4660194174757281,0.5333333333333333
r2HcJYjGK5s.002.1.jpg,0.6074766355140188,0.4895833333333333,0.5494505494505494,0.4368932038834952,0.4777777777777778
r2HcJYjGK5s.002.2.jpg,0.6074766355140188,0.4895833333333333,0.5494505494505494,0.4368932038834952,0.4777777777777778
r2HcJYjGK5s.002.3.jpg,0.6074766355140188,0.4895833333333333,0.5494505494505494,0.4368932038834952,0.4777777777777778
r2HcJYjGK5s.002.4.jpg,0.6074766355140188,0.4895833333333333,0.5494505494505494,0.4368932038834952,0.4777777777777778
IyBCZySg-c4.005.1.jpg,0.47663551401869164,0.6979166666666666,0.6043956043956044,0.5825242718446602,0.4222222222222222
IyBCZySg-c4.005.2.jpg,0.47663551401869164,0.6979166666666666,0.6043956043956044,0.5825242718446602,0.4222222222222222
IyBCZySg-c4.005.3.jpg,0.47663551401869164,0.6979166666666666,0.6043956043956044,0.5825242718446602,0.4222222222222222
IyBCZySg-c4.005.4.jpg,0.47663551401869164,0.6979166666666666,0.6043956043956044,0.5825242718446602,0.4222222222222222
kFak4VnRnRM.002.1.jpg,0.4953271028037384,0.5833333333333333,0.5054945054945055,0.5242718446601942,0.6333333333333333
kFak4VnRnRM.002.2.jpg,0.4953271028037384,0.5833333333333333,0.5054945054945055,0.5242718446601942,0.6333333333333333
kFak4VnRnRM.002.3.jpg,0.4953271028037384,0.5833333333333333,0.5054945054945055,0.5242718446601942,0.6333333333333333
kFak4VnRnRM.002.4.jpg,0.4953271028037384,0.5833333333333333,0.5054945054945055,0.5242718446601942,0.6333333333333333
1jC4vsQsjwM.000.1.jpg,0.4485981308411215,0.5520833333333334,0.5164835164835165,0.47572815533980584,0.5777777777777777
1jC4vsQsjwM.000.2.jpg,0.4485981308411215,0.5520833333333334,0.5164835164835165,0.47572815533980584,0.5777777777777777
1jC4vsQsjwM.000.3.jpg,0.4485981308411215,0.5520833333333334,0.5164835164835165,0.47572815533980584,0.5777777777777777
1jC4vsQsjwM.000.4.jpg,0.4485981308411215,0.5520833333333334,0.5164835164835165,0.47572815533980584,0.5777777777777777
6uqXoPJSoPg.001.1.jpg,0.6542056074766356,0.6875,0.7252747252747254,0.6601941747572816,0.6555555555555556
6uqXoPJSoPg.001.2.jpg,0.6542056074766356,0.6875,0.7252747252747254,0.6601941747572816,0.6555555555555556
6uqXoPJSoPg.001.3.jpg,0.6542056074766356,0.6875,0.7252747252747254,0.6601941747572816,0.6555555555555556
6uqXoPJSoPg.001.4.jpg,0.6542056074766356,0.6875,0.7252747252747254,0.6601941747572816,0.6555555555555556
_kK9tGN883Y.003.1.jpg,0.14018691588785046,0.18749999999999997,0.4175824175824176,0.30097087378640774,0.4
_kK9tGN883Y.003.2.jpg,0.14018691588785046,0.18749999999999997,0.4175824175824176,0.30097087378640774,0.4
_kK9tGN883Y.003.3.jpg,0.14018691588785046,0.18749999999999997,0.4175824175824176,0.30097087378640774,0.4
_kK9tGN883Y.003.4.jpg,0.14018691588785046,0.18749999999999997,0.4175824175824176,0.30097087378640774,0.4
s6gN_358tk4.004.1.jpg,0.47663551401869164,0.4375,0.5494505494505494,0.3980582524271845,0.611111111111111
s6gN_358tk4.004.2.jpg,0.47663551401869164,0.4375,0.5494505494505494,0.3980582524271845,0.611111111111111
s6gN_358tk4.004.3.jpg,0.47663551401869164,0.4375,0.5494505494505494,0.3980582524271845,0.611111111111111
s6gN_358tk4.004.4.jpg,0.47663551401869164,0.4375,0.5494505494505494,0.3980582524271845,0.611111111111111
scifP1EXSdo.004.1.jpg,0.47663551401869164,0.625,0.6153846153846153,0.7572815533980582,0.6666666666666666
scifP1EXSdo.004.2.jpg,0.47663551401869164,0.625,0.6153846153846153,0.7572815533980582,0.6666666666666666
scifP1EXSdo.004.3.jpg,0.47663551401869164,0.625,0.6153846153846153,0.7572815533980582,0.6666666666666666
scifP1EXSdo.004.4.jpg,0.47663551401869164,0.625,0.6153846153846153,0.7572815533980582,0.6666666666666666
hG0I7DLSSYg.004.1.jpg,0.4672897196261683,0.4479166666666667,0.4945054945054945,0.4951456310679611,0.43333333333333335
hG0I7DLSSYg.004.2.jpg,0.4672897196261683,0.4479166666666667,0.4945054945054945,0.4951456310679611,0.43333333333333335
hG0I7DLSSYg.004.3.jpg,0.4672897196261683,0.4479166666666667,0.4945054945054945,0.4951456310679611,0.43333333333333335
hG0I7DLSSYg.004.4.jpg,0.4672897196261683,0.4479166666666667,0.4945054945054945,0.4951456310679611,0.43333333333333335
KhMsmtSC5Lg.004.1.jpg,0.5514018691588786,0.4479166666666667,0.5164835164835165,0.5048543689320388,0.4888888888888889
KhMsmtSC5Lg.004.2.jpg,0.5514018691588786,0.4479166666666667,0.5164835164835165,0.5048543689320388,0.4888888888888889
KhMsmtSC5Lg.004.3.jpg,0.5514018691588786,0.4479166666666667,0.5164835164835165,0.5048543689320388,0.4888888888888889
KhMsmtSC5Lg.004.4.jpg,0.5514018691588786,0.4479166666666667,0.5164835164835165,0.5048543689320388,0.4888888888888889
39BJkEXJpgc.004.1.jpg,0.37383177570093457,0.46875,0.5934065934065933,0.6504854368932039,0.43333333333333335
39BJkEXJpgc.004.2.jpg,0.37383177570093457,0.46875,0.5934065934065933,0.6504854368932039,0.43333333333333335
39BJkEXJpgc.004.3.jpg,0.37383177570093457,0.46875,0.5934065934065933,0.6504854368932039,0.43333333333333335
39BJkEXJpgc.004.4.jpg,0.37383177570093457,0.46875,0.5934065934065933,0.6504854368932039,0.43333333333333335
5bi_PM3XMEQ.004.1.jpg,0.6074766355140188,0.6458333333333333,0.3626373626373627,0.6019417475728155,0.5777777777777777
5bi_PM3XMEQ.004.2.jpg,0.6074766355140188,0.6458333333333333,0.3626373626373627,0.6019417475728155,0.5777777777777777
5bi_PM3XMEQ.004.3.jpg,0.6074766355140188,0.6458333333333333,0.3626373626373627,0.6019417475728155,0.5777777777777777
5bi_PM3XMEQ.004.4.jpg,0.6074766355140188,0.6458333333333333,0.3626373626373627,0.6019417475728155,0.5777777777777777
owRKOW0ymCM.005.1.jpg,0.5514018691588786,0.6666666666666667,0.7252747252747254,0.6019417475728155,0.4888888888888889
owRKOW0ymCM.005.2.jpg,0.5514018691588786,0.6666666666666667,0.7252747252747254,0.6019417475728155,0.4888888888888889
owRKOW0ymCM.005.3.jpg,0.5514018691588786,0.6666666666666667,0.7252747252747254,0.6019417475728155,0.4888888888888889
owRKOW0ymCM.005.4.jpg,0.5514018691588786,0.6666666666666667,0.7252747252747254,0.6019417475728155,0.4888888888888889
2oiXF5_gTyk.000.1.jpg,0.7009345794392524,0.7187499999999999,0.6373626373626373,0.6407766990291262,0.7555555555555554
2oiXF5_gTyk.000.2.jpg,0.7009345794392524,0.7187499999999999,0.6373626373626373,0.6407766990291262,0.7555555555555554
2oiXF5_gTyk.000.3.jpg,0.7009345794392524,0.7187499999999999,0.6373626373626373,0.6407766990291262,0.7555555555555554
2oiXF5_gTyk.000.4.jpg,0.7009345794392524,0.7187499999999999,0.6373626373626373,0.6407766990291262,0.7555555555555554
me15sHPOjKo.001.1.jpg,0.4579439252336449,0.5833333333333333,0.6153846153846153,0.4660194174757281,0.5888888888888889
me15sHPOjKo.001.2.jpg,0.4579439252336449,0.5833333333333333,0.6153846153846153,0.4660194174757281,0.5888888888888889
me15sHPOjKo.001.3.jpg,0.4579439252336449,0.5833333333333333,0.6153846153846153,0.4660194174757281,0.5888888888888889
me15sHPOjKo.001.4.jpg,0.4579439252336449,0.5833333333333333,0.6153846153846153,0.4660194174757281,0.5888888888888889
muLgzV1gGao.002.1.jpg,0.4392523364485981,0.5104166666666666,0.4835164835164835,0.5728155339805825,0.6444444444444444
muLgzV1gGao.002.2.jpg,0.4392523364485981,0.5104166666666666,0.4835164835164835,0.5728155339805825,0.6444444444444444
muLgzV1gGao.002.3.jpg,0.4392523364485981,0.5104166666666666,0.4835164835164835,0.5728155339805825,0.6444444444444444
muLgzV1gGao.002.4.jpg,0.4392523364485981,0.5104166666666666,0.4835164835164835,0.5728155339805825,0.6444444444444444
vp9p1osOaLI.005.1.jpg,0.38317757009345793,0.35416666666666663,0.4395604395604395,0.3980582524271845,0.45555555555555555
vp9p1osOaLI.005.2.jpg,0.38317757009345793,0.35416666666666663,0.4395604395604395,0.3980582524271845,0.45555555555555555
vp9p1osOaLI.005.3.jpg,0.38317757009345793,0.35416666666666663,0.4395604395604395,0.3980582524271845,0.45555555555555555
vp9p1osOaLI.005.4.jpg,0.38317757009345793,0.35416666666666663,0.4395604395604395,0.3980582524271845,0.45555555555555555
a38rz5AIslE.002.1.jpg,0.33644859813084116,0.46875,0.6483516483516484,0.6893203883495147,0.41111111111111115
a38rz5AIslE.002.2.jpg,0.33644859813084116,0.46875,0.6483516483516484,0.6893203883495147,0.41111111111111115
a38rz5AIslE.002.3.jpg,0.33644859813084116,0.46875,0.6483516483516484,0.6893203883495147,0.41111111111111115
a38rz5AIslE.002.4.jpg,0.33644859813084116,0.46875,0.6483516483516484,0.6893203883495147,0.41111111111111115
jKHaHWuaU14.002.1.jpg,0.38317757009345793,0.39583333333333337,0.3846153846153846,0.5048543689320388,0.5111111111111111
jKHaHWuaU14.002.2.jpg,0.38317757009345793,0.39583333333333337,0.3846153846153846,0.5048543689320388,0.5111111111111111
jKHaHWuaU14.002.3.jpg,0.38317757009345793,0.39583333333333337,0.3846153846153846,0.5048543689320388,0.5111111111111111
jKHaHWuaU14.002.4.jpg,0.38317757009345793,0.39583333333333337,0.3846153846153846,0.5048543689320388,0.5111111111111111
4Qr1BjZhnpg.005.1.jpg,0.5700934579439253,0.625,0.4505494505494505,0.6019417475728155,0.6666666666666666
4Qr1BjZhnpg.005.2.jpg,0.5700934579439253,0.625,0.4505494505494505,0.6019417475728155,0.6666666666666666
4Qr1BjZhnpg.005.3.jpg,0.5700934579439253,0.625,0.4505494505494505,0.6019417475728155,0.6666666666666666
4Qr1BjZhnpg.005.4.jpg,0.5700934579439253,0.625,0.4505494505494505,0.6019417475728155,0.6666666666666666
yEE9FoKWdpU.004.1.jpg,0.2897196261682243,0.4479166666666667,0.30769230769230765,0.47572815533980584,0.3777777777777778
yEE9FoKWdpU.004.2.jpg,0.2897196261682243,0.4479166666666667,0.30769230769230765,0.47572815533980584,0.3777777777777778
yEE9FoKWdpU.004.3.jpg,0.2897196261682243,0.4479166666666667,0.30769230769230765,0.47572815533980584,0.3777777777777778
yEE9FoKWdpU.004.4.jpg,0.2897196261682243,0.4479166666666667,0.30769230769230765,0.47572815533980584,0.3777777777777778
AuaQ0rtedRk.002.1.jpg,0.4672897196261683,0.4791666666666667,0.5934065934065933,0.5145631067961165,0.5888888888888889
AuaQ0rtedRk.002.2.jpg,0.4672897196261683,0.4791666666666667,0.5934065934065933,0.5145631067961165,0.5888888888888889
AuaQ0rtedRk.002.3.jpg,0.4672897196261683,0.4791666666666667,0.5934065934065933,0.5145631067961165,0.5888888888888889
AuaQ0rtedRk.002.4.jpg,0.4672897196261683,0.4791666666666667,0.5934065934065933,0.5145631067961165,0.5888888888888889
PooFvZH6fK0.000.1.jpg,0.4299065420560748,0.46875,0.5714285714285714,0.3786407766990291,0.6888888888888889
PooFvZH6fK0.000.2.jpg,0.4299065420560748,0.46875,0.5714285714285714,0.3786407766990291,0.6888888888888889
PooFvZH6fK0.000.3.jpg,0.4299065420560748,0.46875,0.5714285714285714,0.3786407766990291,0.6888888888888889
PooFvZH6fK0.000.4.jpg,0.4299065420560748,0.46875,0.5714285714285714,0.3786407766990291,0.6888888888888889
wuhoIm_jPc0.001.1.jpg,0.4672897196261683,0.6354166666666666,0.4725274725274725,0.5242718446601942,0.5666666666666667
wuhoIm_jPc0.001.2.jpg,0.4672897196261683,0.6354166666666666,0.4725274725274725,0.5242718446601942,0.5666666666666667
wuhoIm_jPc0.001.3.jpg,0.4672897196261683,0.6354166666666666,0.4725274725274725,0.5242718446601942,0.5666666666666667
wuhoIm_jPc0.001.4.jpg,0.4672897196261683,0.6354166666666666,0.4725274725274725,0.5242718446601942,0.5666666666666667
xHb5_bc1JOA.002.1.jpg,0.3177570093457944,0.35416666666666663,0.4945054945054945,0.5242718446601942,0.4444444444444445
xHb5_bc1JOA.002.2.jpg,0.3177570093457944,0.35416666666666663,0.4945054945054945,0.5242718446601942,0.4444444444444445
xHb5_bc1JOA.002.3.jpg,0.3177570093457944,0.35416666666666663,0.4945054945054945,0.5242718446601942,0.4444444444444445
xHb5_bc1JOA.002.4.jpg,0.3177570093457944,0.35416666666666663,0.4945054945054945,0.5242718446601942,0.4444444444444445
F2v55oUN-4w.003.1.jpg,0.7102803738317757,0.6770833333333334,0.7142857142857143,0.6019417475728155,0.888888888888889
F2v55oUN-4w.003.2.jpg,0.7102803738317757,0.6770833333333334,0.7142857142857143,0.6019417475728155,0.888888888888889
F2v55oUN-4w.003.3.jpg,0.7102803738317757,0.6770833333333334,0.7142857142857143,0.6019417475728155,0.888888888888889
F2v55oUN-4w.003.4.jpg,0.7102803738317757,0.6770833333333334,0.7142857142857143,0.6019417475728155,0.888888888888889
8pM3X-xsD4s.005.1.jpg,0.47663551401869164,0.5833333333333333,0.5164835164835165,0.5242718446601942,0.5555555555555556
8pM3X-xsD4s.005.2.jpg,0.47663551401869164,0.5833333333333333,0.5164835164835165,0.5242718446601942,0.5555555555555556
8pM3X-xsD4s.005.3.jpg,0.47663551401869164,0.5833333333333333,0.5164835164835165,0.5242718446601942,0.5555555555555556
8pM3X-xsD4s.005.4.jpg,0.47663551401869164,0.5833333333333333,0.5164835164835165,0.5242718446601942,0.5555555555555556
YuoLr4xDvbE.003.1.jpg,0.7383177570093458,0.6979166666666666,0.7472527472527474,0.47572815533980584,0.7333333333333333
YuoLr4xDvbE.003.2.jpg,0.7383177570093458,0.6979166666666666,0.7472527472527474,0.47572815533980584,0.7333333333333333
YuoLr4xDvbE.003.3.jpg,0.7383177570093458,0.6979166666666666,0.7472527472527474,0.47572815533980584,0.7333333333333333
YuoLr4xDvbE.003.4.jpg,0.7383177570093458,0.6979166666666666,0.7472527472527474,0.47572815533980584,0.7333333333333333
_Q4wOgixh7E.003.1.jpg,0.12149532710280371,0.25,0.3406593406593406,0.15533980582524273,0.4777777777777778
_Q4wOgixh7E.003.2.jpg,0.12149532710280371,0.25,0.3406593406593406,0.15533980582524273,0.4777777777777778
_Q4wOgixh7E.003.3.jpg,0.12149532710280371,0.25,0.3406593406593406,0.15533980582524273,0.4777777777777778
_Q4wOgixh7E.003.4.jpg,0.12149532710280371,0.25,0.3406593406593406,0.15533980582524273,0.4777777777777778
cx8IycWgMVs.000.1.jpg,0.35514018691588783,0.28125,0.4395604395604395,0.5145631067961165,0.41111111111111115
cx8IycWgMVs.000.2.jpg,0.35514018691588783,0.28125,0.4395604395604395,0.5145631067961165,0.41111111111111115
cx8IycWgMVs.000.3.jpg,0.35514018691588783,0.28125,0.4395604395604395,0.5145631067961165,0.41111111111111115
cx8IycWgMVs.000.4.jpg,0.35514018691588783,0.28125,0.4395604395604395,0.5145631067961165,0.41111111111111115
2kqPuht5jTg.001.1.jpg,0.5607476635514019,0.5729166666666666,0.6923076923076923,0.7572815533980582,0.7666666666666666
2kqPuht5jTg.001.2.jpg,0.5607476635514019,0.5729166666666666,0.6923076923076923,0.7572815533980582,0.7666666666666666
2kqPuht5jTg.001.3.jpg,0.5607476635514019,0.5729166666666666,0.6923076923076923,0.7572815533980582,0.7666666666666666
2kqPuht5jTg.001.4.jpg,0.5607476635514019,0.5729166666666666,0.6923076923076923,0.7572815533980582,0.7666666666666666
T6CMGXdPUTA.003.1.jpg,0.7663551401869159,0.6979166666666666,0.6703296703296703,0.6407766990291262,0.6666666666666666
T6CMGXdPUTA.003.2.jpg,0.7663551401869159,0.6979166666666666,0.6703296703296703,0.6407766990291262,0.6666666666666666
T6CMGXdPUTA.003.3.jpg,0.7663551401869159,0.6979166666666666,0.6703296703296703,0.6407766990291262,0.6666666666666666
T6CMGXdPUTA.003.4.jpg,0.7663551401869159,0.6979166666666666,0.6703296703296703,0.6407766990291262,0.6666666666666666
J30sMEMrKjA.004.1.jpg,0.5514018691588786,0.5104166666666666,0.5714285714285714,0.5825242718446602,0.4666666666666667
J30sMEMrKjA.004.2.jpg,0.5514018691588786,0.5104166666666666,0.5714285714285714,0.5825242718446602,0.4666666666666667
J30sMEMrKjA.004.3.jpg,0.5514018691588786,0.5104166666666666,0.5714285714285714,0.5825242718446602,0.4666666666666667
J30sMEMrKjA.004.4.jpg,0.5514018691588786,0.5104166666666666,0.5714285714285714,0.5825242718446602,0.4666666666666667
QNVsr2mGwGs.000.1.jpg,0.37383177570093457,0.4375,0.30769230769230765,0.30097087378640774,0.5888888888888889
QNVsr2mGwGs.000.2.jpg,0.37383177570093457,0.4375,0.30769230769230765,0.30097087378640774,0.5888888888888889
QNVsr2mGwGs.000.3.jpg,0.37383177570093457,0.4375,0.30769230769230765,0.30097087378640774,0.5888888888888889
QNVsr2mGwGs.000.4.jpg,0.37383177570093457,0.4375,0.30769230769230765,0.30097087378640774,0.5888888888888889
fY4tctYZTz8.004.1.jpg,0.5233644859813085,0.39583333333333337,0.5604395604395604,0.5631067961165048,0.5444444444444444
fY4tctYZTz8.004.2.jpg,0.5233644859813085,0.39583333333333337,0.5604395604395604,0.5631067961165048,0.5444444444444444
fY4tctYZTz8.004.3.jpg,0.5233644859813085,0.39583333333333337,0.5604395604395604,0.5631067961165048,0.5444444444444444
fY4tctYZTz8.004.4.jpg,0.5233644859813085,0.39583333333333337,0.5604395604395604,0.5631067961165048,0.5444444444444444
xq0-QVHxp-Q.001.1.jpg,0.4205607476635514,0.65625,0.4725274725274725,0.6019417475728155,0.6444444444444444
xq0-QVHxp-Q.001.2.jpg,0.4205607476635514,0.65625,0.4725274725274725,0.6019417475728155,0.6444444444444444
xq0-QVHxp-Q.001.3.jpg,0.4205607476635514,0.65625,0.4725274725274725,0.6019417475728155,0.6444444444444444
xq0-QVHxp-Q.001.4.jpg,0.4205607476635514,0.65625,0.4725274725274725,0.6019417475728155,0.6444444444444444
RB9vu-0Y_Fk.000.1.jpg,0.38317757009345793,0.4895833333333333,0.5274725274725275,0.3980582524271845,0.4666666666666667
RB9vu-0Y_Fk.000.2.jpg,0.38317757009345793,0.4895833333333333,0.5274725274725275,0.3980582524271845,0.4666666666666667
RB9vu-0Y_Fk.000.3.jpg,0.38317757009345793,0.4895833333333333,0.5274725274725275,0.3980582524271845,0.4666666666666667
RB9vu-0Y_Fk.000.4.jpg,0.38317757009345793,0.4895833333333333,0.5274725274725275,0.3980582524271845,0.4666666666666667
-Wqk9eex6bQ.001.1.jpg,0.4112149532710281,0.6875,0.5164835164835165,0.5922330097087379,0.5777777777777777
-Wqk9eex6bQ.001.2.jpg,0.4112149532710281,0.6875,0.5164835164835165,0.5922330097087379,0.5777777777777777
-Wqk9eex6bQ.001.3.jpg,0.4112149532710281,0.6875,0.5164835164835165,0.5922330097087379,0.5777777777777777
-Wqk9eex6bQ.001.4.jpg,0.4112149532710281,0.6875,0.5164835164835165,0.5922330097087379,0.5777777777777777
8py6SksNsZQ.004.1.jpg,0.4485981308411215,0.6145833333333333,0.5824175824175825,0.3495145631067961,0.4888888888888889
8py6SksNsZQ.004.2.jpg,0.4485981308411215,0.6145833333333333,0.5824175824175825,0.3495145631067961,0.4888888888888889
8py6SksNsZQ.004.3.jpg,0.4485981308411215,0.6145833333333333,0.5824175824175825,0.3495145631067961,0.4888888888888889
8py6SksNsZQ.004.4.jpg,0.4485981308411215,0.6145833333333333,0.5824175824175825,0.3495145631067961,0.4888888888888889
YHpEi96AY9w.005.1.jpg,0.4205607476635514,0.53125,0.5164835164835165,0.5533980582524272,0.5888888888888889
YHpEi96AY9w.005.2.jpg,0.4205607476635514,0.53125,0.5164835164835165,0.5533980582524272,0.5888888888888889
YHpEi96AY9w.005.3.jpg,0.4205607476635514,0.53125,0.5164835164835165,0.5533980582524272,0.5888888888888889
YHpEi96AY9w.005.4.jpg,0.4205607476635514,0.53125,0.5164835164835165,0.5533980582524272,0.5888888888888889
hqe-8SMJGmc.000.1.jpg,0.6355140186915887,0.625,0.6483516483516484,0.5145631067961165,0.6777777777777777
hqe-8SMJGmc.000.2.jpg,0.6355140186915887,0.625,0.6483516483516484,0.5145631067961165,0.6777777777777777
hqe-8SMJGmc.000.3.jpg,0.6355140186915887,0.625,0.6483516483516484,0.5145631067961165,0.6777777777777777
hqe-8SMJGmc.000.4.jpg,0.6355140186915887,0.625,0.6483516483516484,0.5145631067961165,0.6777777777777777
mhvkJjOAjYI.001.1.jpg,0.5233644859813085,0.7604166666666666,0.5934065934065933,0.4563106796116505,0.7888888888888888
mhvkJjOAjYI.001.2.jpg,0.5233644859813085,0.7604166666666666,0.5934065934065933,0.4563106796116505,0.7888888888888888
mhvkJjOAjYI.001.3.jpg,0.5233644859813085,0.7604166666666666,0.5934065934065933,0.4563106796116505,0.7888888888888888
mhvkJjOAjYI.001.4.jpg,0.5233644859813085,0.7604166666666666,0.5934065934065933,0.4563106796116505,0.7888888888888888
cMLkNVKkaOQ.001.1.jpg,0.4672897196261683,0.5729166666666666,0.5824175824175825,0.6310679611650486,0.5777777777777777
cMLkNVKkaOQ.001.2.jpg,0.4672897196261683,0.5729166666666666,0.5824175824175825,0.6310679611650486,0.5777777777777777
cMLkNVKkaOQ.001.3.jpg,0.4672897196261683,0.5729166666666666,0.5824175824175825,0.6310679611650486,0.5777777777777777
cMLkNVKkaOQ.001.4.jpg,0.4672897196261683,0.5729166666666666,0.5824175824175825,0.6310679611650486,0.5777777777777777
fDw_PAgW07o.004.1.jpg,0.10280373831775697,0.28125,0.4175824175824176,0.18446601941747573,0.23333333333333334
fDw_PAgW07o.004.2.jpg,0.10280373831775697,0.28125,0.4175824175824176,0.18446601941747573,0.23333333333333334
fDw_PAgW07o.004.3.jpg,0.10280373831775697,0.28125,0.4175824175824176,0.18446601941747573,0.23333333333333334
fDw_PAgW07o.004.4.jpg,0.10280373831775697,0.28125,0.4175824175824176,0.18446601941747573,0.23333333333333334
gChqk1izWkc.001.1.jpg,0.5327102803738318,0.5833333333333333,0.4615384615384615,0.5436893203883495,0.4888888888888889
gChqk1izWkc.001.2.jpg,0.5327102803738318,0.5833333333333333,0.4615384615384615,0.5436893203883495,0.4888888888888889
gChqk1izWkc.001.3.jpg,0.5327102803738318,0.5833333333333333,0.4615384615384615,0.5436893203883495,0.4888888888888889
gChqk1izWkc.001.4.jpg,0.5327102803738318,0.5833333333333333,0.4615384615384615,0.5436893203883495,0.4888888888888889
2TMl5EMrdVI.000.1.jpg,0.35514018691588783,0.39583333333333337,0.5054945054945055,0.5242718446601942,0.28888888888888886
2TMl5EMrdVI.000.2.jpg,0.35514018691588783,0.39583333333333337,0.5054945054945055,0.5242718446601942,0.28888888888888886
2TMl5EMrdVI.000.3.jpg,0.35514018691588783,0.39583333333333337,0.5054945054945055,0.5242718446601942,0.28888888888888886
2TMl5EMrdVI.000.4.jpg,0.35514018691588783,0.39583333333333337,0.5054945054945055,0.5242718446601942,0.28888888888888886
ahqyOhg6D7c.001.1.jpg,0.5046728971962617,0.5833333333333333,0.5714285714285714,0.5533980582524272,0.5666666666666667
ahqyOhg6D7c.001.2.jpg,0.5046728971962617,0.5833333333333333,0.5714285714285714,0.5533980582524272,0.5666666666666667
ahqyOhg6D7c.001.3.jpg,0.5046728971962617,0.5833333333333333,0.5714285714285714,0.5533980582524272,0.5666666666666667
ahqyOhg6D7c.001.4.jpg,0.5046728971962617,0.5833333333333333,0.5714285714285714,0.5533980582524272,0.5666666666666667
5CRqN54uejE.004.1.jpg,0.6822429906542057,0.5416666666666666,0.6703296703296703,0.4466019417475728,0.611111111111111
5CRqN54uejE.004.2.jpg,0.6822429906542057,0.5416666666666666,0.6703296703296703,0.4466019417475728,0.611111111111111
5CRqN54uejE.004.3.jpg,0.6822429906542057,0.5416666666666666,0.6703296703296703,0.4466019417475728,0.611111111111111
5CRqN54uejE.004.4.jpg,0.6822429906542057,0.5416666666666666,0.6703296703296703,0.4466019417475728,0.611111111111111
P6CH9Q2wH24.002.1.jpg,0.6728971962616823,0.5833333333333333,0.6043956043956044,0.5728155339805825,0.6555555555555556
P6CH9Q2wH24.002.2.jpg,0.6728971962616823,0.5833333333333333,0.6043956043956044,0.5728155339805825,0.6555555555555556
P6CH9Q2wH24.002.3.jpg,0.6728971962616823,0.5833333333333333,0.6043956043956044,0.5728155339805825,0.6555555555555556
P6CH9Q2wH24.002.4.jpg,0.6728971962616823,0.5833333333333333,0.6043956043956044,0.5728155339805825,0.6555555555555556
Ahiq4zhmYco.000.1.jpg,0.17757009345794392,0.32291666666666663,0.4065934065934066,0.16504854368932043,0.3666666666666667
Ahiq4zhmYco.000.2.jpg,0.17757009345794392,0.32291666666666663,0.4065934065934066,0.16504854368932043,0.3666666666666667
Ahiq4zhmYco.000.3.jpg,0.17757009345794392,0.32291666666666663,0.4065934065934066,0.16504854368932043,0.3666666666666667
Ahiq4zhmYco.000.4.jpg,0.17757009345794392,0.32291666666666663,0.4065934065934066,0.16504854368932043,0.3666666666666667
me9kzWYVEoI.000.1.jpg,0.691588785046729,0.7291666666666667,0.7252747252747254,0.6699029126213591,0.8555555555555554
me9kzWYVEoI.000.2.jpg,0.691588785046729,0.7291666666666667,0.7252747252747254,0.6699029126213591,0.8555555555555554
me9kzWYVEoI.000.3.jpg,0.691588785046729,0.7291666666666667,0.7252747252747254,0.6699029126213591,0.8555555555555554
me9kzWYVEoI.000.4.jpg,0.691588785046729,0.7291666666666667,0.7252747252747254,0.6699029126213591,0.8555555555555554
Hklc55y7vUI.002.1.jpg,0.4299065420560748,0.6354166666666666,0.5274725274725275,0.4077669902912622,0.6
Hklc55y7vUI.002.2.jpg,0.4299065420560748,0.6354166666666666,0.5274725274725275,0.4077669902912622,0.6
Hklc55y7vUI.002.3.jpg,0.4299065420560748,0.6354166666666666,0.5274725274725275,0.4077669902912622,0.6
Hklc55y7vUI.002.4.jpg,0.4299065420560748,0.6354166666666666,0.5274725274725275,0.4077669902912622,0.6
8qG1sMihtPA.005.1.jpg,0.5233644859813085,0.5625,0.3516483516483516,0.6116504854368932,0.7
8qG1sMihtPA.005.2.jpg,0.5233644859813085,0.5625,0.3516483516483516,0.6116504854368932,0.7
8qG1sMihtPA.005.3.jpg,0.5233644859813085,0.5625,0.3516483516483516,0.6116504854368932,0.7
8qG1sMihtPA.005.4.jpg,0.5233644859813085,0.5625,0.3516483516483516,0.6116504854368932,0.7
nex61B854Ms.000.1.jpg,0.4672897196261683,0.53125,0.5604395604395604,0.5145631067961165,0.5111111111111111
nex61B854Ms.000.2.jpg,0.4672897196261683,0.53125,0.5604395604395604,0.5145631067961165,0.5111111111111111
nex61B854Ms.000.3.jpg,0.4672897196261683,0.53125,0.5604395604395604,0.5145631067961165,0.5111111111111111
nex61B854Ms.000.4.jpg,0.4672897196261683,0.53125,0.5604395604395604,0.5145631067961165,0.5111111111111111
4vJ69g7gAH4.000.1.jpg,0.4485981308411215,0.5520833333333334,0.5384615384615384,0.6893203883495147,0.5444444444444444
4vJ69g7gAH4.000.2.jpg,0.4485981308411215,0.5520833333333334,0.5384615384615384,0.6893203883495147,0.5444444444444444
4vJ69g7gAH4.000.3.jpg,0.4485981308411215,0.5520833333333334,0.5384615384615384,0.6893203883495147,0.5444444444444444
4vJ69g7gAH4.000.4.jpg,0.4485981308411215,0.5520833333333334,0.5384615384615384,0.6893203883495147,0.5444444444444444
a-nUsP7oETI.004.1.jpg,0.6074766355140188,0.5208333333333334,0.7582417582417583,0.5922330097087379,0.7
a-nUsP7oETI.004.2.jpg,0.6074766355140188,0.5208333333333334,0.7582417582417583,0.5922330097087379,0.7
a-nUsP7oETI.004.3.jpg,0.6074766355140188,0.5208333333333334,0.7582417582417583,0.5922330097087379,0.7
a-nUsP7oETI.004.4.jpg,0.6074766355140188,0.5208333333333334,0.7582417582417583,0.5922330097087379,0.7
6CRet5sD6xI.000.1.jpg,0.5794392523364487,0.5625,0.5824175824175825,0.4854368932038835,0.6333333333333333
6CRet5sD6xI.000.2.jpg,0.5794392523364487,0.5625,0.5824175824175825,0.4854368932038835,0.6333333333333333
6CRet5sD6xI.000.3.jpg,0.5794392523364487,0.5625,0.5824175824175825,0.4854368932038835,0.6333333333333333
6CRet5sD6xI.000.4.jpg,0.5794392523364487,0.5625,0.5824175824175825,0.4854368932038835,0.6333333333333333
rBxWZzkEncE.001.1.jpg,0.4392523364485981,0.625,0.5164835164835165,0.4077669902912622,0.888888888888889
rBxWZzkEncE.001.2.jpg,0.4392523364485981,0.625,0.5164835164835165,0.4077669902912622,0.888888888888889
rBxWZzkEncE.001.3.jpg,0.4392523364485981,0.625,0.5164835164835165,0.4077669902912622,0.888888888888889
rBxWZzkEncE.001.4.jpg,0.4392523364485981,0.625,0.5164835164835165,0.4077669902912622,0.888888888888889
EAMHqNxa9yY.003.1.jpg,0.3457943925233645,0.3645833333333333,0.21978021978021975,0.35922330097087385,0.41111111111111115
EAMHqNxa9yY.003.2.jpg,0.3457943925233645,0.3645833333333333,0.21978021978021975,0.35922330097087385,0.41111111111111115
EAMHqNxa9yY.003.3.jpg,0.3457943925233645,0.3645833333333333,0.21978021978021975,0.35922330097087385,0.41111111111111115
EAMHqNxa9yY.003.4.jpg,0.3457943925233645,0.3645833333333333,0.21978021978021975,0.35922330097087385,0.41111111111111115
vCCRvatOFLA.002.1.jpg,0.4018691588785047,0.59375,0.6373626373626373,0.7961165048543688,0.5111111111111111
vCCRvatOFLA.002.2.jpg,0.4018691588785047,0.59375,0.6373626373626373,0.7961165048543688,0.5111111111111111
vCCRvatOFLA.002.3.jpg,0.4018691588785047,0.59375,0.6373626373626373,0.7961165048543688,0.5111111111111111
vCCRvatOFLA.002.4.jpg,0.4018691588785047,0.59375,0.6373626373626373,0.7961165048543688,0.5111111111111111
Oe7ItP7gS4w.005.1.jpg,0.39252336448598135,0.4375,0.5494505494505494,0.33980582524271846,0.611111111111111
Oe7ItP7gS4w.005.2.jpg,0.39252336448598135,0.4375,0.5494505494505494,0.33980582524271846,0.611111111111111
Oe7ItP7gS4w.005.3.jpg,0.39252336448598135,0.4375,0.5494505494505494,0.33980582524271846,0.611111111111111
Oe7ItP7gS4w.005.4.jpg,0.39252336448598135,0.4375,0.5494505494505494,0.33980582524271846,0.611111111111111
SUI6WNryjqw.005.1.jpg,0.6168224299065421,0.5416666666666666,0.4615384615384615,0.4951456310679611,0.6333333333333333
SUI6WNryjqw.005.2.jpg,0.6168224299065421,0.5416666666666666,0.4615384615384615,0.4951456310679611,0.6333333333333333
SUI6WNryjqw.005.3.jpg,0.6168224299065421,0.5416666666666666,0.4615384615384615,0.4951456310679611,0.6333333333333333
SUI6WNryjqw.005.4.jpg,0.6168224299065421,0.5416666666666666,0.4615384615384615,0.4951456310679611,0.6333333333333333
pT8nyxks1Q4.000.1.jpg,0.5046728971962617,0.6145833333333333,0.7252747252747254,0.5048543689320388,0.6888888888888889
pT8nyxks1Q4.000.2.jpg,0.5046728971962617,0.6145833333333333,0.7252747252747254,0.5048543689320388,0.6888888888888889
pT8nyxks1Q4.000.3.jpg,0.5046728971962617,0.6145833333333333,0.7252747252747254,0.5048543689320388,0.6888888888888889
pT8nyxks1Q4.000.4.jpg,0.5046728971962617,0.6145833333333333,0.7252747252747254,0.5048543689320388,0.6888888888888889
EvZ0esZgPK4.005.1.jpg,0.4672897196261683,0.6145833333333333,0.5934065934065933,0.7087378640776699,0.5555555555555556
EvZ0esZgPK4.005.2.jpg,0.4672897196261683,0.6145833333333333,0.5934065934065933,0.7087378640776699,0.5555555555555556
EvZ0esZgPK4.005.3.jpg,0.4672897196261683,0.6145833333333333,0.5934065934065933,0.7087378640776699,0.5555555555555556
EvZ0esZgPK4.005.4.jpg,0.4672897196261683,0.6145833333333333,0.5934065934065933,0.7087378640776699,0.5555555555555556
YjXUMygVw7U.004.1.jpg,0.2897196261682243,0.5104166666666666,0.5164835164835165,0.5436893203883495,0.5
YjXUMygVw7U.004.2.jpg,0.2897196261682243,0.5104166666666666,0.5164835164835165,0.5436893203883495,0.5
YjXUMygVw7U.004.3.jpg,0.2897196261682243,0.5104166666666666,0.5164835164835165,0.5436893203883495,0.5
YjXUMygVw7U.004.4.jpg,0.2897196261682243,0.5104166666666666,0.5164835164835165,0.5436893203883495,0.5
_2DSmy36OEM.005.1.jpg,0.4205607476635514,0.32291666666666663,0.5164835164835165,0.42718446601941745,0.5111111111111111
_2DSmy36OEM.005.2.jpg,0.4205607476635514,0.32291666666666663,0.5164835164835165,0.42718446601941745,0.5111111111111111
_2DSmy36OEM.005.3.jpg,0.4205607476635514,0.32291666666666663,0.5164835164835165,0.42718446601941745,0.5111111111111111
_2DSmy36OEM.005.4.jpg,0.4205607476635514,0.32291666666666663,0.5164835164835165,0.42718446601941745,0.5111111111111111
2kqPuht5jTg.003.1.jpg,0.6542056074766356,0.7395833333333333,0.7472527472527474,0.7281553398058251,0.6888888888888889
2kqPuht5jTg.003.2.jpg,0.6542056074766356,0.7395833333333333,0.7472527472527474,0.7281553398058251,0.6888888888888889
2kqPuht5jTg.003.3.jpg,0.6542056074766356,0.7395833333333333,0.7472527472527474,0.7281553398058251,0.6888888888888889
2kqPuht5jTg.003.4.jpg,0.6542056074766356,0.7395833333333333,0.7472527472527474,0.7281553398058251,0.6888888888888889
EwMMNKLjO9w.005.1.jpg,0.4485981308411215,0.3333333333333333,0.6153846153846153,0.3495145631067961,0.4666666666666667
EwMMNKLjO9w.005.2.jpg,0.4485981308411215,0.3333333333333333,0.6153846153846153,0.3495145631067961,0.4666666666666667
EwMMNKLjO9w.005.3.jpg,0.4485981308411215,0.3333333333333333,0.6153846153846153,0.3495145631067961,0.4666666666666667
EwMMNKLjO9w.005.4.jpg,0.4485981308411215,0.3333333333333333,0.6153846153846153,0.3495145631067961,0.4666666666666667
LKBoLbWHJYI.001.1.jpg,0.4953271028037384,0.6354166666666666,0.5494505494505494,0.5145631067961165,0.5333333333333333
LKBoLbWHJYI.001.2.jpg,0.4953271028037384,0.6354166666666666,0.5494505494505494,0.5145631067961165,0.5333333333333333
LKBoLbWHJYI.001.3.jpg,0.4953271028037384,0.6354166666666666,0.5494505494505494,0.5145631067961165,0.5333333333333333
LKBoLbWHJYI.001.4.jpg,0.4953271028037384,0.6354166666666666,0.5494505494505494,0.5145631067961165,0.5333333333333333
Po4UGCJbCbw.001.1.jpg,0.5233644859813085,0.5,0.5824175824175825,0.5242718446601942,0.5222222222222223
Po4UGCJbCbw.001.2.jpg,0.5233644859813085,0.5,0.5824175824175825,0.5242718446601942,0.5222222222222223
Po4UGCJbCbw.001.3.jpg,0.5233644859813085,0.5,0.5824175824175825,0.5242718446601942,0.5222222222222223
Po4UGCJbCbw.001.4.jpg,0.5233644859813085,0.5,0.5824175824175825,0.5242718446601942,0.5222222222222223
1S0SxmfbOus.003.1.jpg,0.6261682242990655,0.5416666666666666,0.5824175824175825,0.4077669902912622,0.5777777777777777
1S0SxmfbOus.003.2.jpg,0.6261682242990655,0.5416666666666666,0.5824175824175825,0.4077669902912622,0.5777777777777777
1S0SxmfbOus.003.3.jpg,0.6261682242990655,0.5416666666666666,0.5824175824175825,0.4077669902912622,0.5777777777777777
1S0SxmfbOus.003.4.jpg,0.6261682242990655,0.5416666666666666,0.5824175824175825,0.4077669902912622,0.5777777777777777
-VTqcHNgH7M.005.1.jpg,0.48598130841121495,0.6666666666666667,0.6043956043956044,0.7669902912621359,0.7666666666666666
-VTqcHNgH7M.005.2.jpg,0.48598130841121495,0.6666666666666667,0.6043956043956044,0.7669902912621359,0.7666666666666666
-VTqcHNgH7M.005.3.jpg,0.48598130841121495,0.6666666666666667,0.6043956043956044,0.7669902912621359,0.7666666666666666
-VTqcHNgH7M.005.4.jpg,0.48598130841121495,0.6666666666666667,0.6043956043956044,0.7669902912621359,0.7666666666666666
PKtzsEqLGx4.002.1.jpg,0.5046728971962617,0.53125,0.31868131868131866,0.4660194174757281,0.43333333333333335
PKtzsEqLGx4.002.2.jpg,0.5046728971962617,0.53125,0.31868131868131866,0.4660194174757281,0.43333333333333335
PKtzsEqLGx4.002.3.jpg,0.5046728971962617,0.53125,0.31868131868131866,0.4660194174757281,0.43333333333333335
PKtzsEqLGx4.002.4.jpg,0.5046728971962617,0.53125,0.31868131868131866,0.4660194174757281,0.43333333333333335
8eeZjC_bmtc.002.1.jpg,0.5514018691588786,0.5,0.5054945054945055,0.3495145631067961,0.4444444444444445
8eeZjC_bmtc.002.2.jpg,0.5514018691588786,0.5,0.5054945054945055,0.3495145631067961,0.4444444444444445
8eeZjC_bmtc.002.3.jpg,0.5514018691588786,0.5,0.5054945054945055,0.3495145631067961,0.4444444444444445
8eeZjC_bmtc.002.4.jpg,0.5514018691588786,0.5,0.5054945054945055,0.3495145631067961,0.4444444444444445
qYxxTubipSs.004.1.jpg,0.4018691588785047,0.7604166666666666,0.7802197802197802,1.0,0.5888888888888889
qYxxTubipSs.004.2.jpg,0.4018691588785047,0.7604166666666666,0.7802197802197802,1.0,0.5888888888888889
qYxxTubipSs.004.3.jpg,0.4018691588785047,0.7604166666666666,0.7802197802197802,1.0,0.5888888888888889
qYxxTubipSs.004.4.jpg,0.4018691588785047,0.7604166666666666,0.7802197802197802,1.0,0.5888888888888889
EA8BEYAZqAA.005.1.jpg,0.7289719626168225,0.7187499999999999,0.7362637362637363,0.8446601941747574,0.811111111111111
EA8BEYAZqAA.005.2.jpg,0.7289719626168225,0.7187499999999999,0.7362637362637363,0.8446601941747574,0.811111111111111
EA8BEYAZqAA.005.3.jpg,0.7289719626168225,0.7187499999999999,0.7362637362637363,0.8446601941747574,0.811111111111111
EA8BEYAZqAA.005.4.jpg,0.7289719626168225,0.7187499999999999,0.7362637362637363,0.8446601941747574,0.811111111111111
hG0I7DLSSYg.000.1.jpg,0.5420560747663552,0.5729166666666666,0.5384615384615384,0.5728155339805825,0.6666666666666666
hG0I7DLSSYg.000.2.jpg,0.5420560747663552,0.5729166666666666,0.5384615384615384,0.5728155339805825,0.6666666666666666
hG0I7DLSSYg.000.3.jpg,0.5420560747663552,0.5729166666666666,0.5384615384615384,0.5728155339805825,0.6666666666666666
hG0I7DLSSYg.000.4.jpg,0.5420560747663552,0.5729166666666666,0.5384615384615384,0.5728155339805825,0.6666666666666666
X1EjfXX3NTk.002.1.jpg,0.2897196261682243,0.4375,0.4615384615384615,0.4660194174757281,0.4888888888888889
X1EjfXX3NTk.002.2.jpg,0.2897196261682243,0.4375,0.4615384615384615,0.4660194174757281,0.4888888888888889
X1EjfXX3NTk.002.3.jpg,0.2897196261682243,0.4375,0.4615384615384615,0.4660194174757281,0.4888888888888889
X1EjfXX3NTk.002.4.jpg,0.2897196261682243,0.4375,0.4615384615384615,0.4660194174757281,0.4888888888888889
EeI8iXLDfc0.003.1.jpg,0.35514018691588783,0.4375,0.3626373626373627,0.2912621359223301,0.28888888888888886
EeI8iXLDfc0.003.2.jpg,0.35514018691588783,0.4375,0.3626373626373627,0.2912621359223301,0.28888888888888886
EeI8iXLDfc0.003.3.jpg,0.35514018691588783,0.4375,0.3626373626373627,0.2912621359223301,0.28888888888888886
EeI8iXLDfc0.003.4.jpg,0.35514018691588783,0.4375,0.3626373626373627,0.2912621359223301,0.28888888888888886
RWhyKkFI3zw.002.1.jpg,0.3271028037383178,0.3333333333333333,0.5164835164835165,0.5436893203883495,0.4666666666666667
RWhyKkFI3zw.002.2.jpg,0.3271028037383178,0.3333333333333333,0.5164835164835165,0.5436893203883495,0.4666666666666667
RWhyKkFI3zw.002.3.jpg,0.3271028037383178,0.3333333333333333,0.5164835164835165,0.5436893203883495,0.4666666666666667
RWhyKkFI3zw.002.4.jpg,0.3271028037383178,0.3333333333333333,0.5164835164835165,0.5436893203883495,0.4666666666666667
OIRq4d8IyKc.000.1.jpg,0.4299065420560748,0.4375,0.5824175824175825,0.35922330097087385,0.4444444444444445
OIRq4d8IyKc.000.2.jpg,0.4299065420560748,0.4375,0.5824175824175825,0.35922330097087385,0.4444444444444445
OIRq4d8IyKc.000.3.jpg,0.4299065420560748,0.4375,0.5824175824175825,0.35922330097087385,0.4444444444444445
OIRq4d8IyKc.000.4.jpg,0.4299065420560748,0.4375,0.5824175824175825,0.35922330097087385,0.4444444444444445
xDjhf8wrNWQ.000.1.jpg,0.2897196261682243,0.4479166666666667,0.5934065934065933,0.3495145631067961,0.4
xDjhf8wrNWQ.000.2.jpg,0.2897196261682243,0.4479166666666667,0.5934065934065933,0.3495145631067961,0.4
xDjhf8wrNWQ.000.3.jpg,0.2897196261682243,0.4479166666666667,0.5934065934065933,0.3495145631067961,0.4
xDjhf8wrNWQ.000.4.jpg,0.2897196261682243,0.4479166666666667,0.5934065934065933,0.3495145631067961,0.4
r93dLeVRk3U.005.1.jpg,0.4579439252336449,0.4479166666666667,0.6043956043956044,0.6019417475728155,0.5777777777777777
r93dLeVRk3U.005.2.jpg,0.4579439252336449,0.4479166666666667,0.6043956043956044,0.6019417475728155,0.5777777777777777
r93dLeVRk3U.005.3.jpg,0.4579439252336449,0.4479166666666667,0.6043956043956044,0.6019417475728155,0.5777777777777777
r93dLeVRk3U.005.4.jpg,0.4579439252336449,0.4479166666666667,0.6043956043956044,0.6019417475728155,0.5777777777777777
BPUFqFLZgZU.000.1.jpg,0.4299065420560748,0.6979166666666666,0.6153846153846153,0.7184466019417477,0.6888888888888889
BPUFqFLZgZU.000.2.jpg,0.4299065420560748,0.6979166666666666,0.6153846153846153,0.7184466019417477,0.6888888888888889
BPUFqFLZgZU.000.3.jpg,0.4299065420560748,0.6979166666666666,0.6153846153846153,0.7184466019417477,0.6888888888888889
BPUFqFLZgZU.000.4.jpg,0.4299065420560748,0.6979166666666666,0.6153846153846153,0.7184466019417477,0.6888888888888889
kPXVZD3ac8s.002.1.jpg,0.6822429906542057,0.7812499999999999,0.6153846153846153,0.6019417475728155,0.9111111111111111
kPXVZD3ac8s.002.2.jpg,0.6822429906542057,0.7812499999999999,0.6153846153846153,0.6019417475728155,0.9111111111111111
kPXVZD3ac8s.002.3.jpg,0.6822429906542057,0.7812499999999999,0.6153846153846153,0.6019417475728155,0.9111111111111111
kPXVZD3ac8s.002.4.jpg,0.6822429906542057,0.7812499999999999,0.6153846153846153,0.6019417475728155,0.9111111111111111
DGCGeNlA-Ww.004.1.jpg,0.5607476635514019,0.5208333333333334,0.5164835164835165,0.47572815533980584,0.6555555555555556
DGCGeNlA-Ww.004.2.jpg,0.5607476635514019,0.5208333333333334,0.5164835164835165,0.47572815533980584,0.6555555555555556
DGCGeNlA-Ww.004.3.jpg,0.5607476635514019,0.5208333333333334,0.5164835164835165,0.47572815533980584,0.6555555555555556
DGCGeNlA-Ww.004.4.jpg,0.5607476635514019,0.5208333333333334,0.5164835164835165,0.47572815533980584,0.6555555555555556
NVvKBE5FTMk.001.1.jpg,0.4112149532710281,0.4375,0.4615384615384615,0.4660194174757281,0.4777777777777778
NVvKBE5FTMk.001.2.jpg,0.4112149532710281,0.4375,0.4615384615384615,0.4660194174757281,0.4777777777777778
NVvKBE5FTMk.001.3.jpg,0.4112149532710281,0.4375,0.4615384615384615,0.4660194174757281,0.4777777777777778
NVvKBE5FTMk.001.4.jpg,0.4112149532710281,0.4375,0.4615384615384615,0.4660194174757281,0.4777777777777778
BmDClgdWlH4.005.1.jpg,0.7757009345794394,0.8020833333333334,0.868131868131868,0.941747572815534,0.7888888888888888
BmDClgdWlH4.005.2.jpg,0.7757009345794394,0.8020833333333334,0.868131868131868,0.941747572815534,0.7888888888888888
BmDClgdWlH4.005.3.jpg,0.7757009345794394,0.8020833333333334,0.868131868131868,0.941747572815534,0.7888888888888888
BmDClgdWlH4.005.4.jpg,0.7757009345794394,0.8020833333333334,0.868131868131868,0.941747572815534,0.7888888888888888
3Sj-GZ3YXWs.003.1.jpg,0.35514018691588783,0.5416666666666666,0.5934065934065933,0.5145631067961165,0.4777777777777778
3Sj-GZ3YXWs.003.2.jpg,0.35514018691588783,0.5416666666666666,0.5934065934065933,0.5145631067961165,0.4777777777777778
3Sj-GZ3YXWs.003.3.jpg,0.35514018691588783,0.5416666666666666,0.5934065934065933,0.5145631067961165,0.4777777777777778
3Sj-GZ3YXWs.003.4.jpg,0.35514018691588783,0.5416666666666666,0.5934065934065933,0.5145631067961165,0.4777777777777778
RQeoo3idUJc.005.1.jpg,0.14953271028037385,0.2708333333333333,0.4065934065934066,0.21359223300970873,0.24444444444444444
RQeoo3idUJc.005.2.jpg,0.14953271028037385,0.2708333333333333,0.4065934065934066,0.21359223300970873,0.24444444444444444
RQeoo3idUJc.005.3.jpg,0.14953271028037385,0.2708333333333333,0.4065934065934066,0.21359223300970873,0.24444444444444444
RQeoo3idUJc.005.4.jpg,0.14953271028037385,0.2708333333333333,0.4065934065934066,0.21359223300970873,0.24444444444444444
mLZw7Hf8AYI.000.1.jpg,0.7289719626168225,0.7916666666666667,0.7362637362637363,0.5631067961165048,0.7444444444444444
mLZw7Hf8AYI.000.2.jpg,0.7289719626168225,0.7916666666666667,0.7362637362637363,0.5631067961165048,0.7444444444444444
mLZw7Hf8AYI.000.3.jpg,0.7289719626168225,0.7916666666666667,0.7362637362637363,0.5631067961165048,0.7444444444444444
mLZw7Hf8AYI.000.4.jpg,0.7289719626168225,0.7916666666666667,0.7362637362637363,0.5631067961165048,0.7444444444444444
k2buv6xZ4_o.002.1.jpg,0.5140186915887851,0.7083333333333334,0.857142857142857,0.8349514563106796,0.5666666666666667
k2buv6xZ4_o.002.2.jpg,0.5140186915887851,0.7083333333333334,0.857142857142857,0.8349514563106796,0.5666666666666667
k2buv6xZ4_o.002.3.jpg,0.5140186915887851,0.7083333333333334,0.857142857142857,0.8349514563106796,0.5666666666666667
k2buv6xZ4_o.002.4.jpg,0.5140186915887851,0.7083333333333334,0.857142857142857,0.8349514563106796,0.5666666666666667
Rops7WYMCCY.004.1.jpg,0.39252336448598135,0.2708333333333333,0.4175824175824176,0.2524271844660194,0.4444444444444445
Rops7WYMCCY.004.2.jpg,0.39252336448598135,0.2708333333333333,0.4175824175824176,0.2524271844660194,0.4444444444444445
Rops7WYMCCY.004.3.jpg,0.39252336448598135,0.2708333333333333,0.4175824175824176,0.2524271844660194,0.4444444444444445
Rops7WYMCCY.004.4.jpg,0.39252336448598135,0.2708333333333333,0.4175824175824176,0.2524271844660194,0.4444444444444445
dvU5jYExl0o.000.1.jpg,0.28037383177570097,0.4479166666666667,0.5054945054945055,0.6407766990291262,0.2777777777777778
dvU5jYExl0o.000.2.jpg,0.28037383177570097,0.4479166666666667,0.5054945054945055,0.6407766990291262,0.2777777777777778
dvU5jYExl0o.000.3.jpg,0.28037383177570097,0.4479166666666667,0.5054945054945055,0.6407766990291262,0.2777777777777778
dvU5jYExl0o.000.4.jpg,0.28037383177570097,0.4479166666666667,0.5054945054945055,0.6407766990291262,0.2777777777777778
xHb5_bc1JOA.004.1.jpg,0.24299065420560748,0.3854166666666667,0.31868131868131866,0.5922330097087379,0.45555555555555555
xHb5_bc1JOA.004.2.jpg,0.24299065420560748,0.3854166666666667,0.31868131868131866,0.5922330097087379,0.45555555555555555
xHb5_bc1JOA.004.3.jpg,0.24299065420560748,0.3854166666666667,0.31868131868131866,0.5922330097087379,0.45555555555555555
xHb5_bc1JOA.004.4.jpg,0.24299065420560748,0.3854166666666667,0.31868131868131866,0.5922330097087379,0.45555555555555555
7pLYJKO75_c.005.1.jpg,0.588785046728972,0.53125,0.5714285714285714,0.5825242718446602,0.5777777777777777
7pLYJKO75_c.005.2.jpg,0.588785046728972,0.53125,0.5714285714285714,0.5825242718446602,0.5777777777777777
7pLYJKO75_c.005.3.jpg,0.588785046728972,0.53125,0.5714285714285714,0.5825242718446602,0.5777777777777777
7pLYJKO75_c.005.4.jpg,0.588785046728972,0.53125,0.5714285714285714,0.5825242718446602,0.5777777777777777
XfK7WZ3skUM.002.1.jpg,0.39252336448598135,0.5416666666666666,0.5934065934065933,0.27184466019417475,0.5888888888888889
XfK7WZ3skUM.002.2.jpg,0.39252336448598135,0.5416666666666666,0.5934065934065933,0.27184466019417475,0.5888888888888889
XfK7WZ3skUM.002.3.jpg,0.39252336448598135,0.5416666666666666,0.5934065934065933,0.27184466019417475,0.5888888888888889
XfK7WZ3skUM.002.4.jpg,0.39252336448598135,0.5416666666666666,0.5934065934065933,0.27184466019417475,0.5888888888888889
Y6iogSmj6FQ.000.1.jpg,0.5327102803738318,0.4791666666666667,0.6263736263736264,0.4854368932038835,0.45555555555555555
Y6iogSmj6FQ.000.2.jpg,0.5327102803738318,0.4791666666666667,0.6263736263736264,0.4854368932038835,0.45555555555555555
Y6iogSmj6FQ.000.3.jpg,0.5327102803738318,0.4791666666666667,0.6263736263736264,0.4854368932038835,0.45555555555555555
Y6iogSmj6FQ.000.4.jpg,0.5327102803738318,0.4791666666666667,0.6263736263736264,0.4854368932038835,0.45555555555555555
XRoSKIIFp9c.001.1.jpg,0.28037383177570097,0.5416666666666666,0.5164835164835165,0.7475728155339806,0.4777777777777778
XRoSKIIFp9c.001.2.jpg,0.28037383177570097,0.5416666666666666,0.5164835164835165,0.7475728155339806,0.4777777777777778
XRoSKIIFp9c.001.3.jpg,0.28037383177570097,0.5416666666666666,0.5164835164835165,0.7475728155339806,0.4777777777777778
XRoSKIIFp9c.001.4.jpg,0.28037383177570097,0.5416666666666666,0.5164835164835165,0.7475728155339806,0.4777777777777778
1mODTfLRGdI.002.1.jpg,0.7289719626168225,0.65625,0.5934065934065933,0.30097087378640774,0.711111111111111
1mODTfLRGdI.002.2.jpg,0.7289719626168225,0.65625,0.5934065934065933,0.30097087378640774,0.711111111111111
1mODTfLRGdI.002.3.jpg,0.7289719626168225,0.65625,0.5934065934065933,0.30097087378640774,0.711111111111111
1mODTfLRGdI.002.4.jpg,0.7289719626168225,0.65625,0.5934065934065933,0.30097087378640774,0.711111111111111
t30ERiF6b50.001.1.jpg,0.39252336448598135,0.4375,0.4945054945054945,0.4660194174757281,0.41111111111111115
t30ERiF6b50.001.2.jpg,0.39252336448598135,0.4375,0.4945054945054945,0.4660194174757281,0.41111111111111115
t30ERiF6b50.001.3.jpg,0.39252336448598135,0.4375,0.4945054945054945,0.4660194174757281,0.41111111111111115
t30ERiF6b50.001.4.jpg,0.39252336448598135,0.4375,0.4945054945054945,0.4660194174757281,0.41111111111111115
f7togdqxEoo.005.1.jpg,0.18691588785046728,0.29166666666666663,0.14285714285714282,0.10679611650485439,0.32222222222222224
f7togdqxEoo.005.2.jpg,0.18691588785046728,0.29166666666666663,0.14285714285714282,0.10679611650485439,0.32222222222222224
f7togdqxEoo.005.3.jpg,0.18691588785046728,0.29166666666666663,0.14285714285714282,0.10679611650485439,0.32222222222222224
f7togdqxEoo.005.4.jpg,0.18691588785046728,0.29166666666666663,0.14285714285714282,0.10679611650485439,0.32222222222222224
TQHzCznQ14Y.002.1.jpg,0.39252336448598135,0.42708333333333337,0.3846153846153846,0.36893203883495146,0.4222222222222222
TQHzCznQ14Y.002.2.jpg,0.39252336448598135,0.42708333333333337,0.3846153846153846,0.36893203883495146,0.4222222222222222
TQHzCznQ14Y.002.3.jpg,0.39252336448598135,0.42708333333333337,0.3846153846153846,0.36893203883495146,0.4222222222222222
TQHzCznQ14Y.002.4.jpg,0.39252336448598135,0.42708333333333337,0.3846153846153846,0.36893203883495146,0.4222222222222222
-zNyDPzId4E.000.1.jpg,0.5700934579439253,0.5104166666666666,0.5714285714285714,0.4466019417475728,0.7333333333333333
-zNyDPzId4E.000.2.jpg,0.5700934579439253,0.5104166666666666,0.5714285714285714,0.4466019417475728,0.7333333333333333
-zNyDPzId4E.000.3.jpg,0.5700934579439253,0.5104166666666666,0.5714285714285714,0.4466019417475728,0.7333333333333333
-zNyDPzId4E.000.4.jpg,0.5700934579439253,0.5104166666666666,0.5714285714285714,0.4466019417475728,0.7333333333333333
fiVORaERbP0.001.1.jpg,0.38317757009345793,0.625,0.5164835164835165,0.6796116504854369,0.5666666666666667
fiVORaERbP0.001.2.jpg,0.38317757009345793,0.625,0.5164835164835165,0.6796116504854369,0.5666666666666667
fiVORaERbP0.001.3.jpg,0.38317757009345793,0.625,0.5164835164835165,0.6796116504854369,0.5666666666666667
fiVORaERbP0.001.4.jpg,0.38317757009345793,0.625,0.5164835164835165,0.6796116504854369,0.5666666666666667
IGjI8aP14gg.003.1.jpg,0.4392523364485981,0.5,0.5714285714285714,0.3203883495145631,0.5888888888888889
IGjI8aP14gg.003.2.jpg,0.4392523364485981,0.5,0.5714285714285714,0.3203883495145631,0.5888888888888889
IGjI8aP14gg.003.3.jpg,0.4392523364485981,0.5,0.5714285714285714,0.3203883495145631,0.5888888888888889
IGjI8aP14gg.003.4.jpg,0.4392523364485981,0.5,0.5714285714285714,0.3203883495145631,0.5888888888888889
o7rFDFvW300.001.1.jpg,0.33644859813084116,0.2708333333333333,0.4175824175824176,0.35922330097087385,0.5111111111111111
o7rFDFvW300.001.2.jpg,0.33644859813084116,0.2708333333333333,0.4175824175824176,0.35922330097087385,0.5111111111111111
o7rFDFvW300.001.3.jpg,0.33644859813084116,0.2708333333333333,0.4175824175824176,0.35922330097087385,0.5111111111111111
o7rFDFvW300.001.4.jpg,0.33644859813084116,0.2708333333333333,0.4175824175824176,0.35922330097087385,0.5111111111111111
BxD2uO_3RXU.001.1.jpg,0.4579439252336449,0.3854166666666667,0.5274725274725275,0.3203883495145631,0.4888888888888889
BxD2uO_3RXU.001.2.jpg,0.4579439252336449,0.3854166666666667,0.5274725274725275,0.3203883495145631,0.4888888888888889
BxD2uO_3RXU.001.3.jpg,0.4579439252336449,0.3854166666666667,0.5274725274725275,0.3203883495145631,0.4888888888888889
BxD2uO_3RXU.001.4.jpg,0.4579439252336449,0.3854166666666667,0.5274725274725275,0.3203883495145631,0.4888888888888889
DSYiLCGNDP0.001.1.jpg,0.5327102803738318,0.5208333333333334,0.4945054945054945,0.5048543689320388,0.7333333333333333
DSYiLCGNDP0.001.2.jpg,0.5327102803738318,0.5208333333333334,0.4945054945054945,0.5048543689320388,0.7333333333333333
DSYiLCGNDP0.001.3.jpg,0.5327102803738318,0.5208333333333334,0.4945054945054945,0.5048543689320388,0.7333333333333333
DSYiLCGNDP0.001.4.jpg,0.5327102803738318,0.5208333333333334,0.4945054945054945,0.5048543689320388,0.7333333333333333
ipP--IqIuWU.000.1.jpg,0.5420560747663552,0.6354166666666666,0.6043956043956044,0.4174757281553398,0.6555555555555556
ipP--IqIuWU.000.2.jpg,0.5420560747663552,0.6354166666666666,0.6043956043956044,0.4174757281553398,0.6555555555555556
ipP--IqIuWU.000.3.jpg,0.5420560747663552,0.6354166666666666,0.6043956043956044,0.4174757281553398,0.6555555555555556
ipP--IqIuWU.000.4.jpg,0.5420560747663552,0.6354166666666666,0.6043956043956044,0.4174757281553398,0.6555555555555556
Po4UGCJbCbw.004.1.jpg,0.6074766355140188,0.5,0.4945054945054945,0.33980582524271846,0.711111111111111
Po4UGCJbCbw.004.2.jpg,0.6074766355140188,0.5,0.4945054945054945,0.33980582524271846,0.711111111111111
Po4UGCJbCbw.004.3.jpg,0.6074766355140188,0.5,0.4945054945054945,0.33980582524271846,0.711111111111111
Po4UGCJbCbw.004.4.jpg,0.6074766355140188,0.5,0.4945054945054945,0.33980582524271846,0.711111111111111
d9_YDJdF-7I.005.1.jpg,0.5140186915887851,0.6354166666666666,0.5054945054945055,0.7087378640776699,0.611111111111111
d9_YDJdF-7I.005.2.jpg,0.5140186915887851,0.6354166666666666,0.5054945054945055,0.7087378640776699,0.611111111111111
d9_YDJdF-7I.005.3.jpg,0.5140186915887851,0.6354166666666666,0.5054945054945055,0.7087378640776699,0.611111111111111
d9_YDJdF-7I.005.4.jpg,0.5140186915887851,0.6354166666666666,0.5054945054945055,0.7087378640776699,0.611111111111111
AZ2HyBOmliQ.000.1.jpg,0.35514018691588783,0.4479166666666667,0.4065934065934066,0.3495145631067961,0.34444444444444444
AZ2HyBOmliQ.000.2.jpg,0.35514018691588783,0.4479166666666667,0.4065934065934066,0.3495145631067961,0.34444444444444444
AZ2HyBOmliQ.000.3.jpg,0.35514018691588783,0.4479166666666667,0.4065934065934066,0.3495145631067961,0.34444444444444444
AZ2HyBOmliQ.000.4.jpg,0.35514018691588783,0.4479166666666667,0.4065934065934066,0.3495145631067961,0.34444444444444444
Ssy7T1T0yKg.003.1.jpg,0.38317757009345793,0.18749999999999997,0.3736263736263736,0.2815533980582524,0.3666666666666667
Ssy7T1T0yKg.003.2.jpg,0.38317757009345793,0.18749999999999997,0.3736263736263736,0.2815533980582524,0.3666666666666667
Ssy7T1T0yKg.003.3.jpg,0.38317757009345793,0.18749999999999997,0.3736263736263736,0.2815533980582524,0.3666666666666667
Ssy7T1T0yKg.003.4.jpg,0.38317757009345793,0.18749999999999997,0.3736263736263736,0.2815533980582524,0.3666666666666667
FhCOvzMrNs8.003.1.jpg,0.30841121495327106,0.3645833333333333,0.3626373626373627,0.2524271844660194,0.3777777777777778
FhCOvzMrNs8.003.2.jpg,0.30841121495327106,0.3645833333333333,0.3626373626373627,0.2524271844660194,0.3777777777777778
FhCOvzMrNs8.003.3.jpg,0.30841121495327106,0.3645833333333333,0.3626373626373627,0.2524271844660194,0.3777777777777778
FhCOvzMrNs8.003.4.jpg,0.30841121495327106,0.3645833333333333,0.3626373626373627,0.2524271844660194,0.3777777777777778
3ccY8jYkI5o.003.1.jpg,0.5514018691588786,0.7187499999999999,0.6593406593406592,0.6796116504854369,0.7222222222222221
3ccY8jYkI5o.003.2.jpg,0.5514018691588786,0.7187499999999999,0.6593406593406592,0.6796116504854369,0.7222222222222221
3ccY8jYkI5o.003.3.jpg,0.5514018691588786,0.7187499999999999,0.6593406593406592,0.6796116504854369,0.7222222222222221
3ccY8jYkI5o.003.4.jpg,0.5514018691588786,0.7187499999999999,0.6593406593406592,0.6796116504854369,0.7222222222222221
6zm71IHOCZA.004.1.jpg,0.28037383177570097,0.22916666666666663,0.3956043956043956,0.5048543689320388,0.3
6zm71IHOCZA.004.2.jpg,0.28037383177570097,0.22916666666666663,0.3956043956043956,0.5048543689320388,0.3
6zm71IHOCZA.004.3.jpg,0.28037383177570097,0.22916666666666663,0.3956043956043956,0.5048543689320388,0.3
6zm71IHOCZA.004.4.jpg,0.28037383177570097,0.22916666666666663,0.3956043956043956,0.5048543689320388,0.3
TmpP2fXeVtk.001.1.jpg,0.4953271028037384,0.5625,0.5054945054945055,0.42718446601941745,0.5222222222222223
TmpP2fXeVtk.001.2.jpg,0.4953271028037384,0.5625,0.5054945054945055,0.42718446601941745,0.5222222222222223
TmpP2fXeVtk.001.3.jpg,0.4953271028037384,0.5625,0.5054945054945055,0.42718446601941745,0.5222222222222223
TmpP2fXeVtk.001.4.jpg,0.4953271028037384,0.5625,0.5054945054945055,0.42718446601941745,0.5222222222222223
V1TjmLtgNm0.004.1.jpg,0.4205607476635514,0.45833333333333337,0.4065934065934066,0.4951456310679611,0.6666666666666666
V1TjmLtgNm0.004.2.jpg,0.4205607476635514,0.45833333333333337,0.4065934065934066,0.4951456310679611,0.6666666666666666
V1TjmLtgNm0.004.3.jpg,0.4205607476635514,0.45833333333333337,0.4065934065934066,0.4951456310679611,0.6666666666666666
V1TjmLtgNm0.004.4.jpg,0.4205607476635514,0.45833333333333337,0.4065934065934066,0.4951456310679611,0.6666666666666666
T-mK85acIOc.000.1.jpg,0.39252336448598135,0.29166666666666663,0.4505494505494505,0.47572815533980584,0.4
T-mK85acIOc.000.2.jpg,0.39252336448598135,0.29166666666666663,0.4505494505494505,0.47572815533980584,0.4
T-mK85acIOc.000.3.jpg,0.39252336448598135,0.29166666666666663,0.4505494505494505,0.47572815533980584,0.4
T-mK85acIOc.000.4.jpg,0.39252336448598135,0.29166666666666663,0.4505494505494505,0.47572815533980584,0.4
PEjFZNkbQos.000.1.jpg,0.4392523364485981,0.5208333333333334,0.5824175824175825,0.4951456310679611,0.5
PEjFZNkbQos.000.2.jpg,0.4392523364485981,0.5208333333333334,0.5824175824175825,0.4951456310679611,0.5
PEjFZNkbQos.000.3.jpg,0.4392523364485981,0.5208333333333334,0.5824175824175825,0.4951456310679611,0.5
PEjFZNkbQos.000.4.jpg,0.4392523364485981,0.5208333333333334,0.5824175824175825,0.4951456310679611,0.5
On2c_8sU8Vw.003.1.jpg,0.6822429906542057,0.6145833333333333,0.6703296703296703,0.5728155339805825,0.7999999999999999
On2c_8sU8Vw.003.2.jpg,0.6822429906542057,0.6145833333333333,0.6703296703296703,0.5728155339805825,0.7999999999999999
On2c_8sU8Vw.003.3.jpg,0.6822429906542057,0.6145833333333333,0.6703296703296703,0.5728155339805825,0.7999999999999999
On2c_8sU8Vw.003.4.jpg,0.6822429906542057,0.6145833333333333,0.6703296703296703,0.5728155339805825,0.7999999999999999
8dVcA5J1Dcw.001.1.jpg,0.4579439252336449,0.5729166666666666,0.6703296703296703,0.31067961165048547,0.4777777777777778
8dVcA5J1Dcw.001.2.jpg,0.4579439252336449,0.5729166666666666,0.6703296703296703,0.31067961165048547,0.4777777777777778
8dVcA5J1Dcw.001.3.jpg,0.4579439252336449,0.5729166666666666,0.6703296703296703,0.31067961165048547,0.4777777777777778
8dVcA5J1Dcw.001.4.jpg,0.4579439252336449,0.5729166666666666,0.6703296703296703,0.31067961165048547,0.4777777777777778
2SzC9dm4Yy4.001.1.jpg,0.5327102803738318,0.5104166666666666,0.5054945054945055,0.5048543689320388,0.611111111111111
2SzC9dm4Yy4.001.2.jpg,0.5327102803738318,0.5104166666666666,0.5054945054945055,0.5048543689320388,0.611111111111111
2SzC9dm4Yy4.001.3.jpg,0.5327102803738318,0.5104166666666666,0.5054945054945055,0.5048543689320388,0.611111111111111
2SzC9dm4Yy4.001.4.jpg,0.5327102803738318,0.5104166666666666,0.5054945054945055,0.5048543689320388,0.611111111111111
EffEoI1l1zE.004.1.jpg,0.36448598130841126,0.3125,0.5934065934065933,0.33980582524271846,0.4777777777777778
EffEoI1l1zE.004.2.jpg,0.36448598130841126,0.3125,0.5934065934065933,0.33980582524271846,0.4777777777777778
EffEoI1l1zE.004.3.jpg,0.36448598130841126,0.3125,0.5934065934065933,0.33980582524271846,0.4777777777777778
EffEoI1l1zE.004.4.jpg,0.36448598130841126,0.3125,0.5934065934065933,0.33980582524271846,0.4777777777777778
lKePJbjYiy0.004.1.jpg,0.7009345794392524,0.6770833333333334,0.6373626373626373,0.6990291262135921,0.711111111111111
lKePJbjYiy0.004.2.jpg,0.7009345794392524,0.6770833333333334,0.6373626373626373,0.6990291262135921,0.711111111111111
lKePJbjYiy0.004.3.jpg,0.7009345794392524,0.6770833333333334,0.6373626373626373,0.6990291262135921,0.711111111111111
lKePJbjYiy0.004.4.jpg,0.7009345794392524,0.6770833333333334,0.6373626373626373,0.6990291262135921,0.711111111111111
S8GxCRs1SbQ.000.1.jpg,0.4205607476635514,0.34374999999999994,0.4285714285714285,0.30097087378640774,0.3555555555555556
S8GxCRs1SbQ.000.2.jpg,0.4205607476635514,0.34374999999999994,0.4285714285714285,0.30097087378640774,0.3555555555555556
S8GxCRs1SbQ.000.3.jpg,0.4205607476635514,0.34374999999999994,0.4285714285714285,0.30097087378640774,0.3555555555555556
S8GxCRs1SbQ.000.4.jpg,0.4205607476635514,0.34374999999999994,0.4285714285714285,0.30097087378640774,0.3555555555555556
m7zdWVDT-34.000.1.jpg,0.663551401869159,0.6145833333333333,0.7032967032967032,0.6407766990291262,0.711111111111111
m7zdWVDT-34.000.2.jpg,0.663551401869159,0.6145833333333333,0.7032967032967032,0.6407766990291262,0.711111111111111
m7zdWVDT-34.000.3.jpg,0.663551401869159,0.6145833333333333,0.7032967032967032,0.6407766990291262,0.711111111111111
m7zdWVDT-34.000.4.jpg,0.663551401869159,0.6145833333333333,0.7032967032967032,0.6407766990291262,0.711111111111111
EMqrrHHbP3s.005.1.jpg,0.48598130841121495,0.5729166666666666,0.4395604395604395,0.6407766990291262,0.6333333333333333
EMqrrHHbP3s.005.2.jpg,0.48598130841121495,0.5729166666666666,0.4395604395604395,0.6407766990291262,0.6333333333333333
EMqrrHHbP3s.005.3.jpg,0.48598130841121495,0.5729166666666666,0.4395604395604395,0.6407766990291262,0.6333333333333333
EMqrrHHbP3s.005.4.jpg,0.48598130841121495,0.5729166666666666,0.4395604395604395,0.6407766990291262,0.6333333333333333
3J7Cl3FXs1o.003.1.jpg,0.7009345794392524,0.8020833333333334,0.7692307692307692,0.8640776699029126,0.7999999999999999
3J7Cl3FXs1o.003.2.jpg,0.7009345794392524,0.8020833333333334,0.7692307692307692,0.8640776699029126,0.7999999999999999
3J7Cl3FXs1o.003.3.jpg,0.7009345794392524,0.8020833333333334,0.7692307692307692,0.8640776699029126,0.7999999999999999
3J7Cl3FXs1o.003.4.jpg,0.7009345794392524,0.8020833333333334,0.7692307692307692,0.8640776699029126,0.7999999999999999
HH03EXo0TB0.000.1.jpg,0.33644859813084116,0.4479166666666667,0.6263736263736264,0.3495145631067961,0.38888888888888895
HH03EXo0TB0.000.2.jpg,0.33644859813084116,0.4479166666666667,0.6263736263736264,0.3495145631067961,0.38888888888888895
HH03EXo0TB0.000.3.jpg,0.33644859813084116,0.4479166666666667,0.6263736263736264,0.3495145631067961,0.38888888888888895
HH03EXo0TB0.000.4.jpg,0.33644859813084116,0.4479166666666667,0.6263736263736264,0.3495145631067961,0.38888888888888895
d5ujzxBlvwY.000.1.jpg,0.38317757009345793,0.59375,0.7692307692307692,0.8252427184466018,0.4666666666666667
d5ujzxBlvwY.000.2.jpg,0.38317757009345793,0.59375,0.7692307692307692,0.8252427184466018,0.4666666666666667
d5ujzxBlvwY.000.3.jpg,0.38317757009345793,0.59375,0.7692307692307692,0.8252427184466018,0.4666666666666667
d5ujzxBlvwY.000.4.jpg,0.38317757009345793,0.59375,0.7692307692307692,0.8252427184466018,0.4666666666666667
Pqy0NgxSvU0.004.1.jpg,0.6728971962616823,0.53125,0.6813186813186812,0.5922330097087379,0.7555555555555554
Pqy0NgxSvU0.004.2.jpg,0.6728971962616823,0.53125,0.6813186813186812,0.5922330097087379,0.7555555555555554
Pqy0NgxSvU0.004.3.jpg,0.6728971962616823,0.53125,0.6813186813186812,0.5922330097087379,0.7555555555555554
Pqy0NgxSvU0.004.4.jpg,0.6728971962616823,0.53125,0.6813186813186812,0.5922330097087379,0.7555555555555554
B3zFJhrmqwg.000.1.jpg,0.19626168224299068,0.28125,0.3516483516483516,0.18446601941747573,0.28888888888888886
B3zFJhrmqwg.000.2.jpg,0.19626168224299068,0.28125,0.3516483516483516,0.18446601941747573,0.28888888888888886
B3zFJhrmqwg.000.3.jpg,0.19626168224299068,0.28125,0.3516483516483516,0.18446601941747573,0.28888888888888886
B3zFJhrmqwg.000.4.jpg,0.19626168224299068,0.28125,0.3516483516483516,0.18446601941747573,0.28888888888888886
W0LRjSS9pVM.005.1.jpg,0.5794392523364487,0.6458333333333333,0.7912087912087912,0.7572815533980582,0.5666666666666667
W0LRjSS9pVM.005.2.jpg,0.5794392523364487,0.6458333333333333,0.7912087912087912,0.7572815533980582,0.5666666666666667
W0LRjSS9pVM.005.3.jpg,0.5794392523364487,0.6458333333333333,0.7912087912087912,0.7572815533980582,0.5666666666666667
W0LRjSS9pVM.005.4.jpg,0.5794392523364487,0.6458333333333333,0.7912087912087912,0.7572815533980582,0.5666666666666667
glgfB3vFewc.001.1.jpg,0.6448598130841123,0.7708333333333334,0.6703296703296703,0.8155339805825244,0.7333333333333333
glgfB3vFewc.001.2.jpg,0.6448598130841123,0.7708333333333334,0.6703296703296703,0.8155339805825244,0.7333333333333333
glgfB3vFewc.001.3.jpg,0.6448598130841123,0.7708333333333334,0.6703296703296703,0.8155339805825244,0.7333333333333333
glgfB3vFewc.001.4.jpg,0.6448598130841123,0.7708333333333334,0.6703296703296703,0.8155339805825244,0.7333333333333333
PWM-bKcs2p8.000.1.jpg,0.18691588785046728,0.3125,0.3956043956043956,0.2912621359223301,0.3111111111111111
PWM-bKcs2p8.000.2.jpg,0.18691588785046728,0.3125,0.3956043956043956,0.2912621359223301,0.3111111111111111
PWM-bKcs2p8.000.3.jpg,0.18691588785046728,0.3125,0.3956043956043956,0.2912621359223301,0.3111111111111111
PWM-bKcs2p8.000.4.jpg,0.18691588785046728,0.3125,0.3956043956043956,0.2912621359223301,0.3111111111111111
QOIP8pV85D8.003.1.jpg,0.6261682242990655,0.6041666666666666,0.6703296703296703,0.4077669902912622,0.6555555555555556
QOIP8pV85D8.003.2.jpg,0.6261682242990655,0.6041666666666666,0.6703296703296703,0.4077669902912622,0.6555555555555556
QOIP8pV85D8.003.3.jpg,0.6261682242990655,0.6041666666666666,0.6703296703296703,0.4077669902912622,0.6555555555555556
QOIP8pV85D8.003.4.jpg,0.6261682242990655,0.6041666666666666,0.6703296703296703,0.4077669902912622,0.6555555555555556
Oe7ItP7gS4w.001.1.jpg,0.48598130841121495,0.6875,0.6043956043956044,0.6990291262135921,0.811111111111111
Oe7ItP7gS4w.001.2.jpg,0.48598130841121495,0.6875,0.6043956043956044,0.6990291262135921,0.811111111111111
Oe7ItP7gS4w.001.3.jpg,0.48598130841121495,0.6875,0.6043956043956044,0.6990291262135921,0.811111111111111
Oe7ItP7gS4w.001.4.jpg,0.48598130841121495,0.6875,0.6043956043956044,0.6990291262135921,0.811111111111111
WfCSCxADlrg.001.1.jpg,0.2336448598130841,0.3020833333333333,0.31868131868131866,0.17475728155339804,0.41111111111111115
WfCSCxADlrg.001.2.jpg,0.2336448598130841,0.3020833333333333,0.31868131868131866,0.17475728155339804,0.41111111111111115
WfCSCxADlrg.001.3.jpg,0.2336448598130841,0.3020833333333333,0.31868131868131866,0.17475728155339804,0.41111111111111115
WfCSCxADlrg.001.4.jpg,0.2336448598130841,0.3020833333333333,0.31868131868131866,0.17475728155339804,0.41111111111111115
YOdKAtXbOoQ.000.1.jpg,0.48598130841121495,0.4791666666666667,0.3956043956043956,0.2815533980582524,0.45555555555555555
YOdKAtXbOoQ.000.2.jpg,0.48598130841121495,0.4791666666666667,0.3956043956043956,0.2815533980582524,0.45555555555555555
YOdKAtXbOoQ.000.3.jpg,0.48598130841121495,0.4791666666666667,0.3956043956043956,0.2815533980582524,0.45555555555555555
YOdKAtXbOoQ.000.4.jpg,0.48598130841121495,0.4791666666666667,0.3956043956043956,0.2815533980582524,0.45555555555555555
KVepk_9iPEU.003.1.jpg,0.5140186915887851,0.6666666666666667,0.7362637362637363,0.7572815533980582,0.6888888888888889
KVepk_9iPEU.003.2.jpg,0.5140186915887851,0.6666666666666667,0.7362637362637363,0.7572815533980582,0.6888888888888889
KVepk_9iPEU.003.3.jpg,0.5140186915887851,0.6666666666666667,0.7362637362637363,0.7572815533980582,0.6888888888888889
KVepk_9iPEU.003.4.jpg,0.5140186915887851,0.6666666666666667,0.7362637362637363,0.7572815533980582,0.6888888888888889
nKLhatlbqEw.003.1.jpg,0.7102803738317757,0.6354166666666666,0.5824175824175825,0.35922330097087385,0.7444444444444444
nKLhatlbqEw.003.2.jpg,0.7102803738317757,0.6354166666666666,0.5824175824175825,0.35922330097087385,0.7444444444444444
nKLhatlbqEw.003.3.jpg,0.7102803738317757,0.6354166666666666,0.5824175824175825,0.35922330097087385,0.7444444444444444
nKLhatlbqEw.003.4.jpg,0.7102803738317757,0.6354166666666666,0.5824175824175825,0.35922330097087385,0.7444444444444444
nHdhGsdsKPI.000.1.jpg,0.5140186915887851,0.4375,0.5054945054945055,0.5533980582524272,0.5666666666666667
nHdhGsdsKPI.000.2.jpg,0.5140186915887851,0.4375,0.5054945054945055,0.5533980582524272,0.5666666666666667
nHdhGsdsKPI.000.3.jpg,0.5140186915887851,0.4375,0.5054945054945055,0.5533980582524272,0.5666666666666667
nHdhGsdsKPI.000.4.jpg,0.5140186915887851,0.4375,0.5054945054945055,0.5533980582524272,0.5666666666666667
pEr7WTIPW64.003.1.jpg,0.4205607476635514,0.32291666666666663,0.3406593406593406,0.2621359223300971,0.5444444444444444
pEr7WTIPW64.003.2.jpg,0.4205607476635514,0.32291666666666663,0.3406593406593406,0.2621359223300971,0.5444444444444444
pEr7WTIPW64.003.3.jpg,0.4205607476635514,0.32291666666666663,0.3406593406593406,0.2621359223300971,0.5444444444444444
pEr7WTIPW64.003.4.jpg,0.4205607476635514,0.32291666666666663,0.3406593406593406,0.2621359223300971,0.5444444444444444
x9FAFeaizu0.005.1.jpg,0.4485981308411215,0.3020833333333333,0.5824175824175825,0.3980582524271845,0.41111111111111115
x9FAFeaizu0.005.2.jpg,0.4485981308411215,0.3020833333333333,0.5824175824175825,0.3980582524271845,0.41111111111111115
x9FAFeaizu0.005.3.jpg,0.4485981308411215,0.3020833333333333,0.5824175824175825,0.3980582524271845,0.41111111111111115
x9FAFeaizu0.005.4.jpg,0.4485981308411215,0.3020833333333333,0.5824175824175825,0.3980582524271845,0.41111111111111115
v68FyWS-Q9s.000.1.jpg,0.5046728971962617,0.5,0.5494505494505494,0.6019417475728155,0.5222222222222223
v68FyWS-Q9s.000.2.jpg,0.5046728971962617,0.5,0.5494505494505494,0.6019417475728155,0.5222222222222223
v68FyWS-Q9s.000.3.jpg,0.5046728971962617,0.5,0.5494505494505494,0.6019417475728155,0.5222222222222223
v68FyWS-Q9s.000.4.jpg,0.5046728971962617,0.5,0.5494505494505494,0.6019417475728155,0.5222222222222223
1mHjMNZZvFo.002.1.jpg,0.6074766355140188,0.6875,0.6923076923076923,0.7864077669902914,0.7555555555555554
1mHjMNZZvFo.002.2.jpg,0.6074766355140188,0.6875,0.6923076923076923,0.7864077669902914,0.7555555555555554
1mHjMNZZvFo.002.3.jpg,0.6074766355140188,0.6875,0.6923076923076923,0.7864077669902914,0.7555555555555554
1mHjMNZZvFo.002.4.jpg,0.6074766355140188,0.6875,0.6923076923076923,0.7864077669902914,0.7555555555555554
8w_oPolxRWQ.000.1.jpg,0.588785046728972,0.6041666666666666,0.6043956043956044,0.5922330097087379,0.7333333333333333
8w_oPolxRWQ.000.2.jpg,0.588785046728972,0.6041666666666666,0.6043956043956044,0.5922330097087379,0.7333333333333333
8w_oPolxRWQ.000.3.jpg,0.588785046728972,0.6041666666666666,0.6043956043956044,0.5922330097087379,0.7333333333333333
8w_oPolxRWQ.000.4.jpg,0.588785046728972,0.6041666666666666,0.6043956043956044,0.5922330097087379,0.7333333333333333
bBqZyG-9ksM.003.1.jpg,0.4299065420560748,0.5208333333333334,0.5384615384615384,0.5533980582524272,0.6555555555555556
bBqZyG-9ksM.003.2.jpg,0.4299065420560748,0.5208333333333334,0.5384615384615384,0.5533980582524272,0.6555555555555556
bBqZyG-9ksM.003.3.jpg,0.4299065420560748,0.5208333333333334,0.5384615384615384,0.5533980582524272,0.6555555555555556
bBqZyG-9ksM.003.4.jpg,0.4299065420560748,0.5208333333333334,0.5384615384615384,0.5533980582524272,0.6555555555555556
sHVXhr7_EOs.000.1.jpg,0.30841121495327106,0.35416666666666663,0.3956043956043956,0.3300970873786408,0.4444444444444445
sHVXhr7_EOs.000.2.jpg,0.30841121495327106,0.35416666666666663,0.3956043956043956,0.3300970873786408,0.4444444444444445
sHVXhr7_EOs.000.3.jpg,0.30841121495327106,0.35416666666666663,0.3956043956043956,0.3300970873786408,0.4444444444444445
sHVXhr7_EOs.000.4.jpg,0.30841121495327106,0.35416666666666663,0.3956043956043956,0.3300970873786408,0.4444444444444445
UGp1GNK0GWg.001.1.jpg,0.35514018691588783,0.3645833333333333,0.3516483516483516,0.24271844660194175,0.5333333333333333
UGp1GNK0GWg.001.2.jpg,0.35514018691588783,0.3645833333333333,0.3516483516483516,0.24271844660194175,0.5333333333333333
UGp1GNK0GWg.001.3.jpg,0.35514018691588783,0.3645833333333333,0.3516483516483516,0.24271844660194175,0.5333333333333333
UGp1GNK0GWg.001.4.jpg,0.35514018691588783,0.3645833333333333,0.3516483516483516,0.24271844660194175,0.5333333333333333
cJs_LosR-u8.001.1.jpg,0.28037383177570097,0.39583333333333337,0.4725274725274725,0.6699029126213591,0.45555555555555555
cJs_LosR-u8.001.2.jpg,0.28037383177570097,0.39583333333333337,0.4725274725274725,0.6699029126213591,0.45555555555555555
cJs_LosR-u8.001.3.jpg,0.28037383177570097,0.39583333333333337,0.4725274725274725,0.6699029126213591,0.45555555555555555
cJs_LosR-u8.001.4.jpg,0.28037383177570097,0.39583333333333337,0.4725274725274725,0.6699029126213591,0.45555555555555555
9lA-PGQcHBc.000.1.jpg,0.5327102803738318,0.5416666666666666,0.5714285714285714,0.3980582524271845,0.7
9lA-PGQcHBc.000.2.jpg,0.5327102803738318,0.5416666666666666,0.5714285714285714,0.3980582524271845,0.7
9lA-PGQcHBc.000.3.jpg,0.5327102803738318,0.5416666666666666,0.5714285714285714,0.3980582524271845,0.7
9lA-PGQcHBc.000.4.jpg,0.5327102803738318,0.5416666666666666,0.5714285714285714,0.3980582524271845,0.7
voB6O-ky9cA.003.1.jpg,0.4205607476635514,0.37499999999999994,0.5164835164835165,0.3495145631067961,0.4777777777777778
voB6O-ky9cA.003.2.jpg,0.4205607476635514,0.37499999999999994,0.5164835164835165,0.3495145631067961,0.4777777777777778
voB6O-ky9cA.003.3.jpg,0.4205607476635514,0.37499999999999994,0.5164835164835165,0.3495145631067961,0.4777777777777778
voB6O-ky9cA.003.4.jpg,0.4205607476635514,0.37499999999999994,0.5164835164835165,0.3495145631067961,0.4777777777777778
ikCqtEGQbrg.000.1.jpg,0.5233644859813085,0.65625,0.5824175824175825,0.6310679611650486,0.5666666666666667
ikCqtEGQbrg.000.2.jpg,0.5233644859813085,0.65625,0.5824175824175825,0.6310679611650486,0.5666666666666667
ikCqtEGQbrg.000.3.jpg,0.5233644859813085,0.65625,0.5824175824175825,0.6310679611650486,0.5666666666666667
ikCqtEGQbrg.000.4.jpg,0.5233644859813085,0.65625,0.5824175824175825,0.6310679611650486,0.5666666666666667
OgPC4wnLJR0.000.1.jpg,0.25233644859813087,0.25,0.2857142857142857,0.27184466019417475,0.28888888888888886
OgPC4wnLJR0.000.2.jpg,0.25233644859813087,0.25,0.2857142857142857,0.27184466019417475,0.28888888888888886
OgPC4wnLJR0.000.3.jpg,0.25233644859813087,0.25,0.2857142857142857,0.27184466019417475,0.28888888888888886
OgPC4wnLJR0.000.4.jpg,0.25233644859813087,0.25,0.2857142857142857,0.27184466019417475,0.28888888888888886
l1V-DuJ-WgU.003.1.jpg,0.6448598130841123,0.5625,0.6813186813186812,0.7184466019417477,0.7444444444444444
l1V-DuJ-WgU.003.2.jpg,0.6448598130841123,0.5625,0.6813186813186812,0.7184466019417477,0.7444444444444444
l1V-DuJ-WgU.003.3.jpg,0.6448598130841123,0.5625,0.6813186813186812,0.7184466019417477,0.7444444444444444
l1V-DuJ-WgU.003.4.jpg,0.6448598130841123,0.5625,0.6813186813186812,0.7184466019417477,0.7444444444444444
P0a209IS614.003.1.jpg,0.5140186915887851,0.6458333333333333,0.6923076923076923,0.7475728155339806,0.5777777777777777
P0a209IS614.003.2.jpg,0.5140186915887851,0.6458333333333333,0.6923076923076923,0.7475728155339806,0.5777777777777777
P0a209IS614.003.3.jpg,0.5140186915887851,0.6458333333333333,0.6923076923076923,0.7475728155339806,0.5777777777777777
P0a209IS614.003.4.jpg,0.5140186915887851,0.6458333333333333,0.6923076923076923,0.7475728155339806,0.5777777777777777
PKtzsEqLGx4.004.1.jpg,0.48598130841121495,0.5625,0.4945054945054945,0.5631067961165048,0.7222222222222221
PKtzsEqLGx4.004.2.jpg,0.48598130841121495,0.5625,0.4945054945054945,0.5631067961165048,0.7222222222222221
PKtzsEqLGx4.004.3.jpg,0.48598130841121495,0.5625,0.4945054945054945,0.5631067961165048,0.7222222222222221
PKtzsEqLGx4.004.4.jpg,0.48598130841121495,0.5625,0.4945054945054945,0.5631067961165048,0.7222222222222221
f0LnGz5Z6kA.003.1.jpg,0.4953271028037384,0.6041666666666666,0.6593406593406592,0.5242718446601942,0.711111111111111
f0LnGz5Z6kA.003.2.jpg,0.4953271028037384,0.6041666666666666,0.6593406593406592,0.5242718446601942,0.711111111111111
f0LnGz5Z6kA.003.3.jpg,0.4953271028037384,0.6041666666666666,0.6593406593406592,0.5242718446601942,0.711111111111111
f0LnGz5Z6kA.003.4.jpg,0.4953271028037384,0.6041666666666666,0.6593406593406592,0.5242718446601942,0.711111111111111
zwO2zBdbCb4.001.1.jpg,0.5046728971962617,0.4166666666666667,0.4945054945054945,0.4951456310679611,0.3555555555555556
zwO2zBdbCb4.001.2.jpg,0.5046728971962617,0.4166666666666667,0.4945054945054945,0.4951456310679611,0.3555555555555556
zwO2zBdbCb4.001.3.jpg,0.5046728971962617,0.4166666666666667,0.4945054945054945,0.4951456310679611,0.3555555555555556
zwO2zBdbCb4.001.4.jpg,0.5046728971962617,0.4166666666666667,0.4945054945054945,0.4951456310679611,0.3555555555555556
EknEAPhAjdA.005.1.jpg,0.22429906542056074,0.2395833333333333,0.3406593406593406,0.10679611650485439,0.32222222222222224
EknEAPhAjdA.005.2.jpg,0.22429906542056074,0.2395833333333333,0.3406593406593406,0.10679611650485439,0.32222222222222224
EknEAPhAjdA.005.3.jpg,0.22429906542056074,0.2395833333333333,0.3406593406593406,0.10679611650485439,0.32222222222222224
EknEAPhAjdA.005.4.jpg,0.22429906542056074,0.2395833333333333,0.3406593406593406,0.10679611650485439,0.32222222222222224
8hGOOynn3ZU.004.1.jpg,0.37383177570093457,0.4791666666666667,0.5604395604395604,0.5339805825242718,0.5777777777777777
8hGOOynn3ZU.004.2.jpg,0.37383177570093457,0.4791666666666667,0.5604395604395604,0.5339805825242718,0.5777777777777777
8hGOOynn3ZU.004.3.jpg,0.37383177570093457,0.4791666666666667,0.5604395604395604,0.5339805825242718,0.5777777777777777
8hGOOynn3ZU.004.4.jpg,0.37383177570093457,0.4791666666666667,0.5604395604395604,0.5339805825242718,0.5777777777777777
x57nEfACdXA.004.1.jpg,0.6261682242990655,0.8229166666666667,0.6923076923076923,0.5922330097087379,0.7666666666666666
x57nEfACdXA.004.2.jpg,0.6261682242990655,0.8229166666666667,0.6923076923076923,0.5922330097087379,0.7666666666666666
x57nEfACdXA.004.3.jpg,0.6261682242990655,0.8229166666666667,0.6923076923076923,0.5922330097087379,0.7666666666666666
x57nEfACdXA.004.4.jpg,0.6261682242990655,0.8229166666666667,0.6923076923076923,0.5922330097087379,0.7666666666666666
TD2jIXMD-SM.004.1.jpg,0.4112149532710281,0.39583333333333337,0.5494505494505494,0.5728155339805825,0.5333333333333333
TD2jIXMD-SM.004.2.jpg,0.4112149532710281,0.39583333333333337,0.5494505494505494,0.5728155339805825,0.5333333333333333
TD2jIXMD-SM.004.3.jpg,0.4112149532710281,0.39583333333333337,0.5494505494505494,0.5728155339805825,0.5333333333333333
TD2jIXMD-SM.004.4.jpg,0.4112149532710281,0.39583333333333337,0.5494505494505494,0.5728155339805825,0.5333333333333333
OovRk5U9_GY.002.1.jpg,0.47663551401869164,0.625,0.5494505494505494,0.5922330097087379,0.5666666666666667
OovRk5U9_GY.002.2.jpg,0.47663551401869164,0.625,0.5494505494505494,0.5922330097087379,0.5666666666666667
OovRk5U9_GY.002.3.jpg,0.47663551401869164,0.625,0.5494505494505494,0.5922330097087379,0.5666666666666667
OovRk5U9_GY.002.4.jpg,0.47663551401869164,0.625,0.5494505494505494,0.5922330097087379,0.5666666666666667
mlXZQ8dO0nQ.002.1.jpg,0.794392523364486,0.6875,0.6263736263736264,0.7087378640776699,0.9666666666666666
mlXZQ8dO0nQ.002.2.jpg,0.794392523364486,0.6875,0.6263736263736264,0.7087378640776699,0.9666666666666666
mlXZQ8dO0nQ.002.3.jpg,0.794392523364486,0.6875,0.6263736263736264,0.7087378640776699,0.9666666666666666
mlXZQ8dO0nQ.002.4.jpg,0.794392523364486,0.6875,0.6263736263736264,0.7087378640776699,0.9666666666666666
VQMizni7nY0.004.1.jpg,0.4299065420560748,0.40625000000000006,0.5164835164835165,0.5048543689320388,0.5333333333333333
VQMizni7nY0.004.2.jpg,0.4299065420560748,0.40625000000000006,0.5164835164835165,0.5048543689320388,0.5333333333333333
VQMizni7nY0.004.3.jpg,0.4299065420560748,0.40625000000000006,0.5164835164835165,0.5048543689320388,0.5333333333333333
VQMizni7nY0.004.4.jpg,0.4299065420560748,0.40625000000000006,0.5164835164835165,0.5048543689320388,0.5333333333333333
s0MKUEnyHSE.005.1.jpg,0.37383177570093457,0.625,0.5494505494505494,0.6407766990291262,0.5
s0MKUEnyHSE.005.2.jpg,0.37383177570093457,0.625,0.5494505494505494,0.6407766990291262,0.5
s0MKUEnyHSE.005.3.jpg,0.37383177570093457,0.625,0.5494505494505494,0.6407766990291262,0.5
s0MKUEnyHSE.005.4.jpg,0.37383177570093457,0.625,0.5494505494505494,0.6407766990291262,0.5
FaBTYkzhuK4.002.1.jpg,0.4018691588785047,0.4166666666666667,0.5384615384615384,0.5145631067961165,0.4777777777777778
FaBTYkzhuK4.002.2.jpg,0.4018691588785047,0.4166666666666667,0.5384615384615384,0.5145631067961165,0.4777777777777778
FaBTYkzhuK4.002.3.jpg,0.4018691588785047,0.4166666666666667,0.5384615384615384,0.5145631067961165,0.4777777777777778
FaBTYkzhuK4.002.4.jpg,0.4018691588785047,0.4166666666666667,0.5384615384615384,0.5145631067961165,0.4777777777777778
cxJ0u6r0-pU.004.1.jpg,0.48598130841121495,0.5,0.5824175824175825,0.6116504854368932,0.5333333333333333
cxJ0u6r0-pU.004.2.jpg,0.48598130841121495,0.5,0.5824175824175825,0.6116504854368932,0.5333333333333333
cxJ0u6r0-pU.004.3.jpg,0.48598130841121495,0.5,0.5824175824175825,0.6116504854368932,0.5333333333333333
cxJ0u6r0-pU.004.4.jpg,0.48598130841121495,0.5,0.5824175824175825,0.6116504854368932,0.5333333333333333
QTtTAFqT-no.001.1.jpg,0.4205607476635514,0.4791666666666667,0.4175824175824176,0.3786407766990291,0.5555555555555556
QTtTAFqT-no.001.2.jpg,0.4205607476635514,0.4791666666666667,0.4175824175824176,0.3786407766990291,0.5555555555555556
QTtTAFqT-no.001.3.jpg,0.4205607476635514,0.4791666666666667,0.4175824175824176,0.3786407766990291,0.5555555555555556
QTtTAFqT-no.001.4.jpg,0.4205607476635514,0.4791666666666667,0.4175824175824176,0.3786407766990291,0.5555555555555556
93bQfdes68U.000.1.jpg,0.30841121495327106,0.3125,0.4065934065934066,0.27184466019417475,0.33333333333333337
93bQfdes68U.000.2.jpg,0.30841121495327106,0.3125,0.4065934065934066,0.27184466019417475,0.33333333333333337
93bQfdes68U.000.3.jpg,0.30841121495327106,0.3125,0.4065934065934066,0.27184466019417475,0.33333333333333337
93bQfdes68U.000.4.jpg,0.30841121495327106,0.3125,0.4065934065934066,0.27184466019417475,0.33333333333333337
NPOSIyDF-Sg.002.1.jpg,0.5700934579439253,0.6666666666666667,0.7252747252747254,0.6213592233009709,0.7333333333333333
NPOSIyDF-Sg.002.2.jpg,0.5700934579439253,0.6666666666666667,0.7252747252747254,0.6213592233009709,0.7333333333333333
NPOSIyDF-Sg.002.3.jpg,0.5700934579439253,0.6666666666666667,0.7252747252747254,0.6213592233009709,0.7333333333333333
NPOSIyDF-Sg.002.4.jpg,0.5700934579439253,0.6666666666666667,0.7252747252747254,0.6213592233009709,0.7333333333333333
SgWtBK48AjE.000.1.jpg,0.7102803738317757,0.45833333333333337,0.6483516483516484,0.5242718446601942,0.5333333333333333
SgWtBK48AjE.000.2.jpg,0.7102803738317757,0.45833333333333337,0.6483516483516484,0.5242718446601942,0.5333333333333333
SgWtBK48AjE.000.3.jpg,0.7102803738317757,0.45833333333333337,0.6483516483516484,0.5242718446601942,0.5333333333333333
SgWtBK48AjE.000.4.jpg,0.7102803738317757,0.45833333333333337,0.6483516483516484,0.5242718446601942,0.5333333333333333
AWe6ZZUmlZw.003.1.jpg,0.29906542056074764,0.5208333333333334,0.4725274725274725,0.5145631067961165,0.4666666666666667
AWe6ZZUmlZw.003.2.jpg,0.29906542056074764,0.5208333333333334,0.4725274725274725,0.5145631067961165,0.4666666666666667
AWe6ZZUmlZw.003.3.jpg,0.29906542056074764,0.5208333333333334,0.4725274725274725,0.5145631067961165,0.4666666666666667
AWe6ZZUmlZw.003.4.jpg,0.29906542056074764,0.5208333333333334,0.4725274725274725,0.5145631067961165,0.4666666666666667
XfUqFt2amrM.001.1.jpg,0.3457943925233645,0.3125,0.4175824175824176,0.33980582524271846,0.28888888888888886
XfUqFt2amrM.001.2.jpg,0.3457943925233645,0.3125,0.4175824175824176,0.33980582524271846,0.28888888888888886
XfUqFt2amrM.001.3.jpg,0.3457943925233645,0.3125,0.4175824175824176,0.33980582524271846,0.28888888888888886
XfUqFt2amrM.001.4.jpg,0.3457943925233645,0.3125,0.4175824175824176,0.33980582524271846,0.28888888888888886
FPfgwGsy8dE.003.1.jpg,0.4112149532710281,0.42708333333333337,0.5714285714285714,0.6504854368932039,0.5777777777777777
FPfgwGsy8dE.003.2.jpg,0.4112149532710281,0.42708333333333337,0.5714285714285714,0.6504854368932039,0.5777777777777777
FPfgwGsy8dE.003.3.jpg,0.4112149532710281,0.42708333333333337,0.5714285714285714,0.6504854368932039,0.5777777777777777
FPfgwGsy8dE.003.4.jpg,0.4112149532710281,0.42708333333333337,0.5714285714285714,0.6504854368932039,0.5777777777777777
BQ9i8qkXiVQ.001.1.jpg,0.16822429906542055,0.25,0.5824175824175825,0.3300970873786408,0.3555555555555556
BQ9i8qkXiVQ.001.2.jpg,0.16822429906542055,0.25,0.5824175824175825,0.3300970873786408,0.3555555555555556
BQ9i8qkXiVQ.001.3.jpg,0.16822429906542055,0.25,0.5824175824175825,0.3300970873786408,0.3555555555555556
BQ9i8qkXiVQ.001.4.jpg,0.16822429906542055,0.25,0.5824175824175825,0.3300970873786408,0.3555555555555556
dvCKoyBG1pE.000.1.jpg,0.39252336448598135,0.4479166666666667,0.6373626373626373,0.3786407766990291,0.5111111111111111
dvCKoyBG1pE.000.2.jpg,0.39252336448598135,0.4479166666666667,0.6373626373626373,0.3786407766990291,0.5111111111111111
dvCKoyBG1pE.000.3.jpg,0.39252336448598135,0.4479166666666667,0.6373626373626373,0.3786407766990291,0.5111111111111111
dvCKoyBG1pE.000.4.jpg,0.39252336448598135,0.4479166666666667,0.6373626373626373,0.3786407766990291,0.5111111111111111
Qa-yF-tByDM.003.1.jpg,0.6074766355140188,0.5625,0.5274725274725275,0.5533980582524272,0.4888888888888889
Qa-yF-tByDM.003.2.jpg,0.6074766355140188,0.5625,0.5274725274725275,0.5533980582524272,0.4888888888888889
Qa-yF-tByDM.003.3.jpg,0.6074766355140188,0.5625,0.5274725274725275,0.5533980582524272,0.4888888888888889
Qa-yF-tByDM.003.4.jpg,0.6074766355140188,0.5625,0.5274725274725275,0.5533980582524272,0.4888888888888889
3lV-sr3NOUo.002.1.jpg,0.5700934579439253,0.5625,0.7142857142857143,0.6310679611650486,0.6333333333333333
3lV-sr3NOUo.002.2.jpg,0.5700934579439253,0.5625,0.7142857142857143,0.6310679611650486,0.6333333333333333
3lV-sr3NOUo.002.3.jpg,0.5700934579439253,0.5625,0.7142857142857143,0.6310679611650486,0.6333333333333333
3lV-sr3NOUo.002.4.jpg,0.5700934579439253,0.5625,0.7142857142857143,0.6310679611650486,0.6333333333333333
lxnV9X8T2Zc.005.1.jpg,0.6168224299065421,0.8229166666666667,0.6923076923076923,0.6407766990291262,0.7222222222222221
lxnV9X8T2Zc.005.2.jpg,0.6168224299065421,0.8229166666666667,0.6923076923076923,0.6407766990291262,0.7222222222222221
lxnV9X8T2Zc.005.3.jpg,0.6168224299065421,0.8229166666666667,0.6923076923076923,0.6407766990291262,0.7222222222222221
lxnV9X8T2Zc.005.4.jpg,0.6168224299065421,0.8229166666666667,0.6923076923076923,0.6407766990291262,0.7222222222222221
Jn76eAPxjNA.000.1.jpg,0.5420560747663552,0.6145833333333333,0.7472527472527474,0.5825242718446602,0.7888888888888888
Jn76eAPxjNA.000.2.jpg,0.5420560747663552,0.6145833333333333,0.7472527472527474,0.5825242718446602,0.7888888888888888
Jn76eAPxjNA.000.3.jpg,0.5420560747663552,0.6145833333333333,0.7472527472527474,0.5825242718446602,0.7888888888888888
Jn76eAPxjNA.000.4.jpg,0.5420560747663552,0.6145833333333333,0.7472527472527474,0.5825242718446602,0.7888888888888888
TEGJrmNFvXY.005.1.jpg,0.5327102803738318,0.45833333333333337,0.4945054945054945,0.6019417475728155,0.4
TEGJrmNFvXY.005.2.jpg,0.5327102803738318,0.45833333333333337,0.4945054945054945,0.6019417475728155,0.4
TEGJrmNFvXY.005.3.jpg,0.5327102803738318,0.45833333333333337,0.4945054945054945,0.6019417475728155,0.4
TEGJrmNFvXY.005.4.jpg,0.5327102803738318,0.45833333333333337,0.4945054945054945,0.6019417475728155,0.4
gipWTZy9mjI.004.1.jpg,0.20560747663551404,0.3125,0.4505494505494505,0.5922330097087379,0.28888888888888886
gipWTZy9mjI.004.2.jpg,0.20560747663551404,0.3125,0.4505494505494505,0.5922330097087379,0.28888888888888886
gipWTZy9mjI.004.3.jpg,0.20560747663551404,0.3125,0.4505494505494505,0.5922330097087379,0.28888888888888886
gipWTZy9mjI.004.4.jpg,0.20560747663551404,0.3125,0.4505494505494505,0.5922330097087379,0.28888888888888886
WD1WsbooU2w.005.1.jpg,0.24299065420560748,0.2708333333333333,0.3956043956043956,0.36893203883495146,0.2777777777777778
WD1WsbooU2w.005.2.jpg,0.24299065420560748,0.2708333333333333,0.3956043956043956,0.36893203883495146,0.2777777777777778
WD1WsbooU2w.005.3.jpg,0.24299065420560748,0.2708333333333333,0.3956043956043956,0.36893203883495146,0.2777777777777778
WD1WsbooU2w.005.4.jpg,0.24299065420560748,0.2708333333333333,0.3956043956043956,0.36893203883495146,0.2777777777777778
dOFnHXRLEdM.004.1.jpg,0.7009345794392524,0.6458333333333333,0.6593406593406592,0.5631067961165048,0.6333333333333333
dOFnHXRLEdM.004.2.jpg,0.7009345794392524,0.6458333333333333,0.6593406593406592,0.5631067961165048,0.6333333333333333
dOFnHXRLEdM.004.3.jpg,0.7009345794392524,0.6458333333333333,0.6593406593406592,0.5631067961165048,0.6333333333333333
dOFnHXRLEdM.004.4.jpg,0.7009345794392524,0.6458333333333333,0.6593406593406592,0.5631067961165048,0.6333333333333333
ADa9rkwF2uA.004.1.jpg,0.7102803738317757,0.65625,0.7252747252747254,0.6213592233009709,0.7222222222222221
ADa9rkwF2uA.004.2.jpg,0.7102803738317757,0.65625,0.7252747252747254,0.6213592233009709,0.7222222222222221
ADa9rkwF2uA.004.3.jpg,0.7102803738317757,0.65625,0.7252747252747254,0.6213592233009709,0.7222222222222221
ADa9rkwF2uA.004.4.jpg,0.7102803738317757,0.65625,0.7252747252747254,0.6213592233009709,0.7222222222222221
SUI6WNryjqw.001.1.jpg,0.5981308411214954,0.6458333333333333,0.6263736263736264,0.5048543689320388,0.6444444444444444
SUI6WNryjqw.001.2.jpg,0.5981308411214954,0.6458333333333333,0.6263736263736264,0.5048543689320388,0.6444444444444444
SUI6WNryjqw.001.3.jpg,0.5981308411214954,0.6458333333333333,0.6263736263736264,0.5048543689320388,0.6444444444444444
SUI6WNryjqw.001.4.jpg,0.5981308411214954,0.6458333333333333,0.6263736263736264,0.5048543689320388,0.6444444444444444
AR3UwbmgKuQ.002.1.jpg,0.2336448598130841,0.3125,0.4725274725274725,0.3883495145631068,0.4444444444444445
AR3UwbmgKuQ.002.2.jpg,0.2336448598130841,0.3125,0.4725274725274725,0.3883495145631068,0.4444444444444445
AR3UwbmgKuQ.002.3.jpg,0.2336448598130841,0.3125,0.4725274725274725,0.3883495145631068,0.4444444444444445
AR3UwbmgKuQ.002.4.jpg,0.2336448598130841,0.3125,0.4725274725274725,0.3883495145631068,0.4444444444444445
mDRMCwSD3Ms.001.1.jpg,0.5794392523364487,0.6979166666666666,0.7362637362637363,0.7669902912621359,0.5888888888888889
mDRMCwSD3Ms.001.2.jpg,0.5794392523364487,0.6979166666666666,0.7362637362637363,0.7669902912621359,0.5888888888888889
mDRMCwSD3Ms.001.3.jpg,0.5794392523364487,0.6979166666666666,0.7362637362637363,0.7669902912621359,0.5888888888888889
mDRMCwSD3Ms.001.4.jpg,0.5794392523364487,0.6979166666666666,0.7362637362637363,0.7669902912621359,0.5888888888888889
4XdZDodpzac.001.1.jpg,0.4579439252336449,0.45833333333333337,0.6483516483516484,0.6504854368932039,0.5888888888888889
4XdZDodpzac.001.2.jpg,0.4579439252336449,0.45833333333333337,0.6483516483516484,0.6504854368932039,0.5888888888888889
4XdZDodpzac.001.3.jpg,0.4579439252336449,0.45833333333333337,0.6483516483516484,0.6504854368932039,0.5888888888888889
4XdZDodpzac.001.4.jpg,0.4579439252336449,0.45833333333333337,0.6483516483516484,0.6504854368932039,0.5888888888888889
zvX4fNj0uxk.002.1.jpg,0.2897196261682243,0.5,0.5164835164835165,0.6893203883495147,0.4
zvX4fNj0uxk.002.2.jpg,0.2897196261682243,0.5,0.5164835164835165,0.6893203883495147,0.4
zvX4fNj0uxk.002.3.jpg,0.2897196261682243,0.5,0.5164835164835165,0.6893203883495147,0.4
zvX4fNj0uxk.002.4.jpg,0.2897196261682243,0.5,0.5164835164835165,0.6893203883495147,0.4
T_X16g5ExgE.003.1.jpg,0.6355140186915887,0.65625,0.5054945054945055,0.7184466019417477,0.6444444444444444
T_X16g5ExgE.003.2.jpg,0.6355140186915887,0.65625,0.5054945054945055,0.7184466019417477,0.6444444444444444
T_X16g5ExgE.003.3.jpg,0.6355140186915887,0.65625,0.5054945054945055,0.7184466019417477,0.6444444444444444
T_X16g5ExgE.003.4.jpg,0.6355140186915887,0.65625,0.5054945054945055,0.7184466019417477,0.6444444444444444
I5x9T9ftW18.002.1.jpg,0.4953271028037384,0.5833333333333333,0.4725274725274725,0.6601941747572816,0.5333333333333333
I5x9T9ftW18.002.2.jpg,0.4953271028037384,0.5833333333333333,0.4725274725274725,0.6601941747572816,0.5333333333333333
I5x9T9ftW18.002.3.jpg,0.4953271028037384,0.5833333333333333,0.4725274725274725,0.6601941747572816,0.5333333333333333
I5x9T9ftW18.002.4.jpg,0.4953271028037384,0.5833333333333333,0.4725274725274725,0.6601941747572816,0.5333333333333333
o5eCmKiomvo.000.1.jpg,0.3271028037383178,0.4375,0.4065934065934066,0.7378640776699029,0.3777777777777778
o5eCmKiomvo.000.2.jpg,0.3271028037383178,0.4375,0.4065934065934066,0.7378640776699029,0.3777777777777778
o5eCmKiomvo.000.3.jpg,0.3271028037383178,0.4375,0.4065934065934066,0.7378640776699029,0.3777777777777778
o5eCmKiomvo.000.4.jpg,0.3271028037383178,0.4375,0.4065934065934066,0.7378640776699029,0.3777777777777778
FvjIziLzffo.001.1.jpg,0.47663551401869164,0.5208333333333334,0.5274725274725275,0.6990291262135921,0.6444444444444444
FvjIziLzffo.001.2.jpg,0.47663551401869164,0.5208333333333334,0.5274725274725275,0.6990291262135921,0.6444444444444444
FvjIziLzffo.001.3.jpg,0.47663551401869164,0.5208333333333334,0.5274725274725275,0.6990291262135921,0.6444444444444444
FvjIziLzffo.001.4.jpg,0.47663551401869164,0.5208333333333334,0.5274725274725275,0.6990291262135921,0.6444444444444444
gJMH7pfz-14.005.1.jpg,0.6355140186915887,0.6354166666666666,0.6483516483516484,0.4660194174757281,0.6777777777777777
gJMH7pfz-14.005.2.jpg,0.6355140186915887,0.6354166666666666,0.6483516483516484,0.4660194174757281,0.6777777777777777
gJMH7pfz-14.005.3.jpg,0.6355140186915887,0.6354166666666666,0.6483516483516484,0.4660194174757281,0.6777777777777777
gJMH7pfz-14.005.4.jpg,0.6355140186915887,0.6354166666666666,0.6483516483516484,0.4660194174757281,0.6777777777777777
45SH4ohAH3M.004.1.jpg,0.4953271028037384,0.5,0.5824175824175825,0.3980582524271845,0.5666666666666667
45SH4ohAH3M.004.2.jpg,0.4953271028037384,0.5,0.5824175824175825,0.3980582524271845,0.5666666666666667
45SH4ohAH3M.004.3.jpg,0.4953271028037384,0.5,0.5824175824175825,0.3980582524271845,0.5666666666666667
45SH4ohAH3M.004.4.jpg,0.4953271028037384,0.5,0.5824175824175825,0.3980582524271845,0.5666666666666667
QfU5JsVMjfI.002.1.jpg,0.29906542056074764,0.5208333333333334,0.4615384615384615,0.5145631067961165,0.6666666666666666
QfU5JsVMjfI.002.2.jpg,0.29906542056074764,0.5208333333333334,0.4615384615384615,0.5145631067961165,0.6666666666666666
QfU5JsVMjfI.002.3.jpg,0.29906542056074764,0.5208333333333334,0.4615384615384615,0.5145631067961165,0.6666666666666666
QfU5JsVMjfI.002.4.jpg,0.29906542056074764,0.5208333333333334,0.4615384615384615,0.5145631067961165,0.6666666666666666
vhugKRUnd-c.002.1.jpg,0.4205607476635514,0.4895833333333333,0.4285714285714285,0.6990291262135921,0.4888888888888889
vhugKRUnd-c.002.2.jpg,0.4205607476635514,0.4895833333333333,0.4285714285714285,0.6990291262135921,0.4888888888888889
vhugKRUnd-c.002.3.jpg,0.4205607476635514,0.4895833333333333,0.4285714285714285,0.6990291262135921,0.4888888888888889
vhugKRUnd-c.002.4.jpg,0.4205607476635514,0.4895833333333333,0.4285714285714285,0.6990291262135921,0.4888888888888889
PWM-bKcs2p8.003.1.jpg,0.16822429906542055,0.28125,0.32967032967032966,0.31067961165048547,0.26666666666666666
PWM-bKcs2p8.003.2.jpg,0.16822429906542055,0.28125,0.32967032967032966,0.31067961165048547,0.26666666666666666
PWM-bKcs2p8.003.3.jpg,0.16822429906542055,0.28125,0.32967032967032966,0.31067961165048547,0.26666666666666666
PWM-bKcs2p8.003.4.jpg,0.16822429906542055,0.28125,0.32967032967032966,0.31067961165048547,0.26666666666666666
jZDlFzVUZwY.004.1.jpg,0.6261682242990655,0.65625,0.6043956043956044,0.7378640776699029,0.5444444444444444
jZDlFzVUZwY.004.2.jpg,0.6261682242990655,0.65625,0.6043956043956044,0.7378640776699029,0.5444444444444444
jZDlFzVUZwY.004.3.jpg,0.6261682242990655,0.65625,0.6043956043956044,0.7378640776699029,0.5444444444444444
jZDlFzVUZwY.004.4.jpg,0.6261682242990655,0.65625,0.6043956043956044,0.7378640776699029,0.5444444444444444
8eeZjC_bmtc.004.1.jpg,0.38317757009345793,0.42708333333333337,0.4725274725274725,0.3203883495145631,0.38888888888888895
8eeZjC_bmtc.004.2.jpg,0.38317757009345793,0.42708333333333337,0.4725274725274725,0.3203883495145631,0.38888888888888895
8eeZjC_bmtc.004.3.jpg,0.38317757009345793,0.42708333333333337,0.4725274725274725,0.3203883495145631,0.38888888888888895
8eeZjC_bmtc.004.4.jpg,0.38317757009345793,0.42708333333333337,0.4725274725274725,0.3203883495145631,0.38888888888888895
B1efbNxLPe8.002.1.jpg,0.5607476635514019,0.625,0.5384615384615384,0.5048543689320388,0.7333333333333333
B1efbNxLPe8.002.2.jpg,0.5607476635514019,0.625,0.5384615384615384,0.5048543689320388,0.7333333333333333
B1efbNxLPe8.002.3.jpg,0.5607476635514019,0.625,0.5384615384615384,0.5048543689320388,0.7333333333333333
B1efbNxLPe8.002.4.jpg,0.5607476635514019,0.625,0.5384615384615384,0.5048543689320388,0.7333333333333333
tvKUJujTUEo.002.1.jpg,0.663551401869159,0.7083333333333334,0.7032967032967032,0.7864077669902914,0.6333333333333333
tvKUJujTUEo.002.2.jpg,0.663551401869159,0.7083333333333334,0.7032967032967032,0.7864077669902914,0.6333333333333333
tvKUJujTUEo.002.3.jpg,0.663551401869159,0.7083333333333334,0.7032967032967032,0.7864077669902914,0.6333333333333333
tvKUJujTUEo.002.4.jpg,0.663551401869159,0.7083333333333334,0.7032967032967032,0.7864077669902914,0.6333333333333333
PRplbrM70sg.000.1.jpg,0.5981308411214954,0.6145833333333333,0.5824175824175825,0.6019417475728155,0.7333333333333333
PRplbrM70sg.000.2.jpg,0.5981308411214954,0.6145833333333333,0.5824175824175825,0.6019417475728155,0.7333333333333333
PRplbrM70sg.000.3.jpg,0.5981308411214954,0.6145833333333333,0.5824175824175825,0.6019417475728155,0.7333333333333333
PRplbrM70sg.000.4.jpg,0.5981308411214954,0.6145833333333333,0.5824175824175825,0.6019417475728155,0.7333333333333333
cRDYrvxRJ6U.004.1.jpg,0.7476635514018694,0.7291666666666667,0.4945054945054945,0.7961165048543688,0.6666666666666666
cRDYrvxRJ6U.004.2.jpg,0.7476635514018694,0.7291666666666667,0.4945054945054945,0.7961165048543688,0.6666666666666666
cRDYrvxRJ6U.004.3.jpg,0.7476635514018694,0.7291666666666667,0.4945054945054945,0.7961165048543688,0.6666666666666666
cRDYrvxRJ6U.004.4.jpg,0.7476635514018694,0.7291666666666667,0.4945054945054945,0.7961165048543688,0.6666666666666666
Me22JENkhJA.001.1.jpg,0.14018691588785046,0.3020833333333333,0.4835164835164835,0.3495145631067961,0.43333333333333335
Me22JENkhJA.001.2.jpg,0.14018691588785046,0.3020833333333333,0.4835164835164835,0.3495145631067961,0.43333333333333335
Me22JENkhJA.001.3.jpg,0.14018691588785046,0.3020833333333333,0.4835164835164835,0.3495145631067961,0.43333333333333335
Me22JENkhJA.001.4.jpg,0.14018691588785046,0.3020833333333333,0.4835164835164835,0.3495145631067961,0.43333333333333335
nOCSTnpB_F4.000.1.jpg,0.4953271028037384,0.5,0.6043956043956044,0.4951456310679611,0.5555555555555556
nOCSTnpB_F4.000.2.jpg,0.4953271028037384,0.5,0.6043956043956044,0.4951456310679611,0.5555555555555556
nOCSTnpB_F4.000.3.jpg,0.4953271028037384,0.5,0.6043956043956044,0.4951456310679611,0.5555555555555556
nOCSTnpB_F4.000.4.jpg,0.4953271028037384,0.5,0.6043956043956044,0.4951456310679611,0.5555555555555556
qjU3GX3jgSY.005.1.jpg,0.4579439252336449,0.5625,0.7142857142857143,0.4466019417475728,0.6333333333333333
qjU3GX3jgSY.005.2.jpg,0.4579439252336449,0.5625,0.7142857142857143,0.4466019417475728,0.6333333333333333
qjU3GX3jgSY.005.3.jpg,0.4579439252336449,0.5625,0.7142857142857143,0.4466019417475728,0.6333333333333333
qjU3GX3jgSY.005.4.jpg,0.4579439252336449,0.5625,0.7142857142857143,0.4466019417475728,0.6333333333333333
qBG1mjC7Zgg.002.1.jpg,0.20560747663551404,0.5625,0.3956043956043956,0.5436893203883495,0.5777777777777777
qBG1mjC7Zgg.002.2.jpg,0.20560747663551404,0.5625,0.3956043956043956,0.5436893203883495,0.5777777777777777
qBG1mjC7Zgg.002.3.jpg,0.20560747663551404,0.5625,0.3956043956043956,0.5436893203883495,0.5777777777777777
qBG1mjC7Zgg.002.4.jpg,0.20560747663551404,0.5625,0.3956043956043956,0.5436893203883495,0.5777777777777777
xpSCu7PgJts.001.1.jpg,0.4392523364485981,0.6354166666666666,0.4285714285714285,0.47572815533980584,0.6
xpSCu7PgJts.001.2.jpg,0.4392523364485981,0.6354166666666666,0.4285714285714285,0.47572815533980584,0.6
xpSCu7PgJts.001.3.jpg,0.4392523364485981,0.6354166666666666,0.4285714285714285,0.47572815533980584,0.6
xpSCu7PgJts.001.4.jpg,0.4392523364485981,0.6354166666666666,0.4285714285714285,0.47572815533980584,0.6
4vJ69g7gAH4.003.1.jpg,0.4672897196261683,0.5833333333333333,0.5164835164835165,0.6019417475728155,0.611111111111111
4vJ69g7gAH4.003.2.jpg,0.4672897196261683,0.5833333333333333,0.5164835164835165,0.6019417475728155,0.611111111111111
4vJ69g7gAH4.003.3.jpg,0.4672897196261683,0.5833333333333333,0.5164835164835165,0.6019417475728155,0.611111111111111
4vJ69g7gAH4.003.4.jpg,0.4672897196261683,0.5833333333333333,0.5164835164835165,0.6019417475728155,0.611111111111111
If96Xniy6Go.002.1.jpg,0.4485981308411215,0.4895833333333333,0.6813186813186812,0.4854368932038835,0.7444444444444444
If96Xniy6Go.002.2.jpg,0.4485981308411215,0.4895833333333333,0.6813186813186812,0.4854368932038835,0.7444444444444444
If96Xniy6Go.002.3.jpg,0.4485981308411215,0.4895833333333333,0.6813186813186812,0.4854368932038835,0.7444444444444444
If96Xniy6Go.002.4.jpg,0.4485981308411215,0.4895833333333333,0.6813186813186812,0.4854368932038835,0.7444444444444444
MOXPVzRBDPo.000.1.jpg,0.5700934579439253,0.7395833333333333,0.7362637362637363,0.7378640776699029,0.7333333333333333
MOXPVzRBDPo.000.2.jpg,0.5700934579439253,0.7395833333333333,0.7362637362637363,0.7378640776699029,0.7333333333333333
MOXPVzRBDPo.000.3.jpg,0.5700934579439253,0.7395833333333333,0.7362637362637363,0.7378640776699029,0.7333333333333333
MOXPVzRBDPo.000.4.jpg,0.5700934579439253,0.7395833333333333,0.7362637362637363,0.7378640776699029,0.7333333333333333
KskDPaLfZNQ.001.1.jpg,0.7102803738317757,0.5833333333333333,0.5714285714285714,0.4563106796116505,0.5666666666666667
KskDPaLfZNQ.001.2.jpg,0.7102803738317757,0.5833333333333333,0.5714285714285714,0.4563106796116505,0.5666666666666667
KskDPaLfZNQ.001.3.jpg,0.7102803738317757,0.5833333333333333,0.5714285714285714,0.4563106796116505,0.5666666666666667
KskDPaLfZNQ.001.4.jpg,0.7102803738317757,0.5833333333333333,0.5714285714285714,0.4563106796116505,0.5666666666666667
R6NTuhZtOks.000.1.jpg,0.5981308411214954,0.59375,0.7142857142857143,0.6893203883495147,0.7333333333333333
R6NTuhZtOks.000.2.jpg,0.5981308411214954,0.59375,0.7142857142857143,0.6893203883495147,0.7333333333333333
R6NTuhZtOks.000.3.jpg,0.5981308411214954,0.59375,0.7142857142857143,0.6893203883495147,0.7333333333333333
R6NTuhZtOks.000.4.jpg,0.5981308411214954,0.59375,0.7142857142857143,0.6893203883495147,0.7333333333333333
zrbcY4TMVyc.001.1.jpg,0.5700934579439253,0.59375,0.5494505494505494,0.42718446601941745,0.5777777777777777
zrbcY4TMVyc.001.2.jpg,0.5700934579439253,0.59375,0.5494505494505494,0.42718446601941745,0.5777777777777777
zrbcY4TMVyc.001.3.jpg,0.5700934579439253,0.59375,0.5494505494505494,0.42718446601941745,0.5777777777777777
zrbcY4TMVyc.001.4.jpg,0.5700934579439253,0.59375,0.5494505494505494,0.42718446601941745,0.5777777777777777
u50B6bIkN9g.003.1.jpg,0.2897196261682243,0.4166666666666667,0.4175824175824176,0.5145631067961165,0.5111111111111111
u50B6bIkN9g.003.2.jpg,0.2897196261682243,0.4166666666666667,0.4175824175824176,0.5145631067961165,0.5111111111111111
u50B6bIkN9g.003.3.jpg,0.2897196261682243,0.4166666666666667,0.4175824175824176,0.5145631067961165,0.5111111111111111
u50B6bIkN9g.003.4.jpg,0.2897196261682243,0.4166666666666667,0.4175824175824176,0.5145631067961165,0.5111111111111111
-wO0oBNlEvY.005.1.jpg,0.4485981308411215,0.5520833333333334,0.4725274725274725,0.4660194174757281,0.6444444444444444
-wO0oBNlEvY.005.2.jpg,0.4485981308411215,0.5520833333333334,0.4725274725274725,0.4660194174757281,0.6444444444444444
-wO0oBNlEvY.005.3.jpg,0.4485981308411215,0.5520833333333334,0.4725274725274725,0.4660194174757281,0.6444444444444444
-wO0oBNlEvY.005.4.jpg,0.4485981308411215,0.5520833333333334,0.4725274725274725,0.4660194174757281,0.6444444444444444
5-mwIFjOWZ4.002.1.jpg,0.4953271028037384,0.5416666666666666,0.5714285714285714,0.36893203883495146,0.6555555555555556
5-mwIFjOWZ4.002.2.jpg,0.4953271028037384,0.5416666666666666,0.5714285714285714,0.36893203883495146,0.6555555555555556
5-mwIFjOWZ4.002.3.jpg,0.4953271028037384,0.5416666666666666,0.5714285714285714,0.36893203883495146,0.6555555555555556
5-mwIFjOWZ4.002.4.jpg,0.4953271028037384,0.5416666666666666,0.5714285714285714,0.36893203883495146,0.6555555555555556
MuYYY3XaJ7Q.000.1.jpg,0.5794392523364487,0.4375,0.3956043956043956,0.5631067961165048,0.43333333333333335
MuYYY3XaJ7Q.000.2.jpg,0.5794392523364487,0.4375,0.3956043956043956,0.5631067961165048,0.43333333333333335
MuYYY3XaJ7Q.000.3.jpg,0.5794392523364487,0.4375,0.3956043956043956,0.5631067961165048,0.43333333333333335
MuYYY3XaJ7Q.000.4.jpg,0.5794392523364487,0.4375,0.3956043956043956,0.5631067961165048,0.43333333333333335
Zdz0TqboSNI.001.1.jpg,0.5420560747663552,0.53125,0.6923076923076923,0.5728155339805825,0.5222222222222223
Zdz0TqboSNI.001.2.jpg,0.5420560747663552,0.53125,0.6923076923076923,0.5728155339805825,0.5222222222222223
Zdz0TqboSNI.001.3.jpg,0.5420560747663552,0.53125,0.6923076923076923,0.5728155339805825,0.5222222222222223
Zdz0TqboSNI.001.4.jpg,0.5420560747663552,0.53125,0.6923076923076923,0.5728155339805825,0.5222222222222223
YN0Xd70SqEo.000.1.jpg,0.5327102803738318,0.6145833333333333,0.4945054945054945,0.5631067961165048,0.6666666666666666
YN0Xd70SqEo.000.2.jpg,0.5327102803738318,0.6145833333333333,0.4945054945054945,0.5631067961165048,0.6666666666666666
YN0Xd70SqEo.000.3.jpg,0.5327102803738318,0.6145833333333333,0.4945054945054945,0.5631067961165048,0.6666666666666666
YN0Xd70SqEo.000.4.jpg,0.5327102803738318,0.6145833333333333,0.4945054945054945,0.5631067961165048,0.6666666666666666
-RqxrwIxMvE.002.1.jpg,0.5981308411214954,0.4895833333333333,0.5164835164835165,0.5145631067961165,0.5111111111111111
-RqxrwIxMvE.002.2.jpg,0.5981308411214954,0.4895833333333333,0.5164835164835165,0.5145631067961165,0.5111111111111111
-RqxrwIxMvE.002.3.jpg,0.5981308411214954,0.4895833333333333,0.5164835164835165,0.5145631067961165,0.5111111111111111
-RqxrwIxMvE.002.4.jpg,0.5981308411214954,0.4895833333333333,0.5164835164835165,0.5145631067961165,0.5111111111111111
p5QXPhJS8Ks.004.1.jpg,0.14953271028037385,0.34374999999999994,0.3956043956043956,0.3300970873786408,0.26666666666666666
p5QXPhJS8Ks.004.2.jpg,0.14953271028037385,0.34374999999999994,0.3956043956043956,0.3300970873786408,0.26666666666666666
p5QXPhJS8Ks.004.3.jpg,0.14953271028037385,0.34374999999999994,0.3956043956043956,0.3300970873786408,0.26666666666666666
p5QXPhJS8Ks.004.4.jpg,0.14953271028037385,0.34374999999999994,0.3956043956043956,0.3300970873786408,0.26666666666666666
Wx_oe0SxD9w.005.1.jpg,0.663551401869159,0.7916666666666667,0.7912087912087912,0.5436893203883495,0.6666666666666666
Wx_oe0SxD9w.005.2.jpg,0.663551401869159,0.7916666666666667,0.7912087912087912,0.5436893203883495,0.6666666666666666
Wx_oe0SxD9w.005.3.jpg,0.663551401869159,0.7916666666666667,0.7912087912087912,0.5436893203883495,0.6666666666666666
Wx_oe0SxD9w.005.4.jpg,0.663551401869159,0.7916666666666667,0.7912087912087912,0.5436893203883495,0.6666666666666666
jPpZkVzQywk.004.1.jpg,0.24299065420560748,0.3333333333333333,0.3846153846153846,0.4951456310679611,0.38888888888888895
jPpZkVzQywk.004.2.jpg,0.24299065420560748,0.3333333333333333,0.3846153846153846,0.4951456310679611,0.38888888888888895
jPpZkVzQywk.004.3.jpg,0.24299065420560748,0.3333333333333333,0.3846153846153846,0.4951456310679611,0.38888888888888895
jPpZkVzQywk.004.4.jpg,0.24299065420560748,0.3333333333333333,0.3846153846153846,0.4951456310679611,0.38888888888888895
EDXQLrsZctw.001.1.jpg,0.14953271028037385,0.2395833333333333,0.2637362637362637,0.3203883495145631,0.4
EDXQLrsZctw.001.2.jpg,0.14953271028037385,0.2395833333333333,0.2637362637362637,0.3203883495145631,0.4
EDXQLrsZctw.001.3.jpg,0.14953271028037385,0.2395833333333333,0.2637362637362637,0.3203883495145631,0.4
EDXQLrsZctw.001.4.jpg,0.14953271028037385,0.2395833333333333,0.2637362637362637,0.3203883495145631,0.4
Y1LrgyCJtpU.004.1.jpg,0.47663551401869164,0.5208333333333334,0.5384615384615384,0.5922330097087379,0.5666666666666667
Y1LrgyCJtpU.004.2.jpg,0.47663551401869164,0.5208333333333334,0.5384615384615384,0.5922330097087379,0.5666666666666667
Y1LrgyCJtpU.004.3.jpg,0.47663551401869164,0.5208333333333334,0.5384615384615384,0.5922330097087379,0.5666666666666667
Y1LrgyCJtpU.004.4.jpg,0.47663551401869164,0.5208333333333334,0.5384615384615384,0.5922330097087379,0.5666666666666667
a97PXgrKSxo.001.1.jpg,0.5046728971962617,0.53125,0.6373626373626373,0.6407766990291262,0.611111111111111
a97PXgrKSxo.001.2.jpg,0.5046728971962617,0.53125,0.6373626373626373,0.6407766990291262,0.611111111111111
a97PXgrKSxo.001.3.jpg,0.5046728971962617,0.53125,0.6373626373626373,0.6407766990291262,0.611111111111111
a97PXgrKSxo.001.4.jpg,0.5046728971962617,0.53125,0.6373626373626373,0.6407766990291262,0.611111111111111
qfL0ml0f84g.000.1.jpg,0.588785046728972,0.6875,0.5164835164835165,0.5339805825242718,0.6555555555555556
qfL0ml0f84g.000.2.jpg,0.588785046728972,0.6875,0.5164835164835165,0.5339805825242718,0.6555555555555556
qfL0ml0f84g.000.3.jpg,0.588785046728972,0.6875,0.5164835164835165,0.5339805825242718,0.6555555555555556
qfL0ml0f84g.000.4.jpg,0.588785046728972,0.6875,0.5164835164835165,0.5339805825242718,0.6555555555555556
1XkKu4LBvog.005.1.jpg,0.4112149532710281,0.5,0.5274725274725275,0.42718446601941745,0.611111111111111
1XkKu4LBvog.005.2.jpg,0.4112149532710281,0.5,0.5274725274725275,0.42718446601941745,0.611111111111111
1XkKu4LBvog.005.3.jpg,0.4112149532710281,0.5,0.5274725274725275,0.42718446601941745,0.611111111111111
1XkKu4LBvog.005.4.jpg,0.4112149532710281,0.5,0.5274725274725275,0.42718446601941745,0.611111111111111
VUgKH9DIs-8.004.1.jpg,0.18691588785046728,0.25,0.4835164835164835,0.18446601941747573,0.32222222222222224
VUgKH9DIs-8.004.2.jpg,0.18691588785046728,0.25,0.4835164835164835,0.18446601941747573,0.32222222222222224
VUgKH9DIs-8.004.3.jpg,0.18691588785046728,0.25,0.4835164835164835,0.18446601941747573,0.32222222222222224
VUgKH9DIs-8.004.4.jpg,0.18691588785046728,0.25,0.4835164835164835,0.18446601941747573,0.32222222222222224
p_mu11crx-s.000.1.jpg,0.25233644859813087,0.25,0.4835164835164835,0.4368932038834952,0.4
p_mu11crx-s.000.2.jpg,0.25233644859813087,0.25,0.4835164835164835,0.4368932038834952,0.4
p_mu11crx-s.000.3.jpg,0.25233644859813087,0.25,0.4835164835164835,0.4368932038834952,0.4
p_mu11crx-s.000.4.jpg,0.25233644859813087,0.25,0.4835164835164835,0.4368932038834952,0.4
RDdB2AqJpog.000.1.jpg,0.33644859813084116,0.37499999999999994,0.3626373626373627,0.35922330097087385,0.4777777777777778
RDdB2AqJpog.000.2.jpg,0.33644859813084116,0.37499999999999994,0.3626373626373627,0.35922330097087385,0.4777777777777778
RDdB2AqJpog.000.3.jpg,0.33644859813084116,0.37499999999999994,0.3626373626373627,0.35922330097087385,0.4777777777777778
RDdB2AqJpog.000.4.jpg,0.33644859813084116,0.37499999999999994,0.3626373626373627,0.35922330097087385,0.4777777777777778
C2Y9Puk3Obk.002.1.jpg,0.5700934579439253,0.6770833333333334,0.5824175824175825,0.6116504854368932,0.7666666666666666
C2Y9Puk3Obk.002.2.jpg,0.5700934579439253,0.6770833333333334,0.5824175824175825,0.6116504854368932,0.7666666666666666
C2Y9Puk3Obk.002.3.jpg,0.5700934579439253,0.6770833333333334,0.5824175824175825,0.6116504854368932,0.7666666666666666
C2Y9Puk3Obk.002.4.jpg,0.5700934579439253,0.6770833333333334,0.5824175824175825,0.6116504854368932,0.7666666666666666
LeuT6NgJ6N8.005.1.jpg,0.6355140186915887,0.65625,0.6263736263736264,0.6504854368932039,0.6
LeuT6NgJ6N8.005.2.jpg,0.6355140186915887,0.65625,0.6263736263736264,0.6504854368932039,0.6
LeuT6NgJ6N8.005.3.jpg,0.6355140186915887,0.65625,0.6263736263736264,0.6504854368932039,0.6
LeuT6NgJ6N8.005.4.jpg,0.6355140186915887,0.65625,0.6263736263736264,0.6504854368932039,0.6
aLvpOYqzErk.001.1.jpg,0.5607476635514019,0.5729166666666666,0.4615384615384615,0.4660194174757281,0.6333333333333333
aLvpOYqzErk.001.2.jpg,0.5607476635514019,0.5729166666666666,0.4615384615384615,0.4660194174757281,0.6333333333333333
aLvpOYqzErk.001.3.jpg,0.5607476635514019,0.5729166666666666,0.4615384615384615,0.4660194174757281,0.6333333333333333
aLvpOYqzErk.001.4.jpg,0.5607476635514019,0.5729166666666666,0.4615384615384615,0.4660194174757281,0.6333333333333333
U3UaF1aFek4.004.1.jpg,0.6822429906542057,0.6666666666666667,0.5714285714285714,0.5242718446601942,0.6666666666666666
U3UaF1aFek4.004.2.jpg,0.6822429906542057,0.6666666666666667,0.5714285714285714,0.5242718446601942,0.6666666666666666
U3UaF1aFek4.004.3.jpg,0.6822429906542057,0.6666666666666667,0.5714285714285714,0.5242718446601942,0.6666666666666666
U3UaF1aFek4.004.4.jpg,0.6822429906542057,0.6666666666666667,0.5714285714285714,0.5242718446601942,0.6666666666666666
vtOEl_Mg0Io.002.1.jpg,0.2149532710280374,0.37499999999999994,0.4725274725274725,0.4174757281553398,0.3
vtOEl_Mg0Io.002.2.jpg,0.2149532710280374,0.37499999999999994,0.4725274725274725,0.4174757281553398,0.3
vtOEl_Mg0Io.002.3.jpg,0.2149532710280374,0.37499999999999994,0.4725274725274725,0.4174757281553398,0.3
vtOEl_Mg0Io.002.4.jpg,0.2149532710280374,0.37499999999999994,0.4725274725274725,0.4174757281553398,0.3
c2LeNguVNrI.000.1.jpg,0.3271028037383178,0.53125,0.4175824175824176,0.5048543689320388,0.3555555555555556
c2LeNguVNrI.000.2.jpg,0.3271028037383178,0.53125,0.4175824175824176,0.5048543689320388,0.3555555555555556
c2LeNguVNrI.000.3.jpg,0.3271028037383178,0.53125,0.4175824175824176,0.5048543689320388,0.3555555555555556
c2LeNguVNrI.000.4.jpg,0.3271028037383178,0.53125,0.4175824175824176,0.5048543689320388,0.3555555555555556
6NjuNY4LfQc.002.1.jpg,0.3457943925233645,0.3020833333333333,0.4175824175824176,0.3300970873786408,0.43333333333333335
6NjuNY4LfQc.002.2.jpg,0.3457943925233645,0.3020833333333333,0.4175824175824176,0.3300970873786408,0.43333333333333335
6NjuNY4LfQc.002.3.jpg,0.3457943925233645,0.3020833333333333,0.4175824175824176,0.3300970873786408,0.43333333333333335
6NjuNY4LfQc.002.4.jpg,0.3457943925233645,0.3020833333333333,0.4175824175824176,0.3300970873786408,0.43333333333333335
gKxJl7pIYMo.001.1.jpg,0.6261682242990655,0.4375,0.6483516483516484,0.4368932038834952,0.5444444444444444
gKxJl7pIYMo.001.2.jpg,0.6261682242990655,0.4375,0.6483516483516484,0.4368932038834952,0.5444444444444444
gKxJl7pIYMo.001.3.jpg,0.6261682242990655,0.4375,0.6483516483516484,0.4368932038834952,0.5444444444444444
gKxJl7pIYMo.001.4.jpg,0.6261682242990655,0.4375,0.6483516483516484,0.4368932038834952,0.5444444444444444
k4eeYoHtnnI.003.1.jpg,0.4579439252336449,0.65625,0.5934065934065933,0.6504854368932039,0.5333333333333333
k4eeYoHtnnI.003.2.jpg,0.4579439252336449,0.65625,0.5934065934065933,0.6504854368932039,0.5333333333333333
k4eeYoHtnnI.003.3.jpg,0.4579439252336449,0.65625,0.5934065934065933,0.6504854368932039,0.5333333333333333
k4eeYoHtnnI.003.4.jpg,0.4579439252336449,0.65625,0.5934065934065933,0.6504854368932039,0.5333333333333333
4NzqG0XwOWg.003.1.jpg,0.6074766355140188,0.625,0.5824175824175825,0.7087378640776699,0.6666666666666666
4NzqG0XwOWg.003.2.jpg,0.6074766355140188,0.625,0.5824175824175825,0.7087378640776699,0.6666666666666666
4NzqG0XwOWg.003.3.jpg,0.6074766355140188,0.625,0.5824175824175825,0.7087378640776699,0.6666666666666666
4NzqG0XwOWg.003.4.jpg,0.6074766355140188,0.625,0.5824175824175825,0.7087378640776699,0.6666666666666666
6WSr4IW6cNI.005.1.jpg,0.4205607476635514,0.37499999999999994,0.6373626373626373,0.36893203883495146,0.5444444444444444
6WSr4IW6cNI.005.2.jpg,0.4205607476635514,0.37499999999999994,0.6373626373626373,0.36893203883495146,0.5444444444444444
6WSr4IW6cNI.005.3.jpg,0.4205607476635514,0.37499999999999994,0.6373626373626373,0.36893203883495146,0.5444444444444444
6WSr4IW6cNI.005.4.jpg,0.4205607476635514,0.37499999999999994,0.6373626373626373,0.36893203883495146,0.5444444444444444
iiW_nu6JITY.003.1.jpg,0.5700934579439253,0.7395833333333333,0.6703296703296703,0.8446601941747574,0.6
iiW_nu6JITY.003.2.jpg,0.5700934579439253,0.7395833333333333,0.6703296703296703,0.8446601941747574,0.6
iiW_nu6JITY.003.3.jpg,0.5700934579439253,0.7395833333333333,0.6703296703296703,0.8446601941747574,0.6
iiW_nu6JITY.003.4.jpg,0.5700934579439253,0.7395833333333333,0.6703296703296703,0.8446601941747574,0.6
DVh_7dO2cWY.002.1.jpg,0.6261682242990655,0.6354166666666666,0.6593406593406592,0.6116504854368932,0.6222222222222222
DVh_7dO2cWY.002.2.jpg,0.6261682242990655,0.6354166666666666,0.6593406593406592,0.6116504854368932,0.6222222222222222
DVh_7dO2cWY.002.3.jpg,0.6261682242990655,0.6354166666666666,0.6593406593406592,0.6116504854368932,0.6222222222222222
DVh_7dO2cWY.002.4.jpg,0.6261682242990655,0.6354166666666666,0.6593406593406592,0.6116504854368932,0.6222222222222222
PyPFJWirPjs.002.1.jpg,0.4672897196261683,0.3854166666666667,0.6263736263736264,0.3300970873786408,0.45555555555555555
PyPFJWirPjs.002.2.jpg,0.4672897196261683,0.3854166666666667,0.6263736263736264,0.3300970873786408,0.45555555555555555
PyPFJWirPjs.002.3.jpg,0.4672897196261683,0.3854166666666667,0.6263736263736264,0.3300970873786408,0.45555555555555555
PyPFJWirPjs.002.4.jpg,0.4672897196261683,0.3854166666666667,0.6263736263736264,0.3300970873786408,0.45555555555555555
mZ2CHgzwDt0.004.1.jpg,0.6728971962616823,0.7187499999999999,0.7142857142857143,0.7475728155339806,0.7333333333333333
mZ2CHgzwDt0.004.2.jpg,0.6728971962616823,0.7187499999999999,0.7142857142857143,0.7475728155339806,0.7333333333333333
mZ2CHgzwDt0.004.3.jpg,0.6728971962616823,0.7187499999999999,0.7142857142857143,0.7475728155339806,0.7333333333333333
mZ2CHgzwDt0.004.4.jpg,0.6728971962616823,0.7187499999999999,0.7142857142857143,0.7475728155339806,0.7333333333333333
Wx_oe0SxD9w.004.1.jpg,0.48598130841121495,0.625,0.6703296703296703,0.6019417475728155,0.5777777777777777
Wx_oe0SxD9w.004.2.jpg,0.48598130841121495,0.625,0.6703296703296703,0.6019417475728155,0.5777777777777777
Wx_oe0SxD9w.004.3.jpg,0.48598130841121495,0.625,0.6703296703296703,0.6019417475728155,0.5777777777777777
Wx_oe0SxD9w.004.4.jpg,0.48598130841121495,0.625,0.6703296703296703,0.6019417475728155,0.5777777777777777
PWAe9M2SxT8.000.1.jpg,0.6261682242990655,0.6354166666666666,0.5604395604395604,0.2912621359223301,0.611111111111111
PWAe9M2SxT8.000.2.jpg,0.6261682242990655,0.6354166666666666,0.5604395604395604,0.2912621359223301,0.611111111111111
PWAe9M2SxT8.000.3.jpg,0.6261682242990655,0.6354166666666666,0.5604395604395604,0.2912621359223301,0.611111111111111
PWAe9M2SxT8.000.4.jpg,0.6261682242990655,0.6354166666666666,0.5604395604395604,0.2912621359223301,0.611111111111111
2T3oK1Gse2g.004.1.jpg,0.6542056074766356,0.5729166666666666,0.6373626373626373,0.4854368932038835,0.6333333333333333
2T3oK1Gse2g.004.2.jpg,0.6542056074766356,0.5729166666666666,0.6373626373626373,0.4854368932038835,0.6333333333333333
2T3oK1Gse2g.004.3.jpg,0.6542056074766356,0.5729166666666666,0.6373626373626373,0.4854368932038835,0.6333333333333333
2T3oK1Gse2g.004.4.jpg,0.6542056074766356,0.5729166666666666,0.6373626373626373,0.4854368932038835,0.6333333333333333
z0v9LukQRHU.004.1.jpg,0.36448598130841126,0.46875,0.5384615384615384,0.3495145631067961,0.4
z0v9LukQRHU.004.2.jpg,0.36448598130841126,0.46875,0.5384615384615384,0.3495145631067961,0.4
z0v9LukQRHU.004.3.jpg,0.36448598130841126,0.46875,0.5384615384615384,0.3495145631067961,0.4
z0v9LukQRHU.004.4.jpg,0.36448598130841126,0.46875,0.5384615384615384,0.3495145631067961,0.4
PxpbeM9VavA.002.1.jpg,0.5046728971962617,0.4895833333333333,0.6153846153846153,0.5048543689320388,0.4888888888888889
PxpbeM9VavA.002.2.jpg,0.5046728971962617,0.4895833333333333,0.6153846153846153,0.5048543689320388,0.4888888888888889
PxpbeM9VavA.002.3.jpg,0.5046728971962617,0.4895833333333333,0.6153846153846153,0.5048543689320388,0.4888888888888889
PxpbeM9VavA.002.4.jpg,0.5046728971962617,0.4895833333333333,0.6153846153846153,0.5048543689320388,0.4888888888888889
-fqiCqZtgYs.000.1.jpg,0.3457943925233645,0.65625,0.5604395604395604,0.4174757281553398,0.6222222222222222
-fqiCqZtgYs.000.2.jpg,0.3457943925233645,0.65625,0.5604395604395604,0.4174757281553398,0.6222222222222222
-fqiCqZtgYs.000.3.jpg,0.3457943925233645,0.65625,0.5604395604395604,0.4174757281553398,0.6222222222222222
-fqiCqZtgYs.000.4.jpg,0.3457943925233645,0.65625,0.5604395604395604,0.4174757281553398,0.6222222222222222
FogaU_yB9aY.003.1.jpg,0.588785046728972,0.6458333333333333,0.5934065934065933,0.6893203883495147,0.6888888888888889
FogaU_yB9aY.003.2.jpg,0.588785046728972,0.6458333333333333,0.5934065934065933,0.6893203883495147,0.6888888888888889
FogaU_yB9aY.003.3.jpg,0.588785046728972,0.6458333333333333,0.5934065934065933,0.6893203883495147,0.6888888888888889
FogaU_yB9aY.003.4.jpg,0.588785046728972,0.6458333333333333,0.5934065934065933,0.6893203883495147,0.6888888888888889
6U2qLDZA5lQ.000.1.jpg,0.5981308411214954,0.7812499999999999,0.5384615384615384,0.8932038834951456,0.7333333333333333
6U2qLDZA5lQ.000.2.jpg,0.5981308411214954,0.7812499999999999,0.5384615384615384,0.8932038834951456,0.7333333333333333
6U2qLDZA5lQ.000.3.jpg,0.5981308411214954,0.7812499999999999,0.5384615384615384,0.8932038834951456,0.7333333333333333
6U2qLDZA5lQ.000.4.jpg,0.5981308411214954,0.7812499999999999,0.5384615384615384,0.8932038834951456,0.7333333333333333
LBKbubsgpE8.005.1.jpg,0.8037383177570094,0.7812499999999999,0.7142857142857143,0.6504854368932039,0.9111111111111111
LBKbubsgpE8.005.2.jpg,0.8037383177570094,0.7812499999999999,0.7142857142857143,0.6504854368932039,0.9111111111111111
LBKbubsgpE8.005.3.jpg,0.8037383177570094,0.7812499999999999,0.7142857142857143,0.6504854368932039,0.9111111111111111
LBKbubsgpE8.005.4.jpg,0.8037383177570094,0.7812499999999999,0.7142857142857143,0.6504854368932039,0.9111111111111111
3OoQBXWTGfE.003.1.jpg,0.18691588785046728,0.37499999999999994,0.18681318681318684,0.21359223300970873,0.3111111111111111
3OoQBXWTGfE.003.2.jpg,0.18691588785046728,0.37499999999999994,0.18681318681318684,0.21359223300970873,0.3111111111111111
3OoQBXWTGfE.003.3.jpg,0.18691588785046728,0.37499999999999994,0.18681318681318684,0.21359223300970873,0.3111111111111111
3OoQBXWTGfE.003.4.jpg,0.18691588785046728,0.37499999999999994,0.18681318681318684,0.21359223300970873,0.3111111111111111
_0bg1TLPP-I.003.1.jpg,0.6542056074766356,0.7500000000000001,0.7142857142857143,0.6504854368932039,0.711111111111111
_0bg1TLPP-I.003.2.jpg,0.6542056074766356,0.7500000000000001,0.7142857142857143,0.6504854368932039,0.711111111111111
_0bg1TLPP-I.003.3.jpg,0.6542056074766356,0.7500000000000001,0.7142857142857143,0.6504854368932039,0.711111111111111
_0bg1TLPP-I.003.4.jpg,0.6542056074766356,0.7500000000000001,0.7142857142857143,0.6504854368932039,0.711111111111111
GG9WPQLI_rg.001.1.jpg,0.5140186915887851,0.6145833333333333,0.6703296703296703,0.6504854368932039,0.5888888888888889
GG9WPQLI_rg.001.2.jpg,0.5140186915887851,0.6145833333333333,0.6703296703296703,0.6504854368932039,0.5888888888888889
GG9WPQLI_rg.001.3.jpg,0.5140186915887851,0.6145833333333333,0.6703296703296703,0.6504854368932039,0.5888888888888889
GG9WPQLI_rg.001.4.jpg,0.5140186915887851,0.6145833333333333,0.6703296703296703,0.6504854368932039,0.5888888888888889
DiaibIBisuM.000.1.jpg,0.5140186915887851,0.59375,0.6923076923076923,0.5436893203883495,0.6222222222222222
DiaibIBisuM.000.2.jpg,0.5140186915887851,0.59375,0.6923076923076923,0.5436893203883495,0.6222222222222222
DiaibIBisuM.000.3.jpg,0.5140186915887851,0.59375,0.6923076923076923,0.5436893203883495,0.6222222222222222
DiaibIBisuM.000.4.jpg,0.5140186915887851,0.59375,0.6923076923076923,0.5436893203883495,0.6222222222222222
FwjoTGcsFNg.005.1.jpg,0.2897196261682243,0.42708333333333337,0.4175824175824176,0.3883495145631068,0.5222222222222223
FwjoTGcsFNg.005.2.jpg,0.2897196261682243,0.42708333333333337,0.4175824175824176,0.3883495145631068,0.5222222222222223
FwjoTGcsFNg.005.3.jpg,0.2897196261682243,0.42708333333333337,0.4175824175824176,0.3883495145631068,0.5222222222222223
FwjoTGcsFNg.005.4.jpg,0.2897196261682243,0.42708333333333337,0.4175824175824176,0.3883495145631068,0.5222222222222223
L_gmlaz-0s4.002.1.jpg,0.36448598130841126,0.25,0.4505494505494505,0.2621359223300971,0.34444444444444444
L_gmlaz-0s4.002.2.jpg,0.36448598130841126,0.25,0.4505494505494505,0.2621359223300971,0.34444444444444444
L_gmlaz-0s4.002.3.jpg,0.36448598130841126,0.25,0.4505494505494505,0.2621359223300971,0.34444444444444444
L_gmlaz-0s4.002.4.jpg,0.36448598130841126,0.25,0.4505494505494505,0.2621359223300971,0.34444444444444444
6LKbPUX03sY.002.1.jpg,0.37383177570093457,0.3645833333333333,0.4835164835164835,0.21359223300970873,0.45555555555555555
6LKbPUX03sY.002.2.jpg,0.37383177570093457,0.3645833333333333,0.4835164835164835,0.21359223300970873,0.45555555555555555
6LKbPUX03sY.002.3.jpg,0.37383177570093457,0.3645833333333333,0.4835164835164835,0.21359223300970873,0.45555555555555555
6LKbPUX03sY.002.4.jpg,0.37383177570093457,0.3645833333333333,0.4835164835164835,0.21359223300970873,0.45555555555555555
3S72dDIm1fM.003.1.jpg,0.5514018691588786,0.5208333333333334,0.7032967032967032,0.6504854368932039,0.611111111111111
3S72dDIm1fM.003.2.jpg,0.5514018691588786,0.5208333333333334,0.7032967032967032,0.6504854368932039,0.611111111111111
3S72dDIm1fM.003.3.jpg,0.5514018691588786,0.5208333333333334,0.7032967032967032,0.6504854368932039,0.611111111111111
3S72dDIm1fM.003.4.jpg,0.5514018691588786,0.5208333333333334,0.7032967032967032,0.6504854368932039,0.611111111111111
ng42eoHytOA.000.1.jpg,0.4299065420560748,0.3854166666666667,0.5054945054945055,0.3495145631067961,0.43333333333333335
ng42eoHytOA.000.2.jpg,0.4299065420560748,0.3854166666666667,0.5054945054945055,0.3495145631067961,0.43333333333333335
ng42eoHytOA.000.3.jpg,0.4299065420560748,0.3854166666666667,0.5054945054945055,0.3495145631067961,0.43333333333333335
ng42eoHytOA.000.4.jpg,0.4299065420560748,0.3854166666666667,0.5054945054945055,0.3495145631067961,0.43333333333333335
3taD1fEPfC8.000.1.jpg,0.29906542056074764,0.5208333333333334,0.4065934065934066,0.4563106796116505,0.3666666666666667
3taD1fEPfC8.000.2.jpg,0.29906542056074764,0.5208333333333334,0.4065934065934066,0.4563106796116505,0.3666666666666667
3taD1fEPfC8.000.3.jpg,0.29906542056074764,0.5208333333333334,0.4065934065934066,0.4563106796116505,0.3666666666666667
3taD1fEPfC8.000.4.jpg,0.29906542056074764,0.5208333333333334,0.4065934065934066,0.4563106796116505,0.3666666666666667
aL0oPOOeoB8.000.1.jpg,0.3457943925233645,0.53125,0.4945054945054945,0.5728155339805825,0.41111111111111115
aL0oPOOeoB8.000.2.jpg,0.3457943925233645,0.53125,0.4945054945054945,0.5728155339805825,0.41111111111111115
aL0oPOOeoB8.000.3.jpg,0.3457943925233645,0.53125,0.4945054945054945,0.5728155339805825,0.41111111111111115
aL0oPOOeoB8.000.4.jpg,0.3457943925233645,0.53125,0.4945054945054945,0.5728155339805825,0.41111111111111115
shEsu57CYnA.000.1.jpg,0.6074766355140188,0.4791666666666667,0.4615384615384615,0.3495145631067961,0.4888888888888889
shEsu57CYnA.000.2.jpg,0.6074766355140188,0.4791666666666667,0.4615384615384615,0.3495145631067961,0.4888888888888889
shEsu57CYnA.000.3.jpg,0.6074766355140188,0.4791666666666667,0.4615384615384615,0.3495145631067961,0.4888888888888889
shEsu57CYnA.000.4.jpg,0.6074766355140188,0.4791666666666667,0.4615384615384615,0.3495145631067961,0.4888888888888889
_01AyUz9J9I.000.1.jpg,0.6074766355140188,0.4895833333333333,0.7472527472527474,0.5242718446601942,0.6777777777777777
_01AyUz9J9I.000.2.jpg,0.6074766355140188,0.4895833333333333,0.7472527472527474,0.5242718446601942,0.6777777777777777
_01AyUz9J9I.000.3.jpg,0.6074766355140188,0.4895833333333333,0.7472527472527474,0.5242718446601942,0.6777777777777777
_01AyUz9J9I.000.4.jpg,0.6074766355140188,0.4895833333333333,0.7472527472527474,0.5242718446601942,0.6777777777777777
kppgmuWEv-A.002.1.jpg,0.6542056074766356,0.6354166666666666,0.5934065934065933,0.4368932038834952,0.9111111111111111
kppgmuWEv-A.002.2.jpg,0.6542056074766356,0.6354166666666666,0.5934065934065933,0.4368932038834952,0.9111111111111111
kppgmuWEv-A.002.3.jpg,0.6542056074766356,0.6354166666666666,0.5934065934065933,0.4368932038834952,0.9111111111111111
kppgmuWEv-A.002.4.jpg,0.6542056074766356,0.6354166666666666,0.5934065934065933,0.4368932038834952,0.9111111111111111
AP0aklGHino.002.1.jpg,0.16822429906542055,0.29166666666666663,0.31868131868131866,0.3203883495145631,0.28888888888888886
AP0aklGHino.002.2.jpg,0.16822429906542055,0.29166666666666663,0.31868131868131866,0.3203883495145631,0.28888888888888886
AP0aklGHino.002.3.jpg,0.16822429906542055,0.29166666666666663,0.31868131868131866,0.3203883495145631,0.28888888888888886
AP0aklGHino.002.4.jpg,0.16822429906542055,0.29166666666666663,0.31868131868131866,0.3203883495145631,0.28888888888888886
PXJfSp2WvVY.004.1.jpg,0.5327102803738318,0.4479166666666667,0.6153846153846153,0.6407766990291262,0.6777777777777777
PXJfSp2WvVY.004.2.jpg,0.5327102803738318,0.4479166666666667,0.6153846153846153,0.6407766990291262,0.6777777777777777
PXJfSp2WvVY.004.3.jpg,0.5327102803738318,0.4479166666666667,0.6153846153846153,0.6407766990291262,0.6777777777777777
PXJfSp2WvVY.004.4.jpg,0.5327102803738318,0.4479166666666667,0.6153846153846153,0.6407766990291262,0.6777777777777777
uCJNAX_b9mc.001.1.jpg,0.663551401869159,0.6354166666666666,0.7142857142857143,0.4951456310679611,0.7777777777777777
uCJNAX_b9mc.001.2.jpg,0.663551401869159,0.6354166666666666,0.7142857142857143,0.4951456310679611,0.7777777777777777
uCJNAX_b9mc.001.3.jpg,0.663551401869159,0.6354166666666666,0.7142857142857143,0.4951456310679611,0.7777777777777777
uCJNAX_b9mc.001.4.jpg,0.663551401869159,0.6354166666666666,0.7142857142857143,0.4951456310679611,0.7777777777777777
blAjqQ0ja8Q.004.1.jpg,0.4953271028037384,0.53125,0.6813186813186812,0.5533980582524272,0.6444444444444444
blAjqQ0ja8Q.004.2.jpg,0.4953271028037384,0.53125,0.6813186813186812,0.5533980582524272,0.6444444444444444
blAjqQ0ja8Q.004.3.jpg,0.4953271028037384,0.53125,0.6813186813186812,0.5533980582524272,0.6444444444444444
blAjqQ0ja8Q.004.4.jpg,0.4953271028037384,0.53125,0.6813186813186812,0.5533980582524272,0.6444444444444444
EgolOPjkkg8.002.1.jpg,0.3457943925233645,0.3333333333333333,0.4615384615384615,0.3203883495145631,0.33333333333333337
EgolOPjkkg8.002.2.jpg,0.3457943925233645,0.3333333333333333,0.4615384615384615,0.3203883495145631,0.33333333333333337
EgolOPjkkg8.002.3.jpg,0.3457943925233645,0.3333333333333333,0.4615384615384615,0.3203883495145631,0.33333333333333337
EgolOPjkkg8.002.4.jpg,0.3457943925233645,0.3333333333333333,0.4615384615384615,0.3203883495145631,0.33333333333333337
hK5lmI9pwck.001.1.jpg,0.588785046728972,0.625,0.5934065934065933,0.6990291262135921,0.6333333333333333
hK5lmI9pwck.001.2.jpg,0.588785046728972,0.625,0.5934065934065933,0.6990291262135921,0.6333333333333333
hK5lmI9pwck.001.3.jpg,0.588785046728972,0.625,0.5934065934065933,0.6990291262135921,0.6333333333333333
hK5lmI9pwck.001.4.jpg,0.588785046728972,0.625,0.5934065934065933,0.6990291262135921,0.6333333333333333
R42dmIPCXwo.005.1.jpg,0.4018691588785047,0.3645833333333333,0.4725274725274725,0.24271844660194175,0.3555555555555556
R42dmIPCXwo.005.2.jpg,0.4018691588785047,0.3645833333333333,0.4725274725274725,0.24271844660194175,0.3555555555555556
R42dmIPCXwo.005.3.jpg,0.4018691588785047,0.3645833333333333,0.4725274725274725,0.24271844660194175,0.3555555555555556
R42dmIPCXwo.005.4.jpg,0.4018691588785047,0.3645833333333333,0.4725274725274725,0.24271844660194175,0.3555555555555556
LeQKH1vAVpg.000.1.jpg,0.4485981308411215,0.4375,0.5714285714285714,0.6407766990291262,0.6444444444444444
LeQKH1vAVpg.000.2.jpg,0.4485981308411215,0.4375,0.5714285714285714,0.6407766990291262,0.6444444444444444
LeQKH1vAVpg.000.3.jpg,0.4485981308411215,0.4375,0.5714285714285714,0.6407766990291262,0.6444444444444444
LeQKH1vAVpg.000.4.jpg,0.4485981308411215,0.4375,0.5714285714285714,0.6407766990291262,0.6444444444444444
mwjoabuP-GM.005.1.jpg,0.28037383177570097,0.42708333333333337,0.4945054945054945,0.47572815533980584,0.41111111111111115
mwjoabuP-GM.005.2.jpg,0.28037383177570097,0.42708333333333337,0.4945054945054945,0.47572815533980584,0.41111111111111115
mwjoabuP-GM.005.3.jpg,0.28037383177570097,0.42708333333333337,0.4945054945054945,0.47572815533980584,0.41111111111111115
mwjoabuP-GM.005.4.jpg,0.28037383177570097,0.42708333333333337,0.4945054945054945,0.47572815533980584,0.41111111111111115
VPFrKx72gvo.000.1.jpg,0.28037383177570097,0.2708333333333333,0.5494505494505494,0.2912621359223301,0.3
VPFrKx72gvo.000.2.jpg,0.28037383177570097,0.2708333333333333,0.5494505494505494,0.2912621359223301,0.3
VPFrKx72gvo.000.3.jpg,0.28037383177570097,0.2708333333333333,0.5494505494505494,0.2912621359223301,0.3
VPFrKx72gvo.000.4.jpg,0.28037383177570097,0.2708333333333333,0.5494505494505494,0.2912621359223301,0.3
59Smv7wl--w.004.1.jpg,0.47663551401869164,0.6666666666666667,0.6373626373626373,0.8252427184466018,0.5777777777777777
59Smv7wl--w.004.2.jpg,0.47663551401869164,0.6666666666666667,0.6373626373626373,0.8252427184466018,0.5777777777777777
59Smv7wl--w.004.3.jpg,0.47663551401869164,0.6666666666666667,0.6373626373626373,0.8252427184466018,0.5777777777777777
59Smv7wl--w.004.4.jpg,0.47663551401869164,0.6666666666666667,0.6373626373626373,0.8252427184466018,0.5777777777777777
wFZJ3gTKwwM.000.1.jpg,0.5140186915887851,0.4895833333333333,0.5934065934065933,0.5145631067961165,0.6444444444444444
wFZJ3gTKwwM.000.2.jpg,0.5140186915887851,0.4895833333333333,0.5934065934065933,0.5145631067961165,0.6444444444444444
wFZJ3gTKwwM.000.3.jpg,0.5140186915887851,0.4895833333333333,0.5934065934065933,0.5145631067961165,0.6444444444444444
wFZJ3gTKwwM.000.4.jpg,0.5140186915887851,0.4895833333333333,0.5934065934065933,0.5145631067961165,0.6444444444444444
Fi1ILrwQpSY.004.1.jpg,0.4392523364485981,0.5520833333333334,0.5714285714285714,0.47572815533980584,0.5555555555555556
Fi1ILrwQpSY.004.2.jpg,0.4392523364485981,0.5520833333333334,0.5714285714285714,0.47572815533980584,0.5555555555555556
Fi1ILrwQpSY.004.3.jpg,0.4392523364485981,0.5520833333333334,0.5714285714285714,0.47572815533980584,0.5555555555555556
Fi1ILrwQpSY.004.4.jpg,0.4392523364485981,0.5520833333333334,0.5714285714285714,0.47572815533980584,0.5555555555555556
0SS47KwVOQ4.000.1.jpg,0.4392523364485981,0.46875,0.5494505494505494,0.6310679611650486,0.5111111111111111
0SS47KwVOQ4.000.2.jpg,0.4392523364485981,0.46875,0.5494505494505494,0.6310679611650486,0.5111111111111111
0SS47KwVOQ4.000.3.jpg,0.4392523364485981,0.46875,0.5494505494505494,0.6310679611650486,0.5111111111111111
0SS47KwVOQ4.000.4.jpg,0.4392523364485981,0.46875,0.5494505494505494,0.6310679611650486,0.5111111111111111
y-0p6fGXLD0.003.1.jpg,0.4953271028037384,0.4895833333333333,0.5824175824175825,0.4077669902912622,0.5666666666666667
y-0p6fGXLD0.003.2.jpg,0.4953271028037384,0.4895833333333333,0.5824175824175825,0.4077669902912622,0.5666666666666667
y-0p6fGXLD0.003.3.jpg,0.4953271028037384,0.4895833333333333,0.5824175824175825,0.4077669902912622,0.5666666666666667
y-0p6fGXLD0.003.4.jpg,0.4953271028037384,0.4895833333333333,0.5824175824175825,0.4077669902912622,0.5666666666666667
8qesctueAV0.005.1.jpg,0.4579439252336449,0.6770833333333334,0.5934065934065933,0.4660194174757281,0.5555555555555556
8qesctueAV0.005.2.jpg,0.4579439252336449,0.6770833333333334,0.5934065934065933,0.4660194174757281,0.5555555555555556
8qesctueAV0.005.3.jpg,0.4579439252336449,0.6770833333333334,0.5934065934065933,0.4660194174757281,0.5555555555555556
8qesctueAV0.005.4.jpg,0.4579439252336449,0.6770833333333334,0.5934065934065933,0.4660194174757281,0.5555555555555556
CUiG7UZ9A3k.004.1.jpg,0.691588785046729,0.65625,0.6263736263736264,0.7475728155339806,0.611111111111111
CUiG7UZ9A3k.004.2.jpg,0.691588785046729,0.65625,0.6263736263736264,0.7475728155339806,0.611111111111111
CUiG7UZ9A3k.004.3.jpg,0.691588785046729,0.65625,0.6263736263736264,0.7475728155339806,0.611111111111111
CUiG7UZ9A3k.004.4.jpg,0.691588785046729,0.65625,0.6263736263736264,0.7475728155339806,0.611111111111111
-9BZ8A9U7TE.002.1.jpg,0.5794392523364487,0.46875,0.4945054945054945,0.4174757281553398,0.5444444444444444
-9BZ8A9U7TE.002.2.jpg,0.5794392523364487,0.46875,0.4945054945054945,0.4174757281553398,0.5444444444444444
-9BZ8A9U7TE.002.3.jpg,0.5794392523364487,0.46875,0.4945054945054945,0.4174757281553398,0.5444444444444444
-9BZ8A9U7TE.002.4.jpg,0.5794392523364487,0.46875,0.4945054945054945,0.4174757281553398,0.5444444444444444
Vy-Lr_iM5qo.004.1.jpg,0.5420560747663552,0.3645833333333333,0.5384615384615384,0.4466019417475728,0.5333333333333333
Vy-Lr_iM5qo.004.2.jpg,0.5420560747663552,0.3645833333333333,0.5384615384615384,0.4466019417475728,0.5333333333333333
Vy-Lr_iM5qo.004.3.jpg,0.5420560747663552,0.3645833333333333,0.5384615384615384,0.4466019417475728,0.5333333333333333
Vy-Lr_iM5qo.004.4.jpg,0.5420560747663552,0.3645833333333333,0.5384615384615384,0.4466019417475728,0.5333333333333333
rFs0AC2qV6o.004.1.jpg,0.37383177570093457,0.35416666666666663,0.3736263736263736,0.33980582524271846,0.5111111111111111
rFs0AC2qV6o.004.2.jpg,0.37383177570093457,0.35416666666666663,0.3736263736263736,0.33980582524271846,0.5111111111111111
rFs0AC2qV6o.004.3.jpg,0.37383177570093457,0.35416666666666663,0.3736263736263736,0.33980582524271846,0.5111111111111111
rFs0AC2qV6o.004.4.jpg,0.37383177570093457,0.35416666666666663,0.3736263736263736,0.33980582524271846,0.5111111111111111
d4cPiUXpGbc.001.1.jpg,0.4672897196261683,0.45833333333333337,0.6153846153846153,0.4854368932038835,0.4444444444444445
d4cPiUXpGbc.001.2.jpg,0.4672897196261683,0.45833333333333337,0.6153846153846153,0.4854368932038835,0.4444444444444445
d4cPiUXpGbc.001.3.jpg,0.4672897196261683,0.45833333333333337,0.6153846153846153,0.4854368932038835,0.4444444444444445
d4cPiUXpGbc.001.4.jpg,0.4672897196261683,0.45833333333333337,0.6153846153846153,0.4854368932038835,0.4444444444444445
T4eZ81aJwJI.002.1.jpg,0.5046728971962617,0.53125,0.6153846153846153,0.6019417475728155,0.6
T4eZ81aJwJI.002.2.jpg,0.5046728971962617,0.53125,0.6153846153846153,0.6019417475728155,0.6
T4eZ81aJwJI.002.3.jpg,0.5046728971962617,0.53125,0.6153846153846153,0.6019417475728155,0.6
T4eZ81aJwJI.002.4.jpg,0.5046728971962617,0.53125,0.6153846153846153,0.6019417475728155,0.6
RJe5yobV8n4.003.1.jpg,0.4485981308411215,0.4375,0.5714285714285714,0.6893203883495147,0.45555555555555555
RJe5yobV8n4.003.2.jpg,0.4485981308411215,0.4375,0.5714285714285714,0.6893203883495147,0.45555555555555555
RJe5yobV8n4.003.3.jpg,0.4485981308411215,0.4375,0.5714285714285714,0.6893203883495147,0.45555555555555555
RJe5yobV8n4.003.4.jpg,0.4485981308411215,0.4375,0.5714285714285714,0.6893203883495147,0.45555555555555555
x57nEfACdXA.000.1.jpg,0.7102803738317757,0.5104166666666666,0.6043956043956044,0.6116504854368932,0.5333333333333333
x57nEfACdXA.000.2.jpg,0.7102803738317757,0.5104166666666666,0.6043956043956044,0.6116504854368932,0.5333333333333333
x57nEfACdXA.000.3.jpg,0.7102803738317757,0.5104166666666666,0.6043956043956044,0.6116504854368932,0.5333333333333333
x57nEfACdXA.000.4.jpg,0.7102803738317757,0.5104166666666666,0.6043956043956044,0.6116504854368932,0.5333333333333333
V8w2Lo5wxl8.005.1.jpg,0.5046728971962617,0.6145833333333333,0.7252747252747254,0.6893203883495147,0.7555555555555554
V8w2Lo5wxl8.005.2.jpg,0.5046728971962617,0.6145833333333333,0.7252747252747254,0.6893203883495147,0.7555555555555554
V8w2Lo5wxl8.005.3.jpg,0.5046728971962617,0.6145833333333333,0.7252747252747254,0.6893203883495147,0.7555555555555554
V8w2Lo5wxl8.005.4.jpg,0.5046728971962617,0.6145833333333333,0.7252747252747254,0.6893203883495147,0.7555555555555554
rwinPicu_aw.003.1.jpg,0.6448598130841123,0.7500000000000001,0.7472527472527474,0.8349514563106796,0.6444444444444444
rwinPicu_aw.003.2.jpg,0.6448598130841123,0.7500000000000001,0.7472527472527474,0.8349514563106796,0.6444444444444444
rwinPicu_aw.003.3.jpg,0.6448598130841123,0.7500000000000001,0.7472527472527474,0.8349514563106796,0.6444444444444444
rwinPicu_aw.003.4.jpg,0.6448598130841123,0.7500000000000001,0.7472527472527474,0.8349514563106796,0.6444444444444444
y3_71Wpt9eA.005.1.jpg,0.588785046728972,0.59375,0.6813186813186812,0.47572815533980584,0.6444444444444444
y3_71Wpt9eA.005.2.jpg,0.588785046728972,0.59375,0.6813186813186812,0.47572815533980584,0.6444444444444444
y3_71Wpt9eA.005.3.jpg,0.588785046728972,0.59375,0.6813186813186812,0.47572815533980584,0.6444444444444444
y3_71Wpt9eA.005.4.jpg,0.588785046728972,0.59375,0.6813186813186812,0.47572815533980584,0.6444444444444444
0mym1CooiTE.002.1.jpg,0.663551401869159,0.7604166666666666,0.6923076923076923,0.7184466019417477,0.7777777777777777
0mym1CooiTE.002.2.jpg,0.663551401869159,0.7604166666666666,0.6923076923076923,0.7184466019417477,0.7777777777777777
0mym1CooiTE.002.3.jpg,0.663551401869159,0.7604166666666666,0.6923076923076923,0.7184466019417477,0.7777777777777777
0mym1CooiTE.002.4.jpg,0.663551401869159,0.7604166666666666,0.6923076923076923,0.7184466019417477,0.7777777777777777
wuTgJGTEK-0.000.1.jpg,0.7570093457943926,0.6875,0.6813186813186812,0.6019417475728155,0.7
wuTgJGTEK-0.000.2.jpg,0.7570093457943926,0.6875,0.6813186813186812,0.6019417475728155,0.7
wuTgJGTEK-0.000.3.jpg,0.7570093457943926,0.6875,0.6813186813186812,0.6019417475728155,0.7
wuTgJGTEK-0.000.4.jpg,0.7570093457943926,0.6875,0.6813186813186812,0.6019417475728155,0.7
JiXJeI5_jGM.001.1.jpg,0.5233644859813085,0.65625,0.4615384615384615,0.5145631067961165,0.6333333333333333
JiXJeI5_jGM.001.2.jpg,0.5233644859813085,0.65625,0.4615384615384615,0.5145631067961165,0.6333333333333333
JiXJeI5_jGM.001.3.jpg,0.5233644859813085,0.65625,0.4615384615384615,0.5145631067961165,0.6333333333333333
JiXJeI5_jGM.001.4.jpg,0.5233644859813085,0.65625,0.4615384615384615,0.5145631067961165,0.6333333333333333
t9wFHk9TM-U.000.1.jpg,0.5140186915887851,0.65625,0.6373626373626373,0.7766990291262136,0.6555555555555556
t9wFHk9TM-U.000.2.jpg,0.5140186915887851,0.65625,0.6373626373626373,0.7766990291262136,0.6555555555555556
t9wFHk9TM-U.000.3.jpg,0.5140186915887851,0.65625,0.6373626373626373,0.7766990291262136,0.6555555555555556
t9wFHk9TM-U.000.4.jpg,0.5140186915887851,0.65625,0.6373626373626373,0.7766990291262136,0.6555555555555556
H6s9aFAQP3M.003.1.jpg,0.39252336448598135,0.59375,0.5714285714285714,0.7475728155339806,0.5222222222222223
H6s9aFAQP3M.003.2.jpg,0.39252336448598135,0.59375,0.5714285714285714,0.7475728155339806,0.5222222222222223
H6s9aFAQP3M.003.3.jpg,0.39252336448598135,0.59375,0.5714285714285714,0.7475728155339806,0.5222222222222223
H6s9aFAQP3M.003.4.jpg,0.39252336448598135,0.59375,0.5714285714285714,0.7475728155339806,0.5222222222222223
VmXZ2jMWuvk.003.1.jpg,0.35514018691588783,0.29166666666666663,0.3736263736263736,0.4951456310679611,0.38888888888888895
VmXZ2jMWuvk.003.2.jpg,0.35514018691588783,0.29166666666666663,0.3736263736263736,0.4951456310679611,0.38888888888888895
VmXZ2jMWuvk.003.3.jpg,0.35514018691588783,0.29166666666666663,0.3736263736263736,0.4951456310679611,0.38888888888888895
VmXZ2jMWuvk.003.4.jpg,0.35514018691588783,0.29166666666666663,0.3736263736263736,0.4951456310679611,0.38888888888888895
G7hYffrZ1Hc.003.1.jpg,0.47663551401869164,0.5625,0.6703296703296703,0.7184466019417477,0.5222222222222223
G7hYffrZ1Hc.003.2.jpg,0.47663551401869164,0.5625,0.6703296703296703,0.7184466019417477,0.5222222222222223
G7hYffrZ1Hc.003.3.jpg,0.47663551401869164,0.5625,0.6703296703296703,0.7184466019417477,0.5222222222222223
G7hYffrZ1Hc.003.4.jpg,0.47663551401869164,0.5625,0.6703296703296703,0.7184466019417477,0.5222222222222223
l8weBJSCHbA.004.1.jpg,0.36448598130841126,0.3645833333333333,0.4505494505494505,0.21359223300970873,0.6666666666666666
l8weBJSCHbA.004.2.jpg,0.36448598130841126,0.3645833333333333,0.4505494505494505,0.21359223300970873,0.6666666666666666
l8weBJSCHbA.004.3.jpg,0.36448598130841126,0.3645833333333333,0.4505494505494505,0.21359223300970873,0.6666666666666666
l8weBJSCHbA.004.4.jpg,0.36448598130841126,0.3645833333333333,0.4505494505494505,0.21359223300970873,0.6666666666666666
5lqg3tAI9H0.002.1.jpg,0.4392523364485981,0.45833333333333337,0.3846153846153846,0.47572815533980584,0.5444444444444444
5lqg3tAI9H0.002.2.jpg,0.4392523364485981,0.45833333333333337,0.3846153846153846,0.47572815533980584,0.5444444444444444
5lqg3tAI9H0.002.3.jpg,0.4392523364485981,0.45833333333333337,0.3846153846153846,0.47572815533980584,0.5444444444444444
5lqg3tAI9H0.002.4.jpg,0.4392523364485981,0.45833333333333337,0.3846153846153846,0.47572815533980584,0.5444444444444444
blAjqQ0ja8Q.001.1.jpg,0.5140186915887851,0.6770833333333334,0.7912087912087912,0.7087378640776699,0.6333333333333333
blAjqQ0ja8Q.001.2.jpg,0.5140186915887851,0.6770833333333334,0.7912087912087912,0.7087378640776699,0.6333333333333333
blAjqQ0ja8Q.001.3.jpg,0.5140186915887851,0.6770833333333334,0.7912087912087912,0.7087378640776699,0.6333333333333333
blAjqQ0ja8Q.001.4.jpg,0.5140186915887851,0.6770833333333334,0.7912087912087912,0.7087378640776699,0.6333333333333333
2mfmw63l88g.002.1.jpg,0.20560747663551404,0.28125,0.4395604395604395,0.4466019417475728,0.38888888888888895
2mfmw63l88g.002.2.jpg,0.20560747663551404,0.28125,0.4395604395604395,0.4466019417475728,0.38888888888888895
2mfmw63l88g.002.3.jpg,0.20560747663551404,0.28125,0.4395604395604395,0.4466019417475728,0.38888888888888895
2mfmw63l88g.002.4.jpg,0.20560747663551404,0.28125,0.4395604395604395,0.4466019417475728,0.38888888888888895
CLGJCzz6tIU.000.1.jpg,0.5327102803738318,0.42708333333333337,0.5824175824175825,0.6893203883495147,0.5
CLGJCzz6tIU.000.2.jpg,0.5327102803738318,0.42708333333333337,0.5824175824175825,0.6893203883495147,0.5
CLGJCzz6tIU.000.3.jpg,0.5327102803738318,0.42708333333333337,0.5824175824175825,0.6893203883495147,0.5
CLGJCzz6tIU.000.4.jpg,0.5327102803738318,0.42708333333333337,0.5824175824175825,0.6893203883495147,0.5
WuIKjBb7s4Q.001.1.jpg,0.36448598130841126,0.4895833333333333,0.3516483516483516,0.4174757281553398,0.5444444444444444
WuIKjBb7s4Q.001.2.jpg,0.36448598130841126,0.4895833333333333,0.3516483516483516,0.4174757281553398,0.5444444444444444
WuIKjBb7s4Q.001.3.jpg,0.36448598130841126,0.4895833333333333,0.3516483516483516,0.4174757281553398,0.5444444444444444
WuIKjBb7s4Q.001.4.jpg,0.36448598130841126,0.4895833333333333,0.3516483516483516,0.4174757281553398,0.5444444444444444
f83xK4chMJs.001.1.jpg,0.588785046728972,0.6458333333333333,0.6373626373626373,0.5339805825242718,0.5666666666666667
f83xK4chMJs.001.2.jpg,0.588785046728972,0.6458333333333333,0.6373626373626373,0.5339805825242718,0.5666666666666667
f83xK4chMJs.001.3.jpg,0.588785046728972,0.6458333333333333,0.6373626373626373,0.5339805825242718,0.5666666666666667
f83xK4chMJs.001.4.jpg,0.588785046728972,0.6458333333333333,0.6373626373626373,0.5339805825242718,0.5666666666666667
mBdVuEXRlfQ.002.1.jpg,0.4579439252336449,0.5729166666666666,0.6373626373626373,0.5728155339805825,0.5111111111111111
mBdVuEXRlfQ.002.2.jpg,0.4579439252336449,0.5729166666666666,0.6373626373626373,0.5728155339805825,0.5111111111111111
mBdVuEXRlfQ.002.3.jpg,0.4579439252336449,0.5729166666666666,0.6373626373626373,0.5728155339805825,0.5111111111111111
mBdVuEXRlfQ.002.4.jpg,0.4579439252336449,0.5729166666666666,0.6373626373626373,0.5728155339805825,0.5111111111111111
gZblxCs4EV4.002.1.jpg,0.37383177570093457,0.4479166666666667,0.4505494505494505,0.5533980582524272,0.4666666666666667
gZblxCs4EV4.002.2.jpg,0.37383177570093457,0.4479166666666667,0.4505494505494505,0.5533980582524272,0.4666666666666667
gZblxCs4EV4.002.3.jpg,0.37383177570093457,0.4479166666666667,0.4505494505494505,0.5533980582524272,0.4666666666666667
gZblxCs4EV4.002.4.jpg,0.37383177570093457,0.4479166666666667,0.4505494505494505,0.5533980582524272,0.4666666666666667
jolhoLhAurM.000.1.jpg,0.5700934579439253,0.6145833333333333,0.6703296703296703,0.6407766990291262,0.7222222222222221
jolhoLhAurM.000.2.jpg,0.5700934579439253,0.6145833333333333,0.6703296703296703,0.6407766990291262,0.7222222222222221
jolhoLhAurM.000.3.jpg,0.5700934579439253,0.6145833333333333,0.6703296703296703,0.6407766990291262,0.7222222222222221
jolhoLhAurM.000.4.jpg,0.5700934579439253,0.6145833333333333,0.6703296703296703,0.6407766990291262,0.7222222222222221
dDi6vy-OZRg.001.1.jpg,0.794392523364486,0.9166666666666667,0.6923076923076923,0.6407766990291262,0.9666666666666666
dDi6vy-OZRg.001.2.jpg,0.794392523364486,0.9166666666666667,0.6923076923076923,0.6407766990291262,0.9666666666666666
dDi6vy-OZRg.001.3.jpg,0.794392523364486,0.9166666666666667,0.6923076923076923,0.6407766990291262,0.9666666666666666
dDi6vy-OZRg.001.4.jpg,0.794392523364486,0.9166666666666667,0.6923076923076923,0.6407766990291262,0.9666666666666666
bcRPLKygrNk.002.1.jpg,0.4205607476635514,0.46875,0.4725274725274725,0.47572815533980584,0.4888888888888889
bcRPLKygrNk.002.2.jpg,0.4205607476635514,0.46875,0.4725274725274725,0.47572815533980584,0.4888888888888889
bcRPLKygrNk.002.3.jpg,0.4205607476635514,0.46875,0.4725274725274725,0.47572815533980584,0.4888888888888889
bcRPLKygrNk.002.4.jpg,0.4205607476635514,0.46875,0.4725274725274725,0.47572815533980584,0.4888888888888889
DjfLWIZq3bo.000.1.jpg,0.26168224299065423,0.13541666666666663,0.3626373626373627,0.22330097087378642,0.5222222222222223
DjfLWIZq3bo.000.2.jpg,0.26168224299065423,0.13541666666666663,0.3626373626373627,0.22330097087378642,0.5222222222222223
DjfLWIZq3bo.000.3.jpg,0.26168224299065423,0.13541666666666663,0.3626373626373627,0.22330097087378642,0.5222222222222223
DjfLWIZq3bo.000.4.jpg,0.26168224299065423,0.13541666666666663,0.3626373626373627,0.22330097087378642,0.5222222222222223
m04e9ylCoK0.002.1.jpg,0.4205607476635514,0.59375,0.5384615384615384,0.5922330097087379,0.611111111111111
m04e9ylCoK0.002.2.jpg,0.4205607476635514,0.59375,0.5384615384615384,0.5922330097087379,0.611111111111111
m04e9ylCoK0.002.3.jpg,0.4205607476635514,0.59375,0.5384615384615384,0.5922330097087379,0.611111111111111
m04e9ylCoK0.002.4.jpg,0.4205607476635514,0.59375,0.5384615384615384,0.5922330097087379,0.611111111111111
WyLqK6wzYLU.004.1.jpg,0.5794392523364487,0.65625,0.5494505494505494,0.6019417475728155,0.6444444444444444
WyLqK6wzYLU.004.2.jpg,0.5794392523364487,0.65625,0.5494505494505494,0.6019417475728155,0.6444444444444444
WyLqK6wzYLU.004.3.jpg,0.5794392523364487,0.65625,0.5494505494505494,0.6019417475728155,0.6444444444444444
WyLqK6wzYLU.004.4.jpg,0.5794392523364487,0.65625,0.5494505494505494,0.6019417475728155,0.6444444444444444
fY4tctYZTz8.001.1.jpg,0.39252336448598135,0.46875,0.4725274725274725,0.5728155339805825,0.6222222222222222
fY4tctYZTz8.001.2.jpg,0.39252336448598135,0.46875,0.4725274725274725,0.5728155339805825,0.6222222222222222
fY4tctYZTz8.001.3.jpg,0.39252336448598135,0.46875,0.4725274725274725,0.5728155339805825,0.6222222222222222
fY4tctYZTz8.001.4.jpg,0.39252336448598135,0.46875,0.4725274725274725,0.5728155339805825,0.6222222222222222
WwmWN63mkT4.000.1.jpg,0.5981308411214954,0.4895833333333333,0.4835164835164835,0.5728155339805825,0.6333333333333333
WwmWN63mkT4.000.2.jpg,0.5981308411214954,0.4895833333333333,0.4835164835164835,0.5728155339805825,0.6333333333333333
WwmWN63mkT4.000.3.jpg,0.5981308411214954,0.4895833333333333,0.4835164835164835,0.5728155339805825,0.6333333333333333
WwmWN63mkT4.000.4.jpg,0.5981308411214954,0.4895833333333333,0.4835164835164835,0.5728155339805825,0.6333333333333333
dQOeQYWIgm8.003.1.jpg,0.5794392523364487,0.5208333333333334,0.5714285714285714,0.5728155339805825,0.6333333333333333
dQOeQYWIgm8.003.2.jpg,0.5794392523364487,0.5208333333333334,0.5714285714285714,0.5728155339805825,0.6333333333333333
dQOeQYWIgm8.003.3.jpg,0.5794392523364487,0.5208333333333334,0.5714285714285714,0.5728155339805825,0.6333333333333333
dQOeQYWIgm8.003.4.jpg,0.5794392523364487,0.5208333333333334,0.5714285714285714,0.5728155339805825,0.6333333333333333
QdafN9Y_j-Y.000.1.jpg,0.5046728971962617,0.59375,0.5384615384615384,0.5631067961165048,0.5555555555555556
QdafN9Y_j-Y.000.2.jpg,0.5046728971962617,0.59375,0.5384615384615384,0.5631067961165048,0.5555555555555556
QdafN9Y_j-Y.000.3.jpg,0.5046728971962617,0.59375,0.5384615384615384,0.5631067961165048,0.5555555555555556
QdafN9Y_j-Y.000.4.jpg,0.5046728971962617,0.59375,0.5384615384615384,0.5631067961165048,0.5555555555555556
L4Jlm0vGsvc.001.1.jpg,0.7383177570093458,0.6041666666666666,0.6923076923076923,0.6407766990291262,0.7222222222222221
L4Jlm0vGsvc.001.2.jpg,0.7383177570093458,0.6041666666666666,0.6923076923076923,0.6407766990291262,0.7222222222222221
L4Jlm0vGsvc.001.3.jpg,0.7383177570093458,0.6041666666666666,0.6923076923076923,0.6407766990291262,0.7222222222222221
L4Jlm0vGsvc.001.4.jpg,0.7383177570093458,0.6041666666666666,0.6923076923076923,0.6407766990291262,0.7222222222222221
RuRn2t7iPSc.001.1.jpg,0.6355140186915887,0.5833333333333333,0.5384615384615384,0.5631067961165048,0.6888888888888889
RuRn2t7iPSc.001.2.jpg,0.6355140186915887,0.5833333333333333,0.5384615384615384,0.5631067961165048,0.6888888888888889
RuRn2t7iPSc.001.3.jpg,0.6355140186915887,0.5833333333333333,0.5384615384615384,0.5631067961165048,0.6888888888888889
RuRn2t7iPSc.001.4.jpg,0.6355140186915887,0.5833333333333333,0.5384615384615384,0.5631067961165048,0.6888888888888889
gIWZPg1BxlU.000.1.jpg,0.28037383177570097,0.3854166666666667,0.4615384615384615,0.5048543689320388,0.5555555555555556
gIWZPg1BxlU.000.2.jpg,0.28037383177570097,0.3854166666666667,0.4615384615384615,0.5048543689320388,0.5555555555555556
gIWZPg1BxlU.000.3.jpg,0.28037383177570097,0.3854166666666667,0.4615384615384615,0.5048543689320388,0.5555555555555556
gIWZPg1BxlU.000.4.jpg,0.28037383177570097,0.3854166666666667,0.4615384615384615,0.5048543689320388,0.5555555555555556
RZgTERiRDjA.002.1.jpg,0.35514018691588783,0.3854166666666667,0.4725274725274725,0.6990291262135921,0.4666666666666667
RZgTERiRDjA.002.2.jpg,0.35514018691588783,0.3854166666666667,0.4725274725274725,0.6990291262135921,0.4666666666666667
RZgTERiRDjA.002.3.jpg,0.35514018691588783,0.3854166666666667,0.4725274725274725,0.6990291262135921,0.4666666666666667
RZgTERiRDjA.002.4.jpg,0.35514018691588783,0.3854166666666667,0.4725274725274725,0.6990291262135921,0.4666666666666667
2d6btbaNdfo.001.1.jpg,0.48598130841121495,0.4375,0.4615384615384615,0.5048543689320388,0.5111111111111111
2d6btbaNdfo.001.2.jpg,0.48598130841121495,0.4375,0.4615384615384615,0.5048543689320388,0.5111111111111111
2d6btbaNdfo.001.3.jpg,0.48598130841121495,0.4375,0.4615384615384615,0.5048543689320388,0.5111111111111111
2d6btbaNdfo.001.4.jpg,0.48598130841121495,0.4375,0.4615384615384615,0.5048543689320388,0.5111111111111111
hIxLNK_x_QA.004.1.jpg,0.4953271028037384,0.5,0.6043956043956044,0.3883495145631068,0.6444444444444444
hIxLNK_x_QA.004.2.jpg,0.4953271028037384,0.5,0.6043956043956044,0.3883495145631068,0.6444444444444444
hIxLNK_x_QA.004.3.jpg,0.4953271028037384,0.5,0.6043956043956044,0.3883495145631068,0.6444444444444444
hIxLNK_x_QA.004.4.jpg,0.4953271028037384,0.5,0.6043956043956044,0.3883495145631068,0.6444444444444444
1XqMZQu_pP4.001.1.jpg,0.5514018691588786,0.5729166666666666,0.4065934065934066,0.6699029126213591,0.5444444444444444
1XqMZQu_pP4.001.2.jpg,0.5514018691588786,0.5729166666666666,0.4065934065934066,0.6699029126213591,0.5444444444444444
1XqMZQu_pP4.001.3.jpg,0.5514018691588786,0.5729166666666666,0.4065934065934066,0.6699029126213591,0.5444444444444444
1XqMZQu_pP4.001.4.jpg,0.5514018691588786,0.5729166666666666,0.4065934065934066,0.6699029126213591,0.5444444444444444
keW8-eSiQ70.005.1.jpg,0.47663551401869164,0.37499999999999994,0.6153846153846153,0.3786407766990291,0.4888888888888889
keW8-eSiQ70.005.2.jpg,0.47663551401869164,0.37499999999999994,0.6153846153846153,0.3786407766990291,0.4888888888888889
keW8-eSiQ70.005.3.jpg,0.47663551401869164,0.37499999999999994,0.6153846153846153,0.3786407766990291,0.4888888888888889
keW8-eSiQ70.005.4.jpg,0.47663551401869164,0.37499999999999994,0.6153846153846153,0.3786407766990291,0.4888888888888889
z6E5hLYhaZk.001.1.jpg,0.4392523364485981,0.7604166666666666,0.5714285714285714,0.6699029126213591,0.7555555555555554
z6E5hLYhaZk.001.2.jpg,0.4392523364485981,0.7604166666666666,0.5714285714285714,0.6699029126213591,0.7555555555555554
z6E5hLYhaZk.001.3.jpg,0.4392523364485981,0.7604166666666666,0.5714285714285714,0.6699029126213591,0.7555555555555554
z6E5hLYhaZk.001.4.jpg,0.4392523364485981,0.7604166666666666,0.5714285714285714,0.6699029126213591,0.7555555555555554
o2wtRccAgjE.004.1.jpg,0.33644859813084116,0.3854166666666667,0.5824175824175825,0.6407766990291262,0.5222222222222223
o2wtRccAgjE.004.2.jpg,0.33644859813084116,0.3854166666666667,0.5824175824175825,0.6407766990291262,0.5222222222222223
o2wtRccAgjE.004.3.jpg,0.33644859813084116,0.3854166666666667,0.5824175824175825,0.6407766990291262,0.5222222222222223
o2wtRccAgjE.004.4.jpg,0.33644859813084116,0.3854166666666667,0.5824175824175825,0.6407766990291262,0.5222222222222223
EelHLfeSJfM.001.1.jpg,0.33644859813084116,0.35416666666666663,0.31868131868131866,0.30097087378640774,0.5111111111111111
EelHLfeSJfM.001.2.jpg,0.33644859813084116,0.35416666666666663,0.31868131868131866,0.30097087378640774,0.5111111111111111
EelHLfeSJfM.001.3.jpg,0.33644859813084116,0.35416666666666663,0.31868131868131866,0.30097087378640774,0.5111111111111111
EelHLfeSJfM.001.4.jpg,0.33644859813084116,0.35416666666666663,0.31868131868131866,0.30097087378640774,0.5111111111111111
DyZlhseSuec.001.1.jpg,0.7289719626168225,0.7708333333333334,0.6923076923076923,0.6796116504854369,0.7
DyZlhseSuec.001.2.jpg,0.7289719626168225,0.7708333333333334,0.6923076923076923,0.6796116504854369,0.7
DyZlhseSuec.001.3.jpg,0.7289719626168225,0.7708333333333334,0.6923076923076923,0.6796116504854369,0.7
DyZlhseSuec.001.4.jpg,0.7289719626168225,0.7708333333333334,0.6923076923076923,0.6796116504854369,0.7
ZaihsIQZCx8.005.1.jpg,0.48598130841121495,0.37499999999999994,0.4945054945054945,0.47572815533980584,0.4
ZaihsIQZCx8.005.2.jpg,0.48598130841121495,0.37499999999999994,0.4945054945054945,0.47572815533980584,0.4
ZaihsIQZCx8.005.3.jpg,0.48598130841121495,0.37499999999999994,0.4945054945054945,0.47572815533980584,0.4
ZaihsIQZCx8.005.4.jpg,0.48598130841121495,0.37499999999999994,0.4945054945054945,0.47572815533980584,0.4
weggLuKPv0M.000.1.jpg,0.6448598130841123,0.5729166666666666,0.5934065934065933,0.5825242718446602,0.7
weggLuKPv0M.000.2.jpg,0.6448598130841123,0.5729166666666666,0.5934065934065933,0.5825242718446602,0.7
weggLuKPv0M.000.3.jpg,0.6448598130841123,0.5729166666666666,0.5934065934065933,0.5825242718446602,0.7
weggLuKPv0M.000.4.jpg,0.6448598130841123,0.5729166666666666,0.5934065934065933,0.5825242718446602,0.7
gM_KAA-ejJA.000.1.jpg,1.0,0.9375,0.7142857142857143,0.8932038834951456,1.0
gM_KAA-ejJA.000.2.jpg,1.0,0.9375,0.7142857142857143,0.8932038834951456,1.0
gM_KAA-ejJA.000.3.jpg,1.0,0.9375,0.7142857142857143,0.8932038834951456,1.0
gM_KAA-ejJA.000.4.jpg,1.0,0.9375,0.7142857142857143,0.8932038834951456,1.0
dB65He57Ki8.004.1.jpg,0.6261682242990655,0.6145833333333333,0.7692307692307692,0.6990291262135921,0.7555555555555554
dB65He57Ki8.004.2.jpg,0.6261682242990655,0.6145833333333333,0.7692307692307692,0.6990291262135921,0.7555555555555554
dB65He57Ki8.004.3.jpg,0.6261682242990655,0.6145833333333333,0.7692307692307692,0.6990291262135921,0.7555555555555554
dB65He57Ki8.004.4.jpg,0.6261682242990655,0.6145833333333333,0.7692307692307692,0.6990291262135921,0.7555555555555554
Gtq5nfRlRx8.004.1.jpg,0.5700934579439253,0.5,0.6153846153846153,0.5631067961165048,0.6444444444444444
Gtq5nfRlRx8.004.2.jpg,0.5700934579439253,0.5,0.6153846153846153,0.5631067961165048,0.6444444444444444
Gtq5nfRlRx8.004.3.jpg,0.5700934579439253,0.5,0.6153846153846153,0.5631067961165048,0.6444444444444444
Gtq5nfRlRx8.004.4.jpg,0.5700934579439253,0.5,0.6153846153846153,0.5631067961165048,0.6444444444444444
R-qB2FX7ZbE.002.1.jpg,0.5140186915887851,0.5104166666666666,0.6593406593406592,0.5048543689320388,0.5888888888888889
R-qB2FX7ZbE.002.2.jpg,0.5140186915887851,0.5104166666666666,0.6593406593406592,0.5048543689320388,0.5888888888888889
R-qB2FX7ZbE.002.3.jpg,0.5140186915887851,0.5104166666666666,0.6593406593406592,0.5048543689320388,0.5888888888888889
R-qB2FX7ZbE.002.4.jpg,0.5140186915887851,0.5104166666666666,0.6593406593406592,0.5048543689320388,0.5888888888888889
qmiBcHJpKR0.001.1.jpg,0.6074766355140188,0.5416666666666666,0.6593406593406592,0.7669902912621359,0.6333333333333333
qmiBcHJpKR0.001.2.jpg,0.6074766355140188,0.5416666666666666,0.6593406593406592,0.7669902912621359,0.6333333333333333
qmiBcHJpKR0.001.3.jpg,0.6074766355140188,0.5416666666666666,0.6593406593406592,0.7669902912621359,0.6333333333333333
qmiBcHJpKR0.001.4.jpg,0.6074766355140188,0.5416666666666666,0.6593406593406592,0.7669902912621359,0.6333333333333333
uoLDJJMK5Gw.001.1.jpg,0.37383177570093457,0.5,0.4175824175824176,0.5631067961165048,0.4666666666666667
uoLDJJMK5Gw.001.2.jpg,0.37383177570093457,0.5,0.4175824175824176,0.5631067961165048,0.4666666666666667
uoLDJJMK5Gw.001.3.jpg,0.37383177570093457,0.5,0.4175824175824176,0.5631067961165048,0.4666666666666667
uoLDJJMK5Gw.001.4.jpg,0.37383177570093457,0.5,0.4175824175824176,0.5631067961165048,0.4666666666666667
QJcc95Y0XPw.003.1.jpg,0.7383177570093458,0.6458333333333333,0.5714285714285714,0.5533980582524272,0.7777777777777777
QJcc95Y0XPw.003.2.jpg,0.7383177570093458,0.6458333333333333,0.5714285714285714,0.5533980582524272,0.7777777777777777
QJcc95Y0XPw.003.3.jpg,0.7383177570093458,0.6458333333333333,0.5714285714285714,0.5533980582524272,0.7777777777777777
QJcc95Y0XPw.003.4.jpg,0.7383177570093458,0.6458333333333333,0.5714285714285714,0.5533980582524272,0.7777777777777777
uwYQKM_STCw.003.1.jpg,0.39252336448598135,0.4791666666666667,0.31868131868131866,0.31067961165048547,0.6555555555555556
uwYQKM_STCw.003.2.jpg,0.39252336448598135,0.4791666666666667,0.31868131868131866,0.31067961165048547,0.6555555555555556
uwYQKM_STCw.003.3.jpg,0.39252336448598135,0.4791666666666667,0.31868131868131866,0.31067961165048547,0.6555555555555556
uwYQKM_STCw.003.4.jpg,0.39252336448598135,0.4791666666666667,0.31868131868131866,0.31067961165048547,0.6555555555555556
jrhvXPaXo-0.001.1.jpg,0.4205607476635514,0.46875,0.5384615384615384,0.5339805825242718,0.38888888888888895
jrhvXPaXo-0.001.2.jpg,0.4205607476635514,0.46875,0.5384615384615384,0.5339805825242718,0.38888888888888895
jrhvXPaXo-0.001.3.jpg,0.4205607476635514,0.46875,0.5384615384615384,0.5339805825242718,0.38888888888888895
jrhvXPaXo-0.001.4.jpg,0.4205607476635514,0.46875,0.5384615384615384,0.5339805825242718,0.38888888888888895
1TXS1Zg4wDc.001.1.jpg,0.5794392523364487,0.5104166666666666,0.5274725274725275,0.4563106796116505,0.6666666666666666
1TXS1Zg4wDc.001.2.jpg,0.5794392523364487,0.5104166666666666,0.5274725274725275,0.4563106796116505,0.6666666666666666
1TXS1Zg4wDc.001.3.jpg,0.5794392523364487,0.5104166666666666,0.5274725274725275,0.4563106796116505,0.6666666666666666
1TXS1Zg4wDc.001.4.jpg,0.5794392523364487,0.5104166666666666,0.5274725274725275,0.4563106796116505,0.6666666666666666
ikCqtEGQbrg.003.1.jpg,0.35514018691588783,0.5833333333333333,0.4615384615384615,0.6116504854368932,0.5333333333333333
ikCqtEGQbrg.003.2.jpg,0.35514018691588783,0.5833333333333333,0.4615384615384615,0.6116504854368932,0.5333333333333333
ikCqtEGQbrg.003.3.jpg,0.35514018691588783,0.5833333333333333,0.4615384615384615,0.6116504854368932,0.5333333333333333
ikCqtEGQbrg.003.4.jpg,0.35514018691588783,0.5833333333333333,0.4615384615384615,0.6116504854368932,0.5333333333333333
TaTMtWvSmu4.002.1.jpg,0.5327102803738318,0.6770833333333334,0.5714285714285714,0.7669902912621359,0.6222222222222222
TaTMtWvSmu4.002.2.jpg,0.5327102803738318,0.6770833333333334,0.5714285714285714,0.7669902912621359,0.6222222222222222
TaTMtWvSmu4.002.3.jpg,0.5327102803738318,0.6770833333333334,0.5714285714285714,0.7669902912621359,0.6222222222222222
TaTMtWvSmu4.002.4.jpg,0.5327102803738318,0.6770833333333334,0.5714285714285714,0.7669902912621359,0.6222222222222222
F0kidNe_RSo.003.1.jpg,0.4018691588785047,0.40625000000000006,0.4175824175824176,0.4563106796116505,0.43333333333333335
F0kidNe_RSo.003.2.jpg,0.4018691588785047,0.40625000000000006,0.4175824175824176,0.4563106796116505,0.43333333333333335
F0kidNe_RSo.003.3.jpg,0.4018691588785047,0.40625000000000006,0.4175824175824176,0.4563106796116505,0.43333333333333335
F0kidNe_RSo.003.4.jpg,0.4018691588785047,0.40625000000000006,0.4175824175824176,0.4563106796116505,0.43333333333333335
l-WgXcGLdZk.000.1.jpg,0.6822429906542057,0.625,0.6703296703296703,0.6699029126213591,0.7
l-WgXcGLdZk.000.2.jpg,0.6822429906542057,0.625,0.6703296703296703,0.6699029126213591,0.7
l-WgXcGLdZk.000.3.jpg,0.6822429906542057,0.625,0.6703296703296703,0.6699029126213591,0.7
l-WgXcGLdZk.000.4.jpg,0.6822429906542057,0.625,0.6703296703296703,0.6699029126213591,0.7
TNtcyfM9jak.004.1.jpg,0.37383177570093457,0.5208333333333334,0.4065934065934066,0.2912621359223301,0.5444444444444444
TNtcyfM9jak.004.2.jpg,0.37383177570093457,0.5208333333333334,0.4065934065934066,0.2912621359223301,0.5444444444444444
TNtcyfM9jak.004.3.jpg,0.37383177570093457,0.5208333333333334,0.4065934065934066,0.2912621359223301,0.5444444444444444
TNtcyfM9jak.004.4.jpg,0.37383177570093457,0.5208333333333334,0.4065934065934066,0.2912621359223301,0.5444444444444444
V7_h3URfSFY.001.1.jpg,0.2149532710280374,0.1666666666666666,0.24175824175824176,0.1941747572815534,0.23333333333333334
V7_h3URfSFY.001.2.jpg,0.2149532710280374,0.1666666666666666,0.24175824175824176,0.1941747572815534,0.23333333333333334
V7_h3URfSFY.001.3.jpg,0.2149532710280374,0.1666666666666666,0.24175824175824176,0.1941747572815534,0.23333333333333334
V7_h3URfSFY.001.4.jpg,0.2149532710280374,0.1666666666666666,0.24175824175824176,0.1941747572815534,0.23333333333333334
bt-ev53zZWE.005.1.jpg,0.3271028037383178,0.3333333333333333,0.5164835164835165,0.3786407766990291,0.5111111111111111
bt-ev53zZWE.005.2.jpg,0.3271028037383178,0.3333333333333333,0.5164835164835165,0.3786407766990291,0.5111111111111111
bt-ev53zZWE.005.3.jpg,0.3271028037383178,0.3333333333333333,0.5164835164835165,0.3786407766990291,0.5111111111111111
bt-ev53zZWE.005.4.jpg,0.3271028037383178,0.3333333333333333,0.5164835164835165,0.3786407766990291,0.5111111111111111
8narByy2B5g.003.1.jpg,0.4579439252336449,0.4166666666666667,0.5274725274725275,0.33980582524271846,0.4888888888888889
8narByy2B5g.003.2.jpg,0.4579439252336449,0.4166666666666667,0.5274725274725275,0.33980582524271846,0.4888888888888889
8narByy2B5g.003.3.jpg,0.4579439252336449,0.4166666666666667,0.5274725274725275,0.33980582524271846,0.4888888888888889
8narByy2B5g.003.4.jpg,0.4579439252336449,0.4166666666666667,0.5274725274725275,0.33980582524271846,0.4888888888888889
P0ZzjnS8E24.001.1.jpg,0.5794392523364487,0.6041666666666666,0.5824175824175825,0.4466019417475728,0.5
P0ZzjnS8E24.001.2.jpg,0.5794392523364487,0.6041666666666666,0.5824175824175825,0.4466019417475728,0.5
P0ZzjnS8E24.001.3.jpg,0.5794392523364487,0.6041666666666666,0.5824175824175825,0.4466019417475728,0.5
P0ZzjnS8E24.001.4.jpg,0.5794392523364487,0.6041666666666666,0.5824175824175825,0.4466019417475728,0.5
lsVwEApsljU.001.1.jpg,0.39252336448598135,0.35416666666666663,0.4725274725274725,0.4660194174757281,0.5888888888888889
lsVwEApsljU.001.2.jpg,0.39252336448598135,0.35416666666666663,0.4725274725274725,0.4660194174757281,0.5888888888888889
lsVwEApsljU.001.3.jpg,0.39252336448598135,0.35416666666666663,0.4725274725274725,0.4660194174757281,0.5888888888888889
lsVwEApsljU.001.4.jpg,0.39252336448598135,0.35416666666666663,0.4725274725274725,0.4660194174757281,0.5888888888888889
3n-QaO3EvPQ.000.1.jpg,0.4672897196261683,0.3645833333333333,0.5494505494505494,0.6116504854368932,0.5555555555555556
3n-QaO3EvPQ.000.2.jpg,0.4672897196261683,0.3645833333333333,0.5494505494505494,0.6116504854368932,0.5555555555555556
3n-QaO3EvPQ.000.3.jpg,0.4672897196261683,0.3645833333333333,0.5494505494505494,0.6116504854368932,0.5555555555555556
3n-QaO3EvPQ.000.4.jpg,0.4672897196261683,0.3645833333333333,0.5494505494505494,0.6116504854368932,0.5555555555555556
KHQJhOzdrYo.005.1.jpg,0.39252336448598135,0.4895833333333333,0.6043956043956044,0.4660194174757281,0.5222222222222223
KHQJhOzdrYo.005.2.jpg,0.39252336448598135,0.4895833333333333,0.6043956043956044,0.4660194174757281,0.5222222222222223
KHQJhOzdrYo.005.3.jpg,0.39252336448598135,0.4895833333333333,0.6043956043956044,0.4660194174757281,0.5222222222222223
KHQJhOzdrYo.005.4.jpg,0.39252336448598135,0.4895833333333333,0.6043956043956044,0.4660194174757281,0.5222222222222223
7P2F5Mk_Q1s.001.1.jpg,0.36448598130841126,0.3020833333333333,0.3406593406593406,0.3203883495145631,0.3555555555555556
7P2F5Mk_Q1s.001.2.jpg,0.36448598130841126,0.3020833333333333,0.3406593406593406,0.3203883495145631,0.3555555555555556
7P2F5Mk_Q1s.001.3.jpg,0.36448598130841126,0.3020833333333333,0.3406593406593406,0.3203883495145631,0.3555555555555556
7P2F5Mk_Q1s.001.4.jpg,0.36448598130841126,0.3020833333333333,0.3406593406593406,0.3203883495145631,0.3555555555555556
5LT-hTT4J7s.005.1.jpg,0.5700934579439253,0.5625,0.5494505494505494,0.5145631067961165,0.5888888888888889
5LT-hTT4J7s.005.2.jpg,0.5700934579439253,0.5625,0.5494505494505494,0.5145631067961165,0.5888888888888889
5LT-hTT4J7s.005.3.jpg,0.5700934579439253,0.5625,0.5494505494505494,0.5145631067961165,0.5888888888888889
5LT-hTT4J7s.005.4.jpg,0.5700934579439253,0.5625,0.5494505494505494,0.5145631067961165,0.5888888888888889
jrhvXPaXo-0.002.1.jpg,0.29906542056074764,0.34374999999999994,0.5384615384615384,0.4951456310679611,0.34444444444444444
jrhvXPaXo-0.002.2.jpg,0.29906542056074764,0.34374999999999994,0.5384615384615384,0.4951456310679611,0.34444444444444444
jrhvXPaXo-0.002.3.jpg,0.29906542056074764,0.34374999999999994,0.5384615384615384,0.4951456310679611,0.34444444444444444
jrhvXPaXo-0.002.4.jpg,0.29906542056074764,0.34374999999999994,0.5384615384615384,0.4951456310679611,0.34444444444444444
CwFH8J7smjE.000.1.jpg,0.5700934579439253,0.5625,0.5714285714285714,0.42718446601941745,0.5888888888888889
CwFH8J7smjE.000.2.jpg,0.5700934579439253,0.5625,0.5714285714285714,0.42718446601941745,0.5888888888888889
CwFH8J7smjE.000.3.jpg,0.5700934579439253,0.5625,0.5714285714285714,0.42718446601941745,0.5888888888888889
CwFH8J7smjE.000.4.jpg,0.5700934579439253,0.5625,0.5714285714285714,0.42718446601941745,0.5888888888888889
o6xswp0D8tc.000.1.jpg,0.37383177570093457,0.4375,0.5494505494505494,0.3883495145631068,0.5666666666666667
o6xswp0D8tc.000.2.jpg,0.37383177570093457,0.4375,0.5494505494505494,0.3883495145631068,0.5666666666666667
o6xswp0D8tc.000.3.jpg,0.37383177570093457,0.4375,0.5494505494505494,0.3883495145631068,0.5666666666666667
o6xswp0D8tc.000.4.jpg,0.37383177570093457,0.4375,0.5494505494505494,0.3883495145631068,0.5666666666666667
nBjBfN9SbpM.000.1.jpg,0.4485981308411215,0.3020833333333333,0.3846153846153846,0.2621359223300971,0.5666666666666667
nBjBfN9SbpM.000.2.jpg,0.4485981308411215,0.3020833333333333,0.3846153846153846,0.2621359223300971,0.5666666666666667
nBjBfN9SbpM.000.3.jpg,0.4485981308411215,0.3020833333333333,0.3846153846153846,0.2621359223300971,0.5666666666666667
nBjBfN9SbpM.000.4.jpg,0.4485981308411215,0.3020833333333333,0.3846153846153846,0.2621359223300971,0.5666666666666667
sHVXhr7_EOs.004.1.jpg,0.20560747663551404,0.2604166666666667,0.2857142857142857,0.24271844660194175,0.3111111111111111
sHVXhr7_EOs.004.2.jpg,0.20560747663551404,0.2604166666666667,0.2857142857142857,0.24271844660194175,0.3111111111111111
sHVXhr7_EOs.004.3.jpg,0.20560747663551404,0.2604166666666667,0.2857142857142857,0.24271844660194175,0.3111111111111111
sHVXhr7_EOs.004.4.jpg,0.20560747663551404,0.2604166666666667,0.2857142857142857,0.24271844660194175,0.3111111111111111
ygUEI08LgcM.003.1.jpg,0.30841121495327106,0.3854166666666667,0.4505494505494505,0.4077669902912622,0.4
ygUEI08LgcM.003.2.jpg,0.30841121495327106,0.3854166666666667,0.4505494505494505,0.4077669902912622,0.4
ygUEI08LgcM.003.3.jpg,0.30841121495327106,0.3854166666666667,0.4505494505494505,0.4077669902912622,0.4
ygUEI08LgcM.003.4.jpg,0.30841121495327106,0.3854166666666667,0.4505494505494505,0.4077669902912622,0.4
vqLtOsoNPnU.001.1.jpg,0.5046728971962617,0.6770833333333334,0.5714285714285714,0.5533980582524272,0.6444444444444444
vqLtOsoNPnU.001.2.jpg,0.5046728971962617,0.6770833333333334,0.5714285714285714,0.5533980582524272,0.6444444444444444
vqLtOsoNPnU.001.3.jpg,0.5046728971962617,0.6770833333333334,0.5714285714285714,0.5533980582524272,0.6444444444444444
vqLtOsoNPnU.001.4.jpg,0.5046728971962617,0.6770833333333334,0.5714285714285714,0.5533980582524272,0.6444444444444444
WuoQDp7pU24.000.1.jpg,0.6261682242990655,0.5208333333333334,0.5054945054945055,0.4854368932038835,0.5666666666666667
WuoQDp7pU24.000.2.jpg,0.6261682242990655,0.5208333333333334,0.5054945054945055,0.4854368932038835,0.5666666666666667
WuoQDp7pU24.000.3.jpg,0.6261682242990655,0.5208333333333334,0.5054945054945055,0.4854368932038835,0.5666666666666667
WuoQDp7pU24.000.4.jpg,0.6261682242990655,0.5208333333333334,0.5054945054945055,0.4854368932038835,0.5666666666666667
z1q3ktuRdII.005.1.jpg,0.5700934579439253,0.5729166666666666,0.6593406593406592,0.7961165048543688,0.6555555555555556
z1q3ktuRdII.005.2.jpg,0.5700934579439253,0.5729166666666666,0.6593406593406592,0.7961165048543688,0.6555555555555556
z1q3ktuRdII.005.3.jpg,0.5700934579439253,0.5729166666666666,0.6593406593406592,0.7961165048543688,0.6555555555555556
z1q3ktuRdII.005.4.jpg,0.5700934579439253,0.5729166666666666,0.6593406593406592,0.7961165048543688,0.6555555555555556
iOv0_RdVPCM.004.1.jpg,0.7476635514018694,0.7395833333333333,0.6593406593406592,0.6116504854368932,0.7222222222222221
iOv0_RdVPCM.004.2.jpg,0.7476635514018694,0.7395833333333333,0.6593406593406592,0.6116504854368932,0.7222222222222221
iOv0_RdVPCM.004.3.jpg,0.7476635514018694,0.7395833333333333,0.6593406593406592,0.6116504854368932,0.7222222222222221
iOv0_RdVPCM.004.4.jpg,0.7476635514018694,0.7395833333333333,0.6593406593406592,0.6116504854368932,0.7222222222222221
1yIGI42lzak.004.1.jpg,0.36448598130841126,0.45833333333333337,0.6263736263736264,0.3980582524271845,0.4
1yIGI42lzak.004.2.jpg,0.36448598130841126,0.45833333333333337,0.6263736263736264,0.3980582524271845,0.4
1yIGI42lzak.004.3.jpg,0.36448598130841126,0.45833333333333337,0.6263736263736264,0.3980582524271845,0.4
1yIGI42lzak.004.4.jpg,0.36448598130841126,0.45833333333333337,0.6263736263736264,0.3980582524271845,0.4
Qqc1539E6rs.000.1.jpg,0.5700934579439253,0.65625,0.5384615384615384,0.6504854368932039,0.6333333333333333
Qqc1539E6rs.000.2.jpg,0.5700934579439253,0.65625,0.5384615384615384,0.6504854368932039,0.6333333333333333
Qqc1539E6rs.000.3.jpg,0.5700934579439253,0.65625,0.5384615384615384,0.6504854368932039,0.6333333333333333
Qqc1539E6rs.000.4.jpg,0.5700934579439253,0.65625,0.5384615384615384,0.6504854368932039,0.6333333333333333
_65KGQpiabs.000.1.jpg,0.2897196261682243,0.2708333333333333,0.4395604395604395,0.31067961165048547,0.5333333333333333
_65KGQpiabs.000.2.jpg,0.2897196261682243,0.2708333333333333,0.4395604395604395,0.31067961165048547,0.5333333333333333
_65KGQpiabs.000.3.jpg,0.2897196261682243,0.2708333333333333,0.4395604395604395,0.31067961165048547,0.5333333333333333
_65KGQpiabs.000.4.jpg,0.2897196261682243,0.2708333333333333,0.4395604395604395,0.31067961165048547,0.5333333333333333
0iQIfGnKflc.004.1.jpg,0.5794392523364487,0.5833333333333333,0.4725274725274725,0.5533980582524272,0.6555555555555556
0iQIfGnKflc.004.2.jpg,0.5794392523364487,0.5833333333333333,0.4725274725274725,0.5533980582524272,0.6555555555555556
0iQIfGnKflc.004.3.jpg,0.5794392523364487,0.5833333333333333,0.4725274725274725,0.5533980582524272,0.6555555555555556
0iQIfGnKflc.004.4.jpg,0.5794392523364487,0.5833333333333333,0.4725274725274725,0.5533980582524272,0.6555555555555556
bJktioZ5Yxk.001.1.jpg,0.5514018691588786,0.6979166666666666,0.6483516483516484,0.6310679611650486,0.6
bJktioZ5Yxk.001.2.jpg,0.5514018691588786,0.6979166666666666,0.6483516483516484,0.6310679611650486,0.6
bJktioZ5Yxk.001.3.jpg,0.5514018691588786,0.6979166666666666,0.6483516483516484,0.6310679611650486,0.6
bJktioZ5Yxk.001.4.jpg,0.5514018691588786,0.6979166666666666,0.6483516483516484,0.6310679611650486,0.6
-6otZ7M-Mro.005.1.jpg,0.5233644859813085,0.6354166666666666,0.6263736263736264,0.7281553398058251,0.6
-6otZ7M-Mro.005.2.jpg,0.5233644859813085,0.6354166666666666,0.6263736263736264,0.7281553398058251,0.6
-6otZ7M-Mro.005.3.jpg,0.5233644859813085,0.6354166666666666,0.6263736263736264,0.7281553398058251,0.6
-6otZ7M-Mro.005.4.jpg,0.5233644859813085,0.6354166666666666,0.6263736263736264,0.7281553398058251,0.6
luH2RoZW-eY.002.1.jpg,0.36448598130841126,0.39583333333333337,0.4285714285714285,0.4563106796116505,0.5777777777777777
luH2RoZW-eY.002.2.jpg,0.36448598130841126,0.39583333333333337,0.4285714285714285,0.4563106796116505,0.5777777777777777
luH2RoZW-eY.002.3.jpg,0.36448598130841126,0.39583333333333337,0.4285714285714285,0.4563106796116505,0.5777777777777777
luH2RoZW-eY.002.4.jpg,0.36448598130841126,0.39583333333333337,0.4285714285714285,0.4563106796116505,0.5777777777777777
cA3KzjBNr4M.004.1.jpg,0.19626168224299068,0.39583333333333337,0.4615384615384615,0.33980582524271846,0.4222222222222222
cA3KzjBNr4M.004.2.jpg,0.19626168224299068,0.39583333333333337,0.4615384615384615,0.33980582524271846,0.4222222222222222
cA3KzjBNr4M.004.3.jpg,0.19626168224299068,0.39583333333333337,0.4615384615384615,0.33980582524271846,0.4222222222222222
cA3KzjBNr4M.004.4.jpg,0.19626168224299068,0.39583333333333337,0.4615384615384615,0.33980582524271846,0.4222222222222222
cOossY5pTrU.005.1.jpg,0.6355140186915887,0.6666666666666667,0.5714285714285714,0.4951456310679611,0.7222222222222221
cOossY5pTrU.005.2.jpg,0.6355140186915887,0.6666666666666667,0.5714285714285714,0.4951456310679611,0.7222222222222221
cOossY5pTrU.005.3.jpg,0.6355140186915887,0.6666666666666667,0.5714285714285714,0.4951456310679611,0.7222222222222221
cOossY5pTrU.005.4.jpg,0.6355140186915887,0.6666666666666667,0.5714285714285714,0.4951456310679611,0.7222222222222221
gCLfduV3Phw.002.1.jpg,0.39252336448598135,0.4479166666666667,0.4725274725274725,0.5436893203883495,0.5111111111111111
gCLfduV3Phw.002.2.jpg,0.39252336448598135,0.4479166666666667,0.4725274725274725,0.5436893203883495,0.5111111111111111
gCLfduV3Phw.002.3.jpg,0.39252336448598135,0.4479166666666667,0.4725274725274725,0.5436893203883495,0.5111111111111111
gCLfduV3Phw.002.4.jpg,0.39252336448598135,0.4479166666666667,0.4725274725274725,0.5436893203883495,0.5111111111111111
pEYFpmjwKC0.005.1.jpg,0.29906542056074764,0.39583333333333337,0.5274725274725275,0.5145631067961165,0.5555555555555556
pEYFpmjwKC0.005.2.jpg,0.29906542056074764,0.39583333333333337,0.5274725274725275,0.5145631067961165,0.5555555555555556
pEYFpmjwKC0.005.3.jpg,0.29906542056074764,0.39583333333333337,0.5274725274725275,0.5145631067961165,0.5555555555555556
pEYFpmjwKC0.005.4.jpg,0.29906542056074764,0.39583333333333337,0.5274725274725275,0.5145631067961165,0.5555555555555556
3gUpRQ22vUs.002.1.jpg,0.5327102803738318,0.5520833333333334,0.5384615384615384,0.6213592233009709,0.6555555555555556
3gUpRQ22vUs.002.2.jpg,0.5327102803738318,0.5520833333333334,0.5384615384615384,0.6213592233009709,0.6555555555555556
3gUpRQ22vUs.002.3.jpg,0.5327102803738318,0.5520833333333334,0.5384615384615384,0.6213592233009709,0.6555555555555556
3gUpRQ22vUs.002.4.jpg,0.5327102803738318,0.5520833333333334,0.5384615384615384,0.6213592233009709,0.6555555555555556
nndDX4RgU1w.005.1.jpg,0.28037383177570097,0.35416666666666663,0.4835164835164835,0.4563106796116505,0.45555555555555555
nndDX4RgU1w.005.2.jpg,0.28037383177570097,0.35416666666666663,0.4835164835164835,0.4563106796116505,0.45555555555555555
nndDX4RgU1w.005.3.jpg,0.28037383177570097,0.35416666666666663,0.4835164835164835,0.4563106796116505,0.45555555555555555
nndDX4RgU1w.005.4.jpg,0.28037383177570097,0.35416666666666663,0.4835164835164835,0.4563106796116505,0.45555555555555555
pzG2VeUbefw.002.1.jpg,0.6542056074766356,0.6354166666666666,0.6923076923076923,0.6990291262135921,0.7999999999999999
pzG2VeUbefw.002.2.jpg,0.6542056074766356,0.6354166666666666,0.6923076923076923,0.6990291262135921,0.7999999999999999
pzG2VeUbefw.002.3.jpg,0.6542056074766356,0.6354166666666666,0.6923076923076923,0.6990291262135921,0.7999999999999999
pzG2VeUbefw.002.4.jpg,0.6542056074766356,0.6354166666666666,0.6923076923076923,0.6990291262135921,0.7999999999999999
HrddpXxWFns.001.1.jpg,0.36448598130841126,0.6354166666666666,0.5384615384615384,0.6116504854368932,0.5111111111111111
HrddpXxWFns.001.2.jpg,0.36448598130841126,0.6354166666666666,0.5384615384615384,0.6116504854368932,0.5111111111111111
HrddpXxWFns.001.3.jpg,0.36448598130841126,0.6354166666666666,0.5384615384615384,0.6116504854368932,0.5111111111111111
HrddpXxWFns.001.4.jpg,0.36448598130841126,0.6354166666666666,0.5384615384615384,0.6116504854368932,0.5111111111111111
I53JQFtiQxM.003.1.jpg,0.4205607476635514,0.45833333333333337,0.4945054945054945,0.5533980582524272,0.5333333333333333
I53JQFtiQxM.003.2.jpg,0.4205607476635514,0.45833333333333337,0.4945054945054945,0.5533980582524272,0.5333333333333333
I53JQFtiQxM.003.3.jpg,0.4205607476635514,0.45833333333333337,0.4945054945054945,0.5533980582524272,0.5333333333333333
I53JQFtiQxM.003.4.jpg,0.4205607476635514,0.45833333333333337,0.4945054945054945,0.5533980582524272,0.5333333333333333
phjVMKGYBKs.003.1.jpg,0.4953271028037384,0.5625,0.4835164835164835,0.6019417475728155,0.6444444444444444
phjVMKGYBKs.003.2.jpg,0.4953271028037384,0.5625,0.4835164835164835,0.6019417475728155,0.6444444444444444
phjVMKGYBKs.003.3.jpg,0.4953271028037384,0.5625,0.4835164835164835,0.6019417475728155,0.6444444444444444
phjVMKGYBKs.003.4.jpg,0.4953271028037384,0.5625,0.4835164835164835,0.6019417475728155,0.6444444444444444
OuE91U_n04E.003.1.jpg,0.588785046728972,0.5625,0.5934065934065933,0.7184466019417477,0.5888888888888889
OuE91U_n04E.003.2.jpg,0.588785046728972,0.5625,0.5934065934065933,0.7184466019417477,0.5888888888888889
OuE91U_n04E.003.3.jpg,0.588785046728972,0.5625,0.5934065934065933,0.7184466019417477,0.5888888888888889
OuE91U_n04E.003.4.jpg,0.588785046728972,0.5625,0.5934065934065933,0.7184466019417477,0.5888888888888889
mY1ZTvNVkSA.000.1.jpg,0.4953271028037384,0.6041666666666666,0.5714285714285714,0.4368932038834952,0.5666666666666667
mY1ZTvNVkSA.000.2.jpg,0.4953271028037384,0.6041666666666666,0.5714285714285714,0.4368932038834952,0.5666666666666667
mY1ZTvNVkSA.000.3.jpg,0.4953271028037384,0.6041666666666666,0.5714285714285714,0.4368932038834952,0.5666666666666667
mY1ZTvNVkSA.000.4.jpg,0.4953271028037384,0.6041666666666666,0.5714285714285714,0.4368932038834952,0.5666666666666667
GTmHSF6vNWc.000.1.jpg,0.588785046728972,0.6354166666666666,0.6813186813186812,0.5242718446601942,0.711111111111111
GTmHSF6vNWc.000.2.jpg,0.588785046728972,0.6354166666666666,0.6813186813186812,0.5242718446601942,0.711111111111111
GTmHSF6vNWc.000.3.jpg,0.588785046728972,0.6354166666666666,0.6813186813186812,0.5242718446601942,0.711111111111111
GTmHSF6vNWc.000.4.jpg,0.588785046728972,0.6354166666666666,0.6813186813186812,0.5242718446601942,0.711111111111111
N5YT0FFd3-s.001.1.jpg,0.48598130841121495,0.45833333333333337,0.7252747252747254,0.6213592233009709,0.5666666666666667
N5YT0FFd3-s.001.2.jpg,0.48598130841121495,0.45833333333333337,0.7252747252747254,0.6213592233009709,0.5666666666666667
N5YT0FFd3-s.001.3.jpg,0.48598130841121495,0.45833333333333337,0.7252747252747254,0.6213592233009709,0.5666666666666667
N5YT0FFd3-s.001.4.jpg,0.48598130841121495,0.45833333333333337,0.7252747252747254,0.6213592233009709,0.5666666666666667
h7qbP1GS50U.000.1.jpg,0.5607476635514019,0.42708333333333337,0.5934065934065933,0.4466019417475728,0.5555555555555556
h7qbP1GS50U.000.2.jpg,0.5607476635514019,0.42708333333333337,0.5934065934065933,0.4466019417475728,0.5555555555555556
h7qbP1GS50U.000.3.jpg,0.5607476635514019,0.42708333333333337,0.5934065934065933,0.4466019417475728,0.5555555555555556
h7qbP1GS50U.000.4.jpg,0.5607476635514019,0.42708333333333337,0.5934065934065933,0.4466019417475728,0.5555555555555556
QQzeQOoqO20.002.1.jpg,0.4205607476635514,0.39583333333333337,0.5274725274725275,0.3980582524271845,0.4222222222222222
QQzeQOoqO20.002.2.jpg,0.4205607476635514,0.39583333333333337,0.5274725274725275,0.3980582524271845,0.4222222222222222
QQzeQOoqO20.002.3.jpg,0.4205607476635514,0.39583333333333337,0.5274725274725275,0.3980582524271845,0.4222222222222222
QQzeQOoqO20.002.4.jpg,0.4205607476635514,0.39583333333333337,0.5274725274725275,0.3980582524271845,0.4222222222222222
mrMp9EorOxE.000.1.jpg,0.691588785046729,0.6458333333333333,0.5604395604395604,0.7087378640776699,0.4888888888888889
mrMp9EorOxE.000.2.jpg,0.691588785046729,0.6458333333333333,0.5604395604395604,0.7087378640776699,0.4888888888888889
mrMp9EorOxE.000.3.jpg,0.691588785046729,0.6458333333333333,0.5604395604395604,0.7087378640776699,0.4888888888888889
mrMp9EorOxE.000.4.jpg,0.691588785046729,0.6458333333333333,0.5604395604395604,0.7087378640776699,0.4888888888888889
_zI6qgTJOSA.003.1.jpg,0.4672897196261683,0.5,0.4065934065934066,0.4174757281553398,0.5
_zI6qgTJOSA.003.2.jpg,0.4672897196261683,0.5,0.4065934065934066,0.4174757281553398,0.5
_zI6qgTJOSA.003.3.jpg,0.4672897196261683,0.5,0.4065934065934066,0.4174757281553398,0.5
_zI6qgTJOSA.003.4.jpg,0.4672897196261683,0.5,0.4065934065934066,0.4174757281553398,0.5
_hR9AD-eIy8.002.1.jpg,0.6822429906542057,0.7187499999999999,0.7912087912087912,0.6504854368932039,0.711111111111111
_hR9AD-eIy8.002.2.jpg,0.6822429906542057,0.7187499999999999,0.7912087912087912,0.6504854368932039,0.711111111111111
_hR9AD-eIy8.002.3.jpg,0.6822429906542057,0.7187499999999999,0.7912087912087912,0.6504854368932039,0.711111111111111
_hR9AD-eIy8.002.4.jpg,0.6822429906542057,0.7187499999999999,0.7912087912087912,0.6504854368932039,0.711111111111111
_IS6GFmQYj4.001.1.jpg,0.5514018691588786,0.5520833333333334,0.6153846153846153,0.4174757281553398,0.6555555555555556
_IS6GFmQYj4.001.2.jpg,0.5514018691588786,0.5520833333333334,0.6153846153846153,0.4174757281553398,0.6555555555555556
_IS6GFmQYj4.001.3.jpg,0.5514018691588786,0.5520833333333334,0.6153846153846153,0.4174757281553398,0.6555555555555556
_IS6GFmQYj4.001.4.jpg,0.5514018691588786,0.5520833333333334,0.6153846153846153,0.4174757281553398,0.6555555555555556
PSFLaQYVg1I.000.1.jpg,0.5514018691588786,0.5625,0.5824175824175825,0.5631067961165048,0.5555555555555556
PSFLaQYVg1I.000.2.jpg,0.5514018691588786,0.5625,0.5824175824175825,0.5631067961165048,0.5555555555555556
PSFLaQYVg1I.000.3.jpg,0.5514018691588786,0.5625,0.5824175824175825,0.5631067961165048,0.5555555555555556
PSFLaQYVg1I.000.4.jpg,0.5514018691588786,0.5625,0.5824175824175825,0.5631067961165048,0.5555555555555556
mEQBB6XsJFk.000.1.jpg,0.5981308411214954,0.7291666666666667,0.6703296703296703,0.6407766990291262,0.8333333333333333
mEQBB6XsJFk.000.2.jpg,0.5981308411214954,0.7291666666666667,0.6703296703296703,0.6407766990291262,0.8333333333333333
mEQBB6XsJFk.000.3.jpg,0.5981308411214954,0.7291666666666667,0.6703296703296703,0.6407766990291262,0.8333333333333333
mEQBB6XsJFk.000.4.jpg,0.5981308411214954,0.7291666666666667,0.6703296703296703,0.6407766990291262,0.8333333333333333
M56UFrEgXnI.000.1.jpg,0.25233644859813087,0.3333333333333333,0.14285714285714282,0.31067961165048547,0.5222222222222223
M56UFrEgXnI.000.2.jpg,0.25233644859813087,0.3333333333333333,0.14285714285714282,0.31067961165048547,0.5222222222222223
M56UFrEgXnI.000.3.jpg,0.25233644859813087,0.3333333333333333,0.14285714285714282,0.31067961165048547,0.5222222222222223
M56UFrEgXnI.000.4.jpg,0.25233644859813087,0.3333333333333333,0.14285714285714282,0.31067961165048547,0.5222222222222223
fDBpO2TyB-Y.001.1.jpg,0.663551401869159,0.6875,0.6813186813186812,0.5048543689320388,0.7999999999999999
fDBpO2TyB-Y.001.2.jpg,0.663551401869159,0.6875,0.6813186813186812,0.5048543689320388,0.7999999999999999
fDBpO2TyB-Y.001.3.jpg,0.663551401869159,0.6875,0.6813186813186812,0.5048543689320388,0.7999999999999999
fDBpO2TyB-Y.001.4.jpg,0.663551401869159,0.6875,0.6813186813186812,0.5048543689320388,0.7999999999999999
jpRnHWTLDUs.002.1.jpg,0.5514018691588786,0.6354166666666666,0.5054945054945055,0.6699029126213591,0.6
jpRnHWTLDUs.002.2.jpg,0.5514018691588786,0.6354166666666666,0.5054945054945055,0.6699029126213591,0.6
jpRnHWTLDUs.002.3.jpg,0.5514018691588786,0.6354166666666666,0.5054945054945055,0.6699029126213591,0.6
jpRnHWTLDUs.002.4.jpg,0.5514018691588786,0.6354166666666666,0.5054945054945055,0.6699029126213591,0.6
9UUtf0_ZR14.000.1.jpg,0.38317757009345793,0.5729166666666666,0.6483516483516484,0.6796116504854369,0.5444444444444444
9UUtf0_ZR14.000.2.jpg,0.38317757009345793,0.5729166666666666,0.6483516483516484,0.6796116504854369,0.5444444444444444
9UUtf0_ZR14.000.3.jpg,0.38317757009345793,0.5729166666666666,0.6483516483516484,0.6796116504854369,0.5444444444444444
9UUtf0_ZR14.000.4.jpg,0.38317757009345793,0.5729166666666666,0.6483516483516484,0.6796116504854369,0.5444444444444444
shtirfEzWFA.003.1.jpg,0.4018691588785047,0.37499999999999994,0.4725274725274725,0.3786407766990291,0.45555555555555555
shtirfEzWFA.003.2.jpg,0.4018691588785047,0.37499999999999994,0.4725274725274725,0.3786407766990291,0.45555555555555555
shtirfEzWFA.003.3.jpg,0.4018691588785047,0.37499999999999994,0.4725274725274725,0.3786407766990291,0.45555555555555555
shtirfEzWFA.003.4.jpg,0.4018691588785047,0.37499999999999994,0.4725274725274725,0.3786407766990291,0.45555555555555555
YryBLVZgJj0.004.1.jpg,0.20560747663551404,0.39583333333333337,0.4285714285714285,0.6796116504854369,0.4222222222222222
YryBLVZgJj0.004.2.jpg,0.20560747663551404,0.39583333333333337,0.4285714285714285,0.6796116504854369,0.4222222222222222
YryBLVZgJj0.004.3.jpg,0.20560747663551404,0.39583333333333337,0.4285714285714285,0.6796116504854369,0.4222222222222222
YryBLVZgJj0.004.4.jpg,0.20560747663551404,0.39583333333333337,0.4285714285714285,0.6796116504854369,0.4222222222222222
Gdv79afXNKE.004.1.jpg,0.8037383177570094,0.9166666666666667,0.7802197802197802,0.7475728155339806,0.9666666666666666
Gdv79afXNKE.004.2.jpg,0.8037383177570094,0.9166666666666667,0.7802197802197802,0.7475728155339806,0.9666666666666666
Gdv79afXNKE.004.3.jpg,0.8037383177570094,0.9166666666666667,0.7802197802197802,0.7475728155339806,0.9666666666666666
Gdv79afXNKE.004.4.jpg,0.8037383177570094,0.9166666666666667,0.7802197802197802,0.7475728155339806,0.9666666666666666
2fzLibPAtvI.001.1.jpg,0.5700934579439253,0.6041666666666666,0.5604395604395604,0.6893203883495147,0.611111111111111
2fzLibPAtvI.001.2.jpg,0.5700934579439253,0.6041666666666666,0.5604395604395604,0.6893203883495147,0.611111111111111
2fzLibPAtvI.001.3.jpg,0.5700934579439253,0.6041666666666666,0.5604395604395604,0.6893203883495147,0.611111111111111
2fzLibPAtvI.001.4.jpg,0.5700934579439253,0.6041666666666666,0.5604395604395604,0.6893203883495147,0.611111111111111
Q4z4GRUtccE.001.1.jpg,0.1588785046728972,0.35416666666666663,0.4175824175824176,0.4466019417475728,0.32222222222222224
Q4z4GRUtccE.001.2.jpg,0.1588785046728972,0.35416666666666663,0.4175824175824176,0.4466019417475728,0.32222222222222224
Q4z4GRUtccE.001.3.jpg,0.1588785046728972,0.35416666666666663,0.4175824175824176,0.4466019417475728,0.32222222222222224
Q4z4GRUtccE.001.4.jpg,0.1588785046728972,0.35416666666666663,0.4175824175824176,0.4466019417475728,0.32222222222222224
gCd5bIDNAbI.003.1.jpg,0.6168224299065421,0.6666666666666667,0.6813186813186812,0.8640776699029126,0.7
gCd5bIDNAbI.003.2.jpg,0.6168224299065421,0.6666666666666667,0.6813186813186812,0.8640776699029126,0.7
gCd5bIDNAbI.003.3.jpg,0.6168224299065421,0.6666666666666667,0.6813186813186812,0.8640776699029126,0.7
gCd5bIDNAbI.003.4.jpg,0.6168224299065421,0.6666666666666667,0.6813186813186812,0.8640776699029126,0.7
OwI3Q-qUqDw.003.1.jpg,0.20560747663551404,0.2708333333333333,0.4065934065934066,0.5242718446601942,0.3555555555555556
OwI3Q-qUqDw.003.2.jpg,0.20560747663551404,0.2708333333333333,0.4065934065934066,0.5242718446601942,0.3555555555555556
OwI3Q-qUqDw.003.3.jpg,0.20560747663551404,0.2708333333333333,0.4065934065934066,0.5242718446601942,0.3555555555555556
OwI3Q-qUqDw.003.4.jpg,0.20560747663551404,0.2708333333333333,0.4065934065934066,0.5242718446601942,0.3555555555555556
aaDlp62qn60.000.1.jpg,0.4112149532710281,0.53125,0.4395604395604395,0.4077669902912622,0.5555555555555556
aaDlp62qn60.000.2.jpg,0.4112149532710281,0.53125,0.4395604395604395,0.4077669902912622,0.5555555555555556
aaDlp62qn60.000.3.jpg,0.4112149532710281,0.53125,0.4395604395604395,0.4077669902912622,0.5555555555555556
aaDlp62qn60.000.4.jpg,0.4112149532710281,0.53125,0.4395604395604395,0.4077669902912622,0.5555555555555556
DrlC4bEYcmw.001.1.jpg,0.691588785046729,0.6354166666666666,0.6153846153846153,0.5242718446601942,0.5666666666666667
DrlC4bEYcmw.001.2.jpg,0.691588785046729,0.6354166666666666,0.6153846153846153,0.5242718446601942,0.5666666666666667
DrlC4bEYcmw.001.3.jpg,0.691588785046729,0.6354166666666666,0.6153846153846153,0.5242718446601942,0.5666666666666667
DrlC4bEYcmw.001.4.jpg,0.691588785046729,0.6354166666666666,0.6153846153846153,0.5242718446601942,0.5666666666666667
CFK8ib0aWe8.004.1.jpg,0.6261682242990655,0.59375,0.7032967032967032,0.7378640776699029,0.5555555555555556
CFK8ib0aWe8.004.2.jpg,0.6261682242990655,0.59375,0.7032967032967032,0.7378640776699029,0.5555555555555556
CFK8ib0aWe8.004.3.jpg,0.6261682242990655,0.59375,0.7032967032967032,0.7378640776699029,0.5555555555555556
CFK8ib0aWe8.004.4.jpg,0.6261682242990655,0.59375,0.7032967032967032,0.7378640776699029,0.5555555555555556
8eeZjC_bmtc.000.1.jpg,0.30841121495327106,0.37499999999999994,0.2857142857142857,0.33980582524271846,0.4
8eeZjC_bmtc.000.2.jpg,0.30841121495327106,0.37499999999999994,0.2857142857142857,0.33980582524271846,0.4
8eeZjC_bmtc.000.3.jpg,0.30841121495327106,0.37499999999999994,0.2857142857142857,0.33980582524271846,0.4
8eeZjC_bmtc.000.4.jpg,0.30841121495327106,0.37499999999999994,0.2857142857142857,0.33980582524271846,0.4
FM5UaJS-bhg.003.1.jpg,0.6168224299065421,0.6458333333333333,0.6593406593406592,0.6601941747572816,0.6444444444444444
FM5UaJS-bhg.003.2.jpg,0.6168224299065421,0.6458333333333333,0.6593406593406592,0.6601941747572816,0.6444444444444444
FM5UaJS-bhg.003.3.jpg,0.6168224299065421,0.6458333333333333,0.6593406593406592,0.6601941747572816,0.6444444444444444
FM5UaJS-bhg.003.4.jpg,0.6168224299065421,0.6458333333333333,0.6593406593406592,0.6601941747572816,0.6444444444444444
t0_DAgeU4nM.005.1.jpg,0.24299065420560748,0.37499999999999994,0.5274725274725275,0.4174757281553398,0.4444444444444445
t0_DAgeU4nM.005.2.jpg,0.24299065420560748,0.37499999999999994,0.5274725274725275,0.4174757281553398,0.4444444444444445
t0_DAgeU4nM.005.3.jpg,0.24299065420560748,0.37499999999999994,0.5274725274725275,0.4174757281553398,0.4444444444444445
t0_DAgeU4nM.005.4.jpg,0.24299065420560748,0.37499999999999994,0.5274725274725275,0.4174757281553398,0.4444444444444445
feg-RNvT-t0.002.1.jpg,0.4672897196261683,0.6041666666666666,0.6813186813186812,0.3203883495145631,0.5777777777777777
feg-RNvT-t0.002.2.jpg,0.4672897196261683,0.6041666666666666,0.6813186813186812,0.3203883495145631,0.5777777777777777
feg-RNvT-t0.002.3.jpg,0.4672897196261683,0.6041666666666666,0.6813186813186812,0.3203883495145631,0.5777777777777777
feg-RNvT-t0.002.4.jpg,0.4672897196261683,0.6041666666666666,0.6813186813186812,0.3203883495145631,0.5777777777777777
VbiUhNAdzus.001.1.jpg,0.4579439252336449,0.4791666666666667,0.5054945054945055,0.5145631067961165,0.5333333333333333
VbiUhNAdzus.001.2.jpg,0.4579439252336449,0.4791666666666667,0.5054945054945055,0.5145631067961165,0.5333333333333333
VbiUhNAdzus.001.3.jpg,0.4579439252336449,0.4791666666666667,0.5054945054945055,0.5145631067961165,0.5333333333333333
VbiUhNAdzus.001.4.jpg,0.4579439252336449,0.4791666666666667,0.5054945054945055,0.5145631067961165,0.5333333333333333
C5qRszPK9HY.002.1.jpg,0.5607476635514019,0.6041666666666666,0.6043956043956044,0.7572815533980582,0.6777777777777777
C5qRszPK9HY.002.2.jpg,0.5607476635514019,0.6041666666666666,0.6043956043956044,0.7572815533980582,0.6777777777777777
C5qRszPK9HY.002.3.jpg,0.5607476635514019,0.6041666666666666,0.6043956043956044,0.7572815533980582,0.6777777777777777
C5qRszPK9HY.002.4.jpg,0.5607476635514019,0.6041666666666666,0.6043956043956044,0.7572815533980582,0.6777777777777777
12lqQE6oPNE.002.1.jpg,0.7102803738317757,0.6145833333333333,0.6593406593406592,0.4660194174757281,0.5777777777777777
12lqQE6oPNE.002.2.jpg,0.7102803738317757,0.6145833333333333,0.6593406593406592,0.4660194174757281,0.5777777777777777
12lqQE6oPNE.002.3.jpg,0.7102803738317757,0.6145833333333333,0.6593406593406592,0.4660194174757281,0.5777777777777777
12lqQE6oPNE.002.4.jpg,0.7102803738317757,0.6145833333333333,0.6593406593406592,0.4660194174757281,0.5777777777777777
DvWzedL3QCk.000.1.jpg,0.5233644859813085,0.5729166666666666,0.4945054945054945,0.5436893203883495,0.5777777777777777
DvWzedL3QCk.000.2.jpg,0.5233644859813085,0.5729166666666666,0.4945054945054945,0.5436893203883495,0.5777777777777777
DvWzedL3QCk.000.3.jpg,0.5233644859813085,0.5729166666666666,0.4945054945054945,0.5436893203883495,0.5777777777777777
DvWzedL3QCk.000.4.jpg,0.5233644859813085,0.5729166666666666,0.4945054945054945,0.5436893203883495,0.5777777777777777
BlXViK_ltm8.001.1.jpg,0.8878504672897197,0.8854166666666667,0.846153846153846,0.7864077669902914,0.8333333333333333
BlXViK_ltm8.001.2.jpg,0.8878504672897197,0.8854166666666667,0.846153846153846,0.7864077669902914,0.8333333333333333
BlXViK_ltm8.001.3.jpg,0.8878504672897197,0.8854166666666667,0.846153846153846,0.7864077669902914,0.8333333333333333
BlXViK_ltm8.001.4.jpg,0.8878504672897197,0.8854166666666667,0.846153846153846,0.7864077669902914,0.8333333333333333
KYvMsMLNGvY.000.1.jpg,0.33644859813084116,0.46875,0.5274725274725275,0.35922330097087385,0.32222222222222224
KYvMsMLNGvY.000.2.jpg,0.33644859813084116,0.46875,0.5274725274725275,0.35922330097087385,0.32222222222222224
KYvMsMLNGvY.000.3.jpg,0.33644859813084116,0.46875,0.5274725274725275,0.35922330097087385,0.32222222222222224
KYvMsMLNGvY.000.4.jpg,0.33644859813084116,0.46875,0.5274725274725275,0.35922330097087385,0.32222222222222224
bFwtVtZodIg.001.1.jpg,0.5233644859813085,0.5520833333333334,0.7582417582417583,0.5533980582524272,0.611111111111111
bFwtVtZodIg.001.2.jpg,0.5233644859813085,0.5520833333333334,0.7582417582417583,0.5533980582524272,0.611111111111111
bFwtVtZodIg.001.3.jpg,0.5233644859813085,0.5520833333333334,0.7582417582417583,0.5533980582524272,0.611111111111111
bFwtVtZodIg.001.4.jpg,0.5233644859813085,0.5520833333333334,0.7582417582417583,0.5533980582524272,0.611111111111111
1sjXuXtx9-E.004.1.jpg,0.5233644859813085,0.59375,0.5714285714285714,0.6310679611650486,0.7
1sjXuXtx9-E.004.2.jpg,0.5233644859813085,0.59375,0.5714285714285714,0.6310679611650486,0.7
1sjXuXtx9-E.004.3.jpg,0.5233644859813085,0.59375,0.5714285714285714,0.6310679611650486,0.7
1sjXuXtx9-E.004.4.jpg,0.5233644859813085,0.59375,0.5714285714285714,0.6310679611650486,0.7
TIRrlL71dEQ.003.1.jpg,0.5046728971962617,0.65625,0.6043956043956044,0.5436893203883495,0.5555555555555556
TIRrlL71dEQ.003.2.jpg,0.5046728971962617,0.65625,0.6043956043956044,0.5436893203883495,0.5555555555555556
TIRrlL71dEQ.003.3.jpg,0.5046728971962617,0.65625,0.6043956043956044,0.5436893203883495,0.5555555555555556
TIRrlL71dEQ.003.4.jpg,0.5046728971962617,0.65625,0.6043956043956044,0.5436893203883495,0.5555555555555556
B-OJ_xZILLg.000.1.jpg,0.3457943925233645,0.4375,0.5274725274725275,0.3883495145631068,0.5
B-OJ_xZILLg.000.2.jpg,0.3457943925233645,0.4375,0.5274725274725275,0.3883495145631068,0.5
B-OJ_xZILLg.000.3.jpg,0.3457943925233645,0.4375,0.5274725274725275,0.3883495145631068,0.5
B-OJ_xZILLg.000.4.jpg,0.3457943925233645,0.4375,0.5274725274725275,0.3883495145631068,0.5
Zwu5Y5r3Lrs.004.1.jpg,0.6542056074766356,0.5416666666666666,0.8021978021978021,0.5145631067961165,0.6333333333333333
Zwu5Y5r3Lrs.004.2.jpg,0.6542056074766356,0.5416666666666666,0.8021978021978021,0.5145631067961165,0.6333333333333333
Zwu5Y5r3Lrs.004.3.jpg,0.6542056074766356,0.5416666666666666,0.8021978021978021,0.5145631067961165,0.6333333333333333
Zwu5Y5r3Lrs.004.4.jpg,0.6542056074766356,0.5416666666666666,0.8021978021978021,0.5145631067961165,0.6333333333333333
d8skGb2ycio.005.1.jpg,0.47663551401869164,0.6145833333333333,0.5714285714285714,0.5631067961165048,0.5666666666666667
d8skGb2ycio.005.2.jpg,0.47663551401869164,0.6145833333333333,0.5714285714285714,0.5631067961165048,0.5666666666666667
d8skGb2ycio.005.3.jpg,0.47663551401869164,0.6145833333333333,0.5714285714285714,0.5631067961165048,0.5666666666666667
d8skGb2ycio.005.4.jpg,0.47663551401869164,0.6145833333333333,0.5714285714285714,0.5631067961165048,0.5666666666666667
ZvxUUh2wN7s.000.1.jpg,0.6355140186915887,0.6354166666666666,0.5384615384615384,0.6601941747572816,0.7777777777777777
ZvxUUh2wN7s.000.2.jpg,0.6355140186915887,0.6354166666666666,0.5384615384615384,0.6601941747572816,0.7777777777777777
ZvxUUh2wN7s.000.3.jpg,0.6355140186915887,0.6354166666666666,0.5384615384615384,0.6601941747572816,0.7777777777777777
ZvxUUh2wN7s.000.4.jpg,0.6355140186915887,0.6354166666666666,0.5384615384615384,0.6601941747572816,0.7777777777777777
tiVKJWLzmk4.002.1.jpg,0.5514018691588786,0.6458333333333333,0.7252747252747254,0.6116504854368932,0.7777777777777777
tiVKJWLzmk4.002.2.jpg,0.5514018691588786,0.6458333333333333,0.7252747252747254,0.6116504854368932,0.7777777777777777
tiVKJWLzmk4.002.3.jpg,0.5514018691588786,0.6458333333333333,0.7252747252747254,0.6116504854368932,0.7777777777777777
tiVKJWLzmk4.002.4.jpg,0.5514018691588786,0.6458333333333333,0.7252747252747254,0.6116504854368932,0.7777777777777777
iJGHwoJKEpA.000.1.jpg,0.2336448598130841,0.4375,0.4505494505494505,0.36893203883495146,0.28888888888888886
iJGHwoJKEpA.000.2.jpg,0.2336448598130841,0.4375,0.4505494505494505,0.36893203883495146,0.28888888888888886
iJGHwoJKEpA.000.3.jpg,0.2336448598130841,0.4375,0.4505494505494505,0.36893203883495146,0.28888888888888886
iJGHwoJKEpA.000.4.jpg,0.2336448598130841,0.4375,0.4505494505494505,0.36893203883495146,0.28888888888888886
iz_eT0DXx3s.001.1.jpg,0.20560747663551404,0.1145833333333333,0.17582417582417584,0.24271844660194175,0.1777777777777778
iz_eT0DXx3s.001.2.jpg,0.20560747663551404,0.1145833333333333,0.17582417582417584,0.24271844660194175,0.1777777777777778
iz_eT0DXx3s.001.3.jpg,0.20560747663551404,0.1145833333333333,0.17582417582417584,0.24271844660194175,0.1777777777777778
iz_eT0DXx3s.001.4.jpg,0.20560747663551404,0.1145833333333333,0.17582417582417584,0.24271844660194175,0.1777777777777778
2PSGksTyrnI.002.1.jpg,0.4579439252336449,0.4791666666666667,0.3846153846153846,0.4951456310679611,0.5
2PSGksTyrnI.002.2.jpg,0.4579439252336449,0.4791666666666667,0.3846153846153846,0.4951456310679611,0.5
2PSGksTyrnI.002.3.jpg,0.4579439252336449,0.4791666666666667,0.3846153846153846,0.4951456310679611,0.5
2PSGksTyrnI.002.4.jpg,0.4579439252336449,0.4791666666666667,0.3846153846153846,0.4951456310679611,0.5
8qG1sMihtPA.002.1.jpg,0.4112149532710281,0.6145833333333333,0.5604395604395604,0.6796116504854369,0.6
8qG1sMihtPA.002.2.jpg,0.4112149532710281,0.6145833333333333,0.5604395604395604,0.6796116504854369,0.6
8qG1sMihtPA.002.3.jpg,0.4112149532710281,0.6145833333333333,0.5604395604395604,0.6796116504854369,0.6
8qG1sMihtPA.002.4.jpg,0.4112149532710281,0.6145833333333333,0.5604395604395604,0.6796116504854369,0.6
-6otZ7M-Mro.003.1.jpg,0.7102803738317757,0.5520833333333334,0.6813186813186812,0.7281553398058251,0.6666666666666666
-6otZ7M-Mro.003.2.jpg,0.7102803738317757,0.5520833333333334,0.6813186813186812,0.7281553398058251,0.6666666666666666
-6otZ7M-Mro.003.3.jpg,0.7102803738317757,0.5520833333333334,0.6813186813186812,0.7281553398058251,0.6666666666666666
-6otZ7M-Mro.003.4.jpg,0.7102803738317757,0.5520833333333334,0.6813186813186812,0.7281553398058251,0.6666666666666666
nOFHZ_s7Et4.004.1.jpg,0.37383177570093457,0.4166666666666667,0.6043956043956044,0.47572815533980584,0.4888888888888889
nOFHZ_s7Et4.004.2.jpg,0.37383177570093457,0.4166666666666667,0.6043956043956044,0.47572815533980584,0.4888888888888889
nOFHZ_s7Et4.004.3.jpg,0.37383177570093457,0.4166666666666667,0.6043956043956044,0.47572815533980584,0.4888888888888889
nOFHZ_s7Et4.004.4.jpg,0.37383177570093457,0.4166666666666667,0.6043956043956044,0.47572815533980584,0.4888888888888889
SIpQm4G4DDg.002.1.jpg,0.4392523364485981,0.5104166666666666,0.5054945054945055,0.4563106796116505,0.4
SIpQm4G4DDg.002.2.jpg,0.4392523364485981,0.5104166666666666,0.5054945054945055,0.4563106796116505,0.4
SIpQm4G4DDg.002.3.jpg,0.4392523364485981,0.5104166666666666,0.5054945054945055,0.4563106796116505,0.4
SIpQm4G4DDg.002.4.jpg,0.4392523364485981,0.5104166666666666,0.5054945054945055,0.4563106796116505,0.4
voB6O-ky9cA.005.1.jpg,0.4018691588785047,0.6458333333333333,0.6043956043956044,0.4174757281553398,0.6333333333333333
voB6O-ky9cA.005.2.jpg,0.4018691588785047,0.6458333333333333,0.6043956043956044,0.4174757281553398,0.6333333333333333
voB6O-ky9cA.005.3.jpg,0.4018691588785047,0.6458333333333333,0.6043956043956044,0.4174757281553398,0.6333333333333333
voB6O-ky9cA.005.4.jpg,0.4018691588785047,0.6458333333333333,0.6043956043956044,0.4174757281553398,0.6333333333333333
aIwWcLojoh0.000.1.jpg,0.39252336448598135,0.39583333333333337,0.3626373626373627,0.2912621359223301,0.5333333333333333
aIwWcLojoh0.000.2.jpg,0.39252336448598135,0.39583333333333337,0.3626373626373627,0.2912621359223301,0.5333333333333333
aIwWcLojoh0.000.3.jpg,0.39252336448598135,0.39583333333333337,0.3626373626373627,0.2912621359223301,0.5333333333333333
aIwWcLojoh0.000.4.jpg,0.39252336448598135,0.39583333333333337,0.3626373626373627,0.2912621359223301,0.5333333333333333
qpwcdPnPeFM.000.1.jpg,0.5233644859813085,0.5520833333333334,0.4725274725274725,0.2621359223300971,0.6555555555555556
qpwcdPnPeFM.000.2.jpg,0.5233644859813085,0.5520833333333334,0.4725274725274725,0.2621359223300971,0.6555555555555556
qpwcdPnPeFM.000.3.jpg,0.5233644859813085,0.5520833333333334,0.4725274725274725,0.2621359223300971,0.6555555555555556
qpwcdPnPeFM.000.4.jpg,0.5233644859813085,0.5520833333333334,0.4725274725274725,0.2621359223300971,0.6555555555555556
voB6O-ky9cA.000.1.jpg,0.4485981308411215,0.4375,0.5274725274725275,0.22330097087378642,0.4888888888888889
voB6O-ky9cA.000.2.jpg,0.4485981308411215,0.4375,0.5274725274725275,0.22330097087378642,0.4888888888888889
voB6O-ky9cA.000.3.jpg,0.4485981308411215,0.4375,0.5274725274725275,0.22330097087378642,0.4888888888888889
voB6O-ky9cA.000.4.jpg,0.4485981308411215,0.4375,0.5274725274725275,0.22330097087378642,0.4888888888888889
y6LC5kAJmHw.001.1.jpg,0.5046728971962617,0.5833333333333333,0.6703296703296703,0.5922330097087379,0.5222222222222223
y6LC5kAJmHw.001.2.jpg,0.5046728971962617,0.5833333333333333,0.6703296703296703,0.5922330097087379,0.5222222222222223
y6LC5kAJmHw.001.3.jpg,0.5046728971962617,0.5833333333333333,0.6703296703296703,0.5922330097087379,0.5222222222222223
y6LC5kAJmHw.001.4.jpg,0.5046728971962617,0.5833333333333333,0.6703296703296703,0.5922330097087379,0.5222222222222223
ng42eoHytOA.004.1.jpg,0.30841121495327106,0.29166666666666663,0.5494505494505494,0.2912621359223301,0.4777777777777778
ng42eoHytOA.004.2.jpg,0.30841121495327106,0.29166666666666663,0.5494505494505494,0.2912621359223301,0.4777777777777778
ng42eoHytOA.004.3.jpg,0.30841121495327106,0.29166666666666663,0.5494505494505494,0.2912621359223301,0.4777777777777778
ng42eoHytOA.004.4.jpg,0.30841121495327106,0.29166666666666663,0.5494505494505494,0.2912621359223301,0.4777777777777778
DSYiLCGNDP0.003.1.jpg,0.39252336448598135,0.39583333333333337,0.3736263736263736,0.5242718446601942,0.6
DSYiLCGNDP0.003.2.jpg,0.39252336448598135,0.39583333333333337,0.3736263736263736,0.5242718446601942,0.6
DSYiLCGNDP0.003.3.jpg,0.39252336448598135,0.39583333333333337,0.3736263736263736,0.5242718446601942,0.6
DSYiLCGNDP0.003.4.jpg,0.39252336448598135,0.39583333333333337,0.3736263736263736,0.5242718446601942,0.6
300gK3CnzW0.005.1.jpg,0.4018691588785047,0.45833333333333337,0.3626373626373627,0.3203883495145631,0.33333333333333337
300gK3CnzW0.005.2.jpg,0.4018691588785047,0.45833333333333337,0.3626373626373627,0.3203883495145631,0.33333333333333337
300gK3CnzW0.005.3.jpg,0.4018691588785047,0.45833333333333337,0.3626373626373627,0.3203883495145631,0.33333333333333337
300gK3CnzW0.005.4.jpg,0.4018691588785047,0.45833333333333337,0.3626373626373627,0.3203883495145631,0.33333333333333337
Lq4uvcHNiy8.005.1.jpg,0.26168224299065423,0.3020833333333333,0.3516483516483516,0.3980582524271845,0.3777777777777778
Lq4uvcHNiy8.005.2.jpg,0.26168224299065423,0.3020833333333333,0.3516483516483516,0.3980582524271845,0.3777777777777778
Lq4uvcHNiy8.005.3.jpg,0.26168224299065423,0.3020833333333333,0.3516483516483516,0.3980582524271845,0.3777777777777778
Lq4uvcHNiy8.005.4.jpg,0.26168224299065423,0.3020833333333333,0.3516483516483516,0.3980582524271845,0.3777777777777778
bAxlTgobVHE.003.1.jpg,0.4018691588785047,0.5,0.6153846153846153,0.6504854368932039,0.6
bAxlTgobVHE.003.2.jpg,0.4018691588785047,0.5,0.6153846153846153,0.6504854368932039,0.6
bAxlTgobVHE.003.3.jpg,0.4018691588785047,0.5,0.6153846153846153,0.6504854368932039,0.6
bAxlTgobVHE.003.4.jpg,0.4018691588785047,0.5,0.6153846153846153,0.6504854368932039,0.6
ZhPQrqxo2mw.001.1.jpg,0.6542056074766356,0.65625,0.5604395604395604,0.6310679611650486,0.7222222222222221
ZhPQrqxo2mw.001.2.jpg,0.6542056074766356,0.65625,0.5604395604395604,0.6310679611650486,0.7222222222222221
ZhPQrqxo2mw.001.3.jpg,0.6542056074766356,0.65625,0.5604395604395604,0.6310679611650486,0.7222222222222221
ZhPQrqxo2mw.001.4.jpg,0.6542056074766356,0.65625,0.5604395604395604,0.6310679611650486,0.7222222222222221
AobPtpyKat8.003.1.jpg,0.5233644859813085,0.4895833333333333,0.6593406593406592,0.5922330097087379,0.711111111111111
AobPtpyKat8.003.2.jpg,0.5233644859813085,0.4895833333333333,0.6593406593406592,0.5922330097087379,0.711111111111111
AobPtpyKat8.003.3.jpg,0.5233644859813085,0.4895833333333333,0.6593406593406592,0.5922330097087379,0.711111111111111
AobPtpyKat8.003.4.jpg,0.5233644859813085,0.4895833333333333,0.6593406593406592,0.5922330097087379,0.711111111111111
4ZlcaXadwlo.002.1.jpg,0.4112149532710281,0.46875,0.4945054945054945,0.3980582524271845,0.5555555555555556
4ZlcaXadwlo.002.2.jpg,0.4112149532710281,0.46875,0.4945054945054945,0.3980582524271845,0.5555555555555556
4ZlcaXadwlo.002.3.jpg,0.4112149532710281,0.46875,0.4945054945054945,0.3980582524271845,0.5555555555555556
4ZlcaXadwlo.002.4.jpg,0.4112149532710281,0.46875,0.4945054945054945,0.3980582524271845,0.5555555555555556
sDWJMBZ1mVA.000.1.jpg,0.26168224299065423,0.37499999999999994,0.3406593406593406,0.3495145631067961,0.25555555555555554
sDWJMBZ1mVA.000.2.jpg,0.26168224299065423,0.37499999999999994,0.3406593406593406,0.3495145631067961,0.25555555555555554
sDWJMBZ1mVA.000.3.jpg,0.26168224299065423,0.37499999999999994,0.3406593406593406,0.3495145631067961,0.25555555555555554
sDWJMBZ1mVA.000.4.jpg,0.26168224299065423,0.37499999999999994,0.3406593406593406,0.3495145631067961,0.25555555555555554
xrxAyO8pKUo.004.1.jpg,0.8691588785046729,0.8958333333333334,0.6813186813186812,0.8446601941747574,0.811111111111111
xrxAyO8pKUo.004.2.jpg,0.8691588785046729,0.8958333333333334,0.6813186813186812,0.8446601941747574,0.811111111111111
xrxAyO8pKUo.004.3.jpg,0.8691588785046729,0.8958333333333334,0.6813186813186812,0.8446601941747574,0.811111111111111
xrxAyO8pKUo.004.4.jpg,0.8691588785046729,0.8958333333333334,0.6813186813186812,0.8446601941747574,0.811111111111111
mKWscEow1U8.004.1.jpg,0.4018691588785047,0.5625,0.6813186813186812,0.4660194174757281,0.5444444444444444
mKWscEow1U8.004.2.jpg,0.4018691588785047,0.5625,0.6813186813186812,0.4660194174757281,0.5444444444444444
mKWscEow1U8.004.3.jpg,0.4018691588785047,0.5625,0.6813186813186812,0.4660194174757281,0.5444444444444444
mKWscEow1U8.004.4.jpg,0.4018691588785047,0.5625,0.6813186813186812,0.4660194174757281,0.5444444444444444
FkzVX7SQ9wE.003.1.jpg,0.588785046728972,0.7708333333333334,0.7362637362637363,0.6893203883495147,0.6333333333333333
FkzVX7SQ9wE.003.2.jpg,0.588785046728972,0.7708333333333334,0.7362637362637363,0.6893203883495147,0.6333333333333333
FkzVX7SQ9wE.003.3.jpg,0.588785046728972,0.7708333333333334,0.7362637362637363,0.6893203883495147,0.6333333333333333
FkzVX7SQ9wE.003.4.jpg,0.588785046728972,0.7708333333333334,0.7362637362637363,0.6893203883495147,0.6333333333333333
Etfh8X-ECtY.005.1.jpg,0.25233644859813087,0.2604166666666667,0.3956043956043956,0.35922330097087385,0.34444444444444444
Etfh8X-ECtY.005.2.jpg,0.25233644859813087,0.2604166666666667,0.3956043956043956,0.35922330097087385,0.34444444444444444
Etfh8X-ECtY.005.3.jpg,0.25233644859813087,0.2604166666666667,0.3956043956043956,0.35922330097087385,0.34444444444444444
Etfh8X-ECtY.005.4.jpg,0.25233644859813087,0.2604166666666667,0.3956043956043956,0.35922330097087385,0.34444444444444444
guthEFaGEiA.001.1.jpg,0.39252336448598135,0.32291666666666663,0.3736263736263736,0.3786407766990291,0.45555555555555555
guthEFaGEiA.001.2.jpg,0.39252336448598135,0.32291666666666663,0.3736263736263736,0.3786407766990291,0.45555555555555555
guthEFaGEiA.001.3.jpg,0.39252336448598135,0.32291666666666663,0.3736263736263736,0.3786407766990291,0.45555555555555555
guthEFaGEiA.001.4.jpg,0.39252336448598135,0.32291666666666663,0.3736263736263736,0.3786407766990291,0.45555555555555555
86upzmhvpXw.000.1.jpg,0.6355140186915887,0.5729166666666666,0.7362637362637363,0.5825242718446602,0.6
86upzmhvpXw.000.2.jpg,0.6355140186915887,0.5729166666666666,0.7362637362637363,0.5825242718446602,0.6
86upzmhvpXw.000.3.jpg,0.6355140186915887,0.5729166666666666,0.7362637362637363,0.5825242718446602,0.6
86upzmhvpXw.000.4.jpg,0.6355140186915887,0.5729166666666666,0.7362637362637363,0.5825242718446602,0.6
mq9NNKmKYdk.002.1.jpg,0.4953271028037384,0.6145833333333333,0.5714285714285714,0.6796116504854369,0.4888888888888889
mq9NNKmKYdk.002.2.jpg,0.4953271028037384,0.6145833333333333,0.5714285714285714,0.6796116504854369,0.4888888888888889
mq9NNKmKYdk.002.3.jpg,0.4953271028037384,0.6145833333333333,0.5714285714285714,0.6796116504854369,0.4888888888888889
mq9NNKmKYdk.002.4.jpg,0.4953271028037384,0.6145833333333333,0.5714285714285714,0.6796116504854369,0.4888888888888889
JEhC58vobs4.000.1.jpg,0.39252336448598135,0.39583333333333337,0.4395604395604395,0.5242718446601942,0.5222222222222223
JEhC58vobs4.000.2.jpg,0.39252336448598135,0.39583333333333337,0.4395604395604395,0.5242718446601942,0.5222222222222223
JEhC58vobs4.000.3.jpg,0.39252336448598135,0.39583333333333337,0.4395604395604395,0.5242718446601942,0.5222222222222223
JEhC58vobs4.000.4.jpg,0.39252336448598135,0.39583333333333337,0.4395604395604395,0.5242718446601942,0.5222222222222223
ZoHY-rWJsyw.002.1.jpg,0.18691588785046728,0.29166666666666663,0.3736263736263736,0.23300970873786406,0.33333333333333337
ZoHY-rWJsyw.002.2.jpg,0.18691588785046728,0.29166666666666663,0.3736263736263736,0.23300970873786406,0.33333333333333337
ZoHY-rWJsyw.002.3.jpg,0.18691588785046728,0.29166666666666663,0.3736263736263736,0.23300970873786406,0.33333333333333337
ZoHY-rWJsyw.002.4.jpg,0.18691588785046728,0.29166666666666663,0.3736263736263736,0.23300970873786406,0.33333333333333337
7LHmNEH65Pk.001.1.jpg,0.4579439252336449,0.35416666666666663,0.5604395604395604,0.6213592233009709,0.5333333333333333
7LHmNEH65Pk.001.2.jpg,0.4579439252336449,0.35416666666666663,0.5604395604395604,0.6213592233009709,0.5333333333333333
7LHmNEH65Pk.001.3.jpg,0.4579439252336449,0.35416666666666663,0.5604395604395604,0.6213592233009709,0.5333333333333333
7LHmNEH65Pk.001.4.jpg,0.4579439252336449,0.35416666666666663,0.5604395604395604,0.6213592233009709,0.5333333333333333
nlIrqbcvqLk.004.1.jpg,0.4672897196261683,0.53125,0.7032967032967032,0.5339805825242718,0.5222222222222223
nlIrqbcvqLk.004.2.jpg,0.4672897196261683,0.53125,0.7032967032967032,0.5339805825242718,0.5222222222222223
nlIrqbcvqLk.004.3.jpg,0.4672897196261683,0.53125,0.7032967032967032,0.5339805825242718,0.5222222222222223
nlIrqbcvqLk.004.4.jpg,0.4672897196261683,0.53125,0.7032967032967032,0.5339805825242718,0.5222222222222223
HKSgsi7HWWI.000.1.jpg,0.6448598130841123,0.59375,0.6153846153846153,0.4174757281553398,0.5777777777777777
HKSgsi7HWWI.000.2.jpg,0.6448598130841123,0.59375,0.6153846153846153,0.4174757281553398,0.5777777777777777
HKSgsi7HWWI.000.3.jpg,0.6448598130841123,0.59375,0.6153846153846153,0.4174757281553398,0.5777777777777777
HKSgsi7HWWI.000.4.jpg,0.6448598130841123,0.59375,0.6153846153846153,0.4174757281553398,0.5777777777777777
oJPdfhG4hT0.000.1.jpg,0.4205607476635514,0.4895833333333333,0.5274725274725275,0.5436893203883495,0.32222222222222224
oJPdfhG4hT0.000.2.jpg,0.4205607476635514,0.4895833333333333,0.5274725274725275,0.5436893203883495,0.32222222222222224
oJPdfhG4hT0.000.3.jpg,0.4205607476635514,0.4895833333333333,0.5274725274725275,0.5436893203883495,0.32222222222222224
oJPdfhG4hT0.000.4.jpg,0.4205607476635514,0.4895833333333333,0.5274725274725275,0.5436893203883495,0.32222222222222224
zyGz_H1UTnQ.004.1.jpg,0.25233644859813087,0.6666666666666667,0.4945054945054945,0.7475728155339806,0.5111111111111111
zyGz_H1UTnQ.004.2.jpg,0.25233644859813087,0.6666666666666667,0.4945054945054945,0.7475728155339806,0.5111111111111111
zyGz_H1UTnQ.004.3.jpg,0.25233644859813087,0.6666666666666667,0.4945054945054945,0.7475728155339806,0.5111111111111111
zyGz_H1UTnQ.004.4.jpg,0.25233644859813087,0.6666666666666667,0.4945054945054945,0.7475728155339806,0.5111111111111111
sNs4yCA11wk.004.1.jpg,0.691588785046729,0.59375,0.6923076923076923,0.6796116504854369,0.5666666666666667
sNs4yCA11wk.004.2.jpg,0.691588785046729,0.59375,0.6923076923076923,0.6796116504854369,0.5666666666666667
sNs4yCA11wk.004.3.jpg,0.691588785046729,0.59375,0.6923076923076923,0.6796116504854369,0.5666666666666667
sNs4yCA11wk.004.4.jpg,0.691588785046729,0.59375,0.6923076923076923,0.6796116504854369,0.5666666666666667
M56UFrEgXnI.002.1.jpg,0.33644859813084116,0.3020833333333333,0.3846153846153846,0.4854368932038835,0.4777777777777778
M56UFrEgXnI.002.2.jpg,0.33644859813084116,0.3020833333333333,0.3846153846153846,0.4854368932038835,0.4777777777777778
M56UFrEgXnI.002.3.jpg,0.33644859813084116,0.3020833333333333,0.3846153846153846,0.4854368932038835,0.4777777777777778
M56UFrEgXnI.002.4.jpg,0.33644859813084116,0.3020833333333333,0.3846153846153846,0.4854368932038835,0.4777777777777778
5kwoq4EZixQ.002.1.jpg,0.37383177570093457,0.5,0.5824175824175825,0.4660194174757281,0.5555555555555556
5kwoq4EZixQ.002.2.jpg,0.37383177570093457,0.5,0.5824175824175825,0.4660194174757281,0.5555555555555556
5kwoq4EZixQ.002.3.jpg,0.37383177570093457,0.5,0.5824175824175825,0.4660194174757281,0.5555555555555556
5kwoq4EZixQ.002.4.jpg,0.37383177570093457,0.5,0.5824175824175825,0.4660194174757281,0.5555555555555556
Ahiq4zhmYco.003.1.jpg,0.3177570093457944,0.3125,0.5494505494505494,0.36893203883495146,0.5222222222222223
Ahiq4zhmYco.003.2.jpg,0.3177570093457944,0.3125,0.5494505494505494,0.36893203883495146,0.5222222222222223
Ahiq4zhmYco.003.3.jpg,0.3177570093457944,0.3125,0.5494505494505494,0.36893203883495146,0.5222222222222223
Ahiq4zhmYco.003.4.jpg,0.3177570093457944,0.3125,0.5494505494505494,0.36893203883495146,0.5222222222222223
o7J2fWIJndQ.001.1.jpg,0.6728971962616823,0.5208333333333334,0.6373626373626373,0.6601941747572816,0.7444444444444444
o7J2fWIJndQ.001.2.jpg,0.6728971962616823,0.5208333333333334,0.6373626373626373,0.6601941747572816,0.7444444444444444
o7J2fWIJndQ.001.3.jpg,0.6728971962616823,0.5208333333333334,0.6373626373626373,0.6601941747572816,0.7444444444444444
o7J2fWIJndQ.001.4.jpg,0.6728971962616823,0.5208333333333334,0.6373626373626373,0.6601941747572816,0.7444444444444444
aLAqJkRWKuk.003.1.jpg,0.5233644859813085,0.42708333333333337,0.5164835164835165,0.5242718446601942,0.4444444444444445
aLAqJkRWKuk.003.2.jpg,0.5233644859813085,0.42708333333333337,0.5164835164835165,0.5242718446601942,0.4444444444444445
aLAqJkRWKuk.003.3.jpg,0.5233644859813085,0.42708333333333337,0.5164835164835165,0.5242718446601942,0.4444444444444445
aLAqJkRWKuk.003.4.jpg,0.5233644859813085,0.42708333333333337,0.5164835164835165,0.5242718446601942,0.4444444444444445
bLOSPQ8MAC8.000.1.jpg,0.12149532710280371,0.40625000000000006,0.4945054945054945,0.7378640776699029,0.41111111111111115
bLOSPQ8MAC8.000.2.jpg,0.12149532710280371,0.40625000000000006,0.4945054945054945,0.7378640776699029,0.41111111111111115
bLOSPQ8MAC8.000.3.jpg,0.12149532710280371,0.40625000000000006,0.4945054945054945,0.7378640776699029,0.41111111111111115
bLOSPQ8MAC8.000.4.jpg,0.12149532710280371,0.40625000000000006,0.4945054945054945,0.7378640776699029,0.41111111111111115
4XdZDodpzac.002.1.jpg,0.48598130841121495,0.5208333333333334,0.5494505494505494,0.4951456310679611,0.6444444444444444
4XdZDodpzac.002.2.jpg,0.48598130841121495,0.5208333333333334,0.5494505494505494,0.4951456310679611,0.6444444444444444
4XdZDodpzac.002.3.jpg,0.48598130841121495,0.5208333333333334,0.5494505494505494,0.4951456310679611,0.6444444444444444
4XdZDodpzac.002.4.jpg,0.48598130841121495,0.5208333333333334,0.5494505494505494,0.4951456310679611,0.6444444444444444
1uC-2TZqplE.001.1.jpg,0.4953271028037384,0.5208333333333334,0.5054945054945055,0.7669902912621359,0.4777777777777778
1uC-2TZqplE.001.2.jpg,0.4953271028037384,0.5208333333333334,0.5054945054945055,0.7669902912621359,0.4777777777777778
1uC-2TZqplE.001.3.jpg,0.4953271028037384,0.5208333333333334,0.5054945054945055,0.7669902912621359,0.4777777777777778
1uC-2TZqplE.001.4.jpg,0.4953271028037384,0.5208333333333334,0.5054945054945055,0.7669902912621359,0.4777777777777778
PpK8b_LrAfQ.002.1.jpg,0.39252336448598135,0.4479166666666667,0.5054945054945055,0.7281553398058251,0.3666666666666667
PpK8b_LrAfQ.002.2.jpg,0.39252336448598135,0.4479166666666667,0.5054945054945055,0.7281553398058251,0.3666666666666667
PpK8b_LrAfQ.002.3.jpg,0.39252336448598135,0.4479166666666667,0.5054945054945055,0.7281553398058251,0.3666666666666667
PpK8b_LrAfQ.002.4.jpg,0.39252336448598135,0.4479166666666667,0.5054945054945055,0.7281553398058251,0.3666666666666667
k4eeYoHtnnI.005.1.jpg,0.4112149532710281,0.4791666666666667,0.5494505494505494,0.6116504854368932,0.45555555555555555
k4eeYoHtnnI.005.2.jpg,0.4112149532710281,0.4791666666666667,0.5494505494505494,0.6116504854368932,0.45555555555555555
k4eeYoHtnnI.005.3.jpg,0.4112149532710281,0.4791666666666667,0.5494505494505494,0.6116504854368932,0.45555555555555555
k4eeYoHtnnI.005.4.jpg,0.4112149532710281,0.4791666666666667,0.5494505494505494,0.6116504854368932,0.45555555555555555
0uCqd5hZcyI.001.1.jpg,0.5140186915887851,0.59375,0.5714285714285714,0.5533980582524272,0.5666666666666667
0uCqd5hZcyI.001.2.jpg,0.5140186915887851,0.59375,0.5714285714285714,0.5533980582524272,0.5666666666666667
0uCqd5hZcyI.001.3.jpg,0.5140186915887851,0.59375,0.5714285714285714,0.5533980582524272,0.5666666666666667
0uCqd5hZcyI.001.4.jpg,0.5140186915887851,0.59375,0.5714285714285714,0.5533980582524272,0.5666666666666667
cdtZKwM5NIM.003.1.jpg,0.5420560747663552,0.6458333333333333,0.6153846153846153,0.6310679611650486,0.7999999999999999
cdtZKwM5NIM.003.2.jpg,0.5420560747663552,0.6458333333333333,0.6153846153846153,0.6310679611650486,0.7999999999999999
cdtZKwM5NIM.003.3.jpg,0.5420560747663552,0.6458333333333333,0.6153846153846153,0.6310679611650486,0.7999999999999999
cdtZKwM5NIM.003.4.jpg,0.5420560747663552,0.6458333333333333,0.6153846153846153,0.6310679611650486,0.7999999999999999
LHV4HNK35pM.002.1.jpg,0.8411214953271028,0.6666666666666667,0.5714285714285714,0.6796116504854369,0.7
LHV4HNK35pM.002.2.jpg,0.8411214953271028,0.6666666666666667,0.5714285714285714,0.6796116504854369,0.7
LHV4HNK35pM.002.3.jpg,0.8411214953271028,0.6666666666666667,0.5714285714285714,0.6796116504854369,0.7
LHV4HNK35pM.002.4.jpg,0.8411214953271028,0.6666666666666667,0.5714285714285714,0.6796116504854369,0.7
cY3nHc5fDYE.004.1.jpg,0.5327102803738318,0.6041666666666666,0.5604395604395604,0.6893203883495147,0.5777777777777777
cY3nHc5fDYE.004.2.jpg,0.5327102803738318,0.6041666666666666,0.5604395604395604,0.6893203883495147,0.5777777777777777
cY3nHc5fDYE.004.3.jpg,0.5327102803738318,0.6041666666666666,0.5604395604395604,0.6893203883495147,0.5777777777777777
cY3nHc5fDYE.004.4.jpg,0.5327102803738318,0.6041666666666666,0.5604395604395604,0.6893203883495147,0.5777777777777777
Bz3Jx4QL_6Q.002.1.jpg,0.4485981308411215,0.6770833333333334,0.6483516483516484,0.8737864077669903,0.5111111111111111
Bz3Jx4QL_6Q.002.2.jpg,0.4485981308411215,0.6770833333333334,0.6483516483516484,0.8737864077669903,0.5111111111111111
Bz3Jx4QL_6Q.002.3.jpg,0.4485981308411215,0.6770833333333334,0.6483516483516484,0.8737864077669903,0.5111111111111111
Bz3Jx4QL_6Q.002.4.jpg,0.4485981308411215,0.6770833333333334,0.6483516483516484,0.8737864077669903,0.5111111111111111
L4uFD6434Pc.004.1.jpg,0.5140186915887851,0.625,0.5934065934065933,0.5339805825242718,0.5666666666666667
L4uFD6434Pc.004.2.jpg,0.5140186915887851,0.625,0.5934065934065933,0.5339805825242718,0.5666666666666667
L4uFD6434Pc.004.3.jpg,0.5140186915887851,0.625,0.5934065934065933,0.5339805825242718,0.5666666666666667
L4uFD6434Pc.004.4.jpg,0.5140186915887851,0.625,0.5934065934065933,0.5339805825242718,0.5666666666666667
WATt9OOVZh8.005.1.jpg,0.663551401869159,0.7291666666666667,0.7692307692307692,0.7766990291262136,0.7222222222222221
WATt9OOVZh8.005.2.jpg,0.663551401869159,0.7291666666666667,0.7692307692307692,0.7766990291262136,0.7222222222222221
WATt9OOVZh8.005.3.jpg,0.663551401869159,0.7291666666666667,0.7692307692307692,0.7766990291262136,0.7222222222222221
WATt9OOVZh8.005.4.jpg,0.663551401869159,0.7291666666666667,0.7692307692307692,0.7766990291262136,0.7222222222222221
4vJ69g7gAH4.005.1.jpg,0.5140186915887851,0.5729166666666666,0.6483516483516484,0.5728155339805825,0.7222222222222221
4vJ69g7gAH4.005.2.jpg,0.5140186915887851,0.5729166666666666,0.6483516483516484,0.5728155339805825,0.7222222222222221
4vJ69g7gAH4.005.3.jpg,0.5140186915887851,0.5729166666666666,0.6483516483516484,0.5728155339805825,0.7222222222222221
4vJ69g7gAH4.005.4.jpg,0.5140186915887851,0.5729166666666666,0.6483516483516484,0.5728155339805825,0.7222222222222221
ZRrduU1CXqU.000.1.jpg,0.4205607476635514,0.6041666666666666,0.5604395604395604,0.6407766990291262,0.4777777777777778
ZRrduU1CXqU.000.2.jpg,0.4205607476635514,0.6041666666666666,0.5604395604395604,0.6407766990291262,0.4777777777777778
ZRrduU1CXqU.000.3.jpg,0.4205607476635514,0.6041666666666666,0.5604395604395604,0.6407766990291262,0.4777777777777778
ZRrduU1CXqU.000.4.jpg,0.4205607476635514,0.6041666666666666,0.5604395604395604,0.6407766990291262,0.4777777777777778
o5eCmKiomvo.003.1.jpg,0.28037383177570097,0.4895833333333333,0.32967032967032966,0.6019417475728155,0.4
o5eCmKiomvo.003.2.jpg,0.28037383177570097,0.4895833333333333,0.32967032967032966,0.6019417475728155,0.4
o5eCmKiomvo.003.3.jpg,0.28037383177570097,0.4895833333333333,0.32967032967032966,0.6019417475728155,0.4
o5eCmKiomvo.003.4.jpg,0.28037383177570097,0.4895833333333333,0.32967032967032966,0.6019417475728155,0.4
A6ZWTfKPLPE.000.1.jpg,0.4205607476635514,0.5625,0.3626373626373627,0.5242718446601942,0.5666666666666667
A6ZWTfKPLPE.000.2.jpg,0.4205607476635514,0.5625,0.3626373626373627,0.5242718446601942,0.5666666666666667
A6ZWTfKPLPE.000.3.jpg,0.4205607476635514,0.5625,0.3626373626373627,0.5242718446601942,0.5666666666666667
A6ZWTfKPLPE.000.4.jpg,0.4205607476635514,0.5625,0.3626373626373627,0.5242718446601942,0.5666666666666667
1tPH6PNeOSk.000.1.jpg,0.588785046728972,0.6666666666666667,0.6483516483516484,0.6504854368932039,0.6444444444444444
1tPH6PNeOSk.000.2.jpg,0.588785046728972,0.6666666666666667,0.6483516483516484,0.6504854368932039,0.6444444444444444
1tPH6PNeOSk.000.3.jpg,0.588785046728972,0.6666666666666667,0.6483516483516484,0.6504854368932039,0.6444444444444444
1tPH6PNeOSk.000.4.jpg,0.588785046728972,0.6666666666666667,0.6483516483516484,0.6504854368932039,0.6444444444444444
_fJcW5234bY.003.1.jpg,0.6168224299065421,0.7395833333333333,0.6263736263736264,0.5728155339805825,0.711111111111111
_fJcW5234bY.003.2.jpg,0.6168224299065421,0.7395833333333333,0.6263736263736264,0.5728155339805825,0.711111111111111
_fJcW5234bY.003.3.jpg,0.6168224299065421,0.7395833333333333,0.6263736263736264,0.5728155339805825,0.711111111111111
_fJcW5234bY.003.4.jpg,0.6168224299065421,0.7395833333333333,0.6263736263736264,0.5728155339805825,0.711111111111111
xtDw9TlWiww.004.1.jpg,0.5233644859813085,0.6041666666666666,0.6483516483516484,0.5825242718446602,0.5333333333333333
xtDw9TlWiww.004.2.jpg,0.5233644859813085,0.6041666666666666,0.6483516483516484,0.5825242718446602,0.5333333333333333
xtDw9TlWiww.004.3.jpg,0.5233644859813085,0.6041666666666666,0.6483516483516484,0.5825242718446602,0.5333333333333333
xtDw9TlWiww.004.4.jpg,0.5233644859813085,0.6041666666666666,0.6483516483516484,0.5825242718446602,0.5333333333333333
LvpUVPQKWcQ.004.1.jpg,0.7009345794392524,0.6354166666666666,0.6923076923076923,0.5339805825242718,0.7
LvpUVPQKWcQ.004.2.jpg,0.7009345794392524,0.6354166666666666,0.6923076923076923,0.5339805825242718,0.7
LvpUVPQKWcQ.004.3.jpg,0.7009345794392524,0.6354166666666666,0.6923076923076923,0.5339805825242718,0.7
LvpUVPQKWcQ.004.4.jpg,0.7009345794392524,0.6354166666666666,0.6923076923076923,0.5339805825242718,0.7
okSmKH2k5lE.003.1.jpg,0.30841121495327106,0.35416666666666663,0.5824175824175825,0.5922330097087379,0.3777777777777778
okSmKH2k5lE.003.2.jpg,0.30841121495327106,0.35416666666666663,0.5824175824175825,0.5922330097087379,0.3777777777777778
okSmKH2k5lE.003.3.jpg,0.30841121495327106,0.35416666666666663,0.5824175824175825,0.5922330097087379,0.3777777777777778
okSmKH2k5lE.003.4.jpg,0.30841121495327106,0.35416666666666663,0.5824175824175825,0.5922330097087379,0.3777777777777778
3wRj39GKLJ0.004.1.jpg,0.5140186915887851,0.5416666666666666,0.5604395604395604,0.3980582524271845,0.6666666666666666
3wRj39GKLJ0.004.2.jpg,0.5140186915887851,0.5416666666666666,0.5604395604395604,0.3980582524271845,0.6666666666666666
3wRj39GKLJ0.004.3.jpg,0.5140186915887851,0.5416666666666666,0.5604395604395604,0.3980582524271845,0.6666666666666666
3wRj39GKLJ0.004.4.jpg,0.5140186915887851,0.5416666666666666,0.5604395604395604,0.3980582524271845,0.6666666666666666
lx6A8s_Ega8.005.1.jpg,0.5514018691588786,0.7708333333333334,0.6923076923076923,0.7961165048543688,0.8666666666666667
lx6A8s_Ega8.005.2.jpg,0.5514018691588786,0.7708333333333334,0.6923076923076923,0.7961165048543688,0.8666666666666667
lx6A8s_Ega8.005.3.jpg,0.5514018691588786,0.7708333333333334,0.6923076923076923,0.7961165048543688,0.8666666666666667
lx6A8s_Ega8.005.4.jpg,0.5514018691588786,0.7708333333333334,0.6923076923076923,0.7961165048543688,0.8666666666666667
XoyQKsK7OtA.001.1.jpg,0.5514018691588786,0.7187499999999999,0.7912087912087912,0.7184466019417477,0.6333333333333333
XoyQKsK7OtA.001.2.jpg,0.5514018691588786,0.7187499999999999,0.7912087912087912,0.7184466019417477,0.6333333333333333
XoyQKsK7OtA.001.3.jpg,0.5514018691588786,0.7187499999999999,0.7912087912087912,0.7184466019417477,0.6333333333333333
XoyQKsK7OtA.001.4.jpg,0.5514018691588786,0.7187499999999999,0.7912087912087912,0.7184466019417477,0.6333333333333333
WD1WsbooU2w.000.1.jpg,0.39252336448598135,0.45833333333333337,0.5384615384615384,0.6407766990291262,0.3
WD1WsbooU2w.000.2.jpg,0.39252336448598135,0.45833333333333337,0.5384615384615384,0.6407766990291262,0.3
WD1WsbooU2w.000.3.jpg,0.39252336448598135,0.45833333333333337,0.5384615384615384,0.6407766990291262,0.3
WD1WsbooU2w.000.4.jpg,0.39252336448598135,0.45833333333333337,0.5384615384615384,0.6407766990291262,0.3
QdafN9Y_j-Y.005.1.jpg,0.47663551401869164,0.4166666666666667,0.5164835164835165,0.47572815533980584,0.45555555555555555
QdafN9Y_j-Y.005.2.jpg,0.47663551401869164,0.4166666666666667,0.5164835164835165,0.47572815533980584,0.45555555555555555
QdafN9Y_j-Y.005.3.jpg,0.47663551401869164,0.4166666666666667,0.5164835164835165,0.47572815533980584,0.45555555555555555
QdafN9Y_j-Y.005.4.jpg,0.47663551401869164,0.4166666666666667,0.5164835164835165,0.47572815533980584,0.45555555555555555
4KD3XCMsIBs.002.1.jpg,0.5233644859813085,0.4791666666666667,0.5714285714285714,0.3300970873786408,0.5333333333333333
4KD3XCMsIBs.002.2.jpg,0.5233644859813085,0.4791666666666667,0.5714285714285714,0.3300970873786408,0.5333333333333333
4KD3XCMsIBs.002.3.jpg,0.5233644859813085,0.4791666666666667,0.5714285714285714,0.3300970873786408,0.5333333333333333
4KD3XCMsIBs.002.4.jpg,0.5233644859813085,0.4791666666666667,0.5714285714285714,0.3300970873786408,0.5333333333333333
HT_8WpgGqjk.002.1.jpg,0.4672897196261683,0.5208333333333334,0.5164835164835165,0.5339805825242718,0.6333333333333333
HT_8WpgGqjk.002.2.jpg,0.4672897196261683,0.5208333333333334,0.5164835164835165,0.5339805825242718,0.6333333333333333
HT_8WpgGqjk.002.3.jpg,0.4672897196261683,0.5208333333333334,0.5164835164835165,0.5339805825242718,0.6333333333333333
HT_8WpgGqjk.002.4.jpg,0.4672897196261683,0.5208333333333334,0.5164835164835165,0.5339805825242718,0.6333333333333333
ej0RpdM9kJA.004.1.jpg,0.4112149532710281,0.4375,0.4505494505494505,0.5242718446601942,0.6222222222222222
ej0RpdM9kJA.004.2.jpg,0.4112149532710281,0.4375,0.4505494505494505,0.5242718446601942,0.6222222222222222
ej0RpdM9kJA.004.3.jpg,0.4112149532710281,0.4375,0.4505494505494505,0.5242718446601942,0.6222222222222222
ej0RpdM9kJA.004.4.jpg,0.4112149532710281,0.4375,0.4505494505494505,0.5242718446601942,0.6222222222222222
C2MEPH7x9m0.004.1.jpg,0.4299065420560748,0.40625000000000006,0.6483516483516484,0.6213592233009709,0.5333333333333333
C2MEPH7x9m0.004.2.jpg,0.4299065420560748,0.40625000000000006,0.6483516483516484,0.6213592233009709,0.5333333333333333
C2MEPH7x9m0.004.3.jpg,0.4299065420560748,0.40625000000000006,0.6483516483516484,0.6213592233009709,0.5333333333333333
C2MEPH7x9m0.004.4.jpg,0.4299065420560748,0.40625000000000006,0.6483516483516484,0.6213592233009709,0.5333333333333333
DVh_7dO2cWY.001.1.jpg,0.6822429906542057,0.8020833333333334,0.7362637362637363,0.6990291262135921,0.811111111111111
DVh_7dO2cWY.001.2.jpg,0.6822429906542057,0.8020833333333334,0.7362637362637363,0.6990291262135921,0.811111111111111
DVh_7dO2cWY.001.3.jpg,0.6822429906542057,0.8020833333333334,0.7362637362637363,0.6990291262135921,0.811111111111111
DVh_7dO2cWY.001.4.jpg,0.6822429906542057,0.8020833333333334,0.7362637362637363,0.6990291262135921,0.811111111111111
g0PWBzU95sI.002.1.jpg,0.6074766355140188,0.65625,0.7912087912087912,0.6116504854368932,0.7444444444444444
g0PWBzU95sI.002.2.jpg,0.6074766355140188,0.65625,0.7912087912087912,0.6116504854368932,0.7444444444444444
g0PWBzU95sI.002.3.jpg,0.6074766355140188,0.65625,0.7912087912087912,0.6116504854368932,0.7444444444444444
g0PWBzU95sI.002.4.jpg,0.6074766355140188,0.65625,0.7912087912087912,0.6116504854368932,0.7444444444444444
blAjqQ0ja8Q.002.1.jpg,0.5233644859813085,0.6145833333333333,0.6263736263736264,0.4854368932038835,0.5
blAjqQ0ja8Q.002.2.jpg,0.5233644859813085,0.6145833333333333,0.6263736263736264,0.4854368932038835,0.5
blAjqQ0ja8Q.002.3.jpg,0.5233644859813085,0.6145833333333333,0.6263736263736264,0.4854368932038835,0.5
blAjqQ0ja8Q.002.4.jpg,0.5233644859813085,0.6145833333333333,0.6263736263736264,0.4854368932038835,0.5
KYvbRwTCtaU.004.1.jpg,0.4485981308411215,0.4375,0.7252747252747254,0.47572815533980584,0.6222222222222222
KYvbRwTCtaU.004.2.jpg,0.4485981308411215,0.4375,0.7252747252747254,0.47572815533980584,0.6222222222222222
KYvbRwTCtaU.004.3.jpg,0.4485981308411215,0.4375,0.7252747252747254,0.47572815533980584,0.6222222222222222
KYvbRwTCtaU.004.4.jpg,0.4485981308411215,0.4375,0.7252747252747254,0.47572815533980584,0.6222222222222222
ZGox7tevC6A.001.1.jpg,0.3271028037383178,0.37499999999999994,0.4945054945054945,0.5145631067961165,0.4444444444444445
ZGox7tevC6A.001.2.jpg,0.3271028037383178,0.37499999999999994,0.4945054945054945,0.5145631067961165,0.4444444444444445
ZGox7tevC6A.001.3.jpg,0.3271028037383178,0.37499999999999994,0.4945054945054945,0.5145631067961165,0.4444444444444445
ZGox7tevC6A.001.4.jpg,0.3271028037383178,0.37499999999999994,0.4945054945054945,0.5145631067961165,0.4444444444444445
SNEoE1c-k64.001.1.jpg,0.6074766355140188,0.5416666666666666,0.4835164835164835,0.4174757281553398,0.6777777777777777
SNEoE1c-k64.001.2.jpg,0.6074766355140188,0.5416666666666666,0.4835164835164835,0.4174757281553398,0.6777777777777777
SNEoE1c-k64.001.3.jpg,0.6074766355140188,0.5416666666666666,0.4835164835164835,0.4174757281553398,0.6777777777777777
SNEoE1c-k64.001.4.jpg,0.6074766355140188,0.5416666666666666,0.4835164835164835,0.4174757281553398,0.6777777777777777
2TXrDZgbDHE.002.1.jpg,0.3177570093457944,0.39583333333333337,0.4175824175824176,0.3203883495145631,0.5555555555555556
2TXrDZgbDHE.002.2.jpg,0.3177570093457944,0.39583333333333337,0.4175824175824176,0.3203883495145631,0.5555555555555556
2TXrDZgbDHE.002.3.jpg,0.3177570093457944,0.39583333333333337,0.4175824175824176,0.3203883495145631,0.5555555555555556
2TXrDZgbDHE.002.4.jpg,0.3177570093457944,0.39583333333333337,0.4175824175824176,0.3203883495145631,0.5555555555555556
3wgZrRMosvY.000.1.jpg,0.7476635514018694,0.6354166666666666,0.6703296703296703,0.5436893203883495,0.7888888888888888
3wgZrRMosvY.000.2.jpg,0.7476635514018694,0.6354166666666666,0.6703296703296703,0.5436893203883495,0.7888888888888888
3wgZrRMosvY.000.3.jpg,0.7476635514018694,0.6354166666666666,0.6703296703296703,0.5436893203883495,0.7888888888888888
3wgZrRMosvY.000.4.jpg,0.7476635514018694,0.6354166666666666,0.6703296703296703,0.5436893203883495,0.7888888888888888
1hpZ2ecWqtI.000.1.jpg,0.7102803738317757,0.4895833333333333,0.6043956043956044,0.3883495145631068,0.5111111111111111
1hpZ2ecWqtI.000.2.jpg,0.7102803738317757,0.4895833333333333,0.6043956043956044,0.3883495145631068,0.5111111111111111
1hpZ2ecWqtI.000.3.jpg,0.7102803738317757,0.4895833333333333,0.6043956043956044,0.3883495145631068,0.5111111111111111
1hpZ2ecWqtI.000.4.jpg,0.7102803738317757,0.4895833333333333,0.6043956043956044,0.3883495145631068,0.5111111111111111
a84s1DYag-I.003.1.jpg,0.4299065420560748,0.5,0.6593406593406592,0.5631067961165048,0.4444444444444445
a84s1DYag-I.003.2.jpg,0.4299065420560748,0.5,0.6593406593406592,0.5631067961165048,0.4444444444444445
a84s1DYag-I.003.3.jpg,0.4299065420560748,0.5,0.6593406593406592,0.5631067961165048,0.4444444444444445
a84s1DYag-I.003.4.jpg,0.4299065420560748,0.5,0.6593406593406592,0.5631067961165048,0.4444444444444445
HrddpXxWFns.005.1.jpg,0.5140186915887851,0.6354166666666666,0.6593406593406592,0.5631067961165048,0.611111111111111
HrddpXxWFns.005.2.jpg,0.5140186915887851,0.6354166666666666,0.6593406593406592,0.5631067961165048,0.611111111111111
HrddpXxWFns.005.3.jpg,0.5140186915887851,0.6354166666666666,0.6593406593406592,0.5631067961165048,0.611111111111111
HrddpXxWFns.005.4.jpg,0.5140186915887851,0.6354166666666666,0.6593406593406592,0.5631067961165048,0.611111111111111
Zwu5Y5r3Lrs.000.1.jpg,0.47663551401869164,0.5729166666666666,0.5934065934065933,0.5922330097087379,0.6555555555555556
Zwu5Y5r3Lrs.000.2.jpg,0.47663551401869164,0.5729166666666666,0.5934065934065933,0.5922330097087379,0.6555555555555556
Zwu5Y5r3Lrs.000.3.jpg,0.47663551401869164,0.5729166666666666,0.5934065934065933,0.5922330097087379,0.6555555555555556
Zwu5Y5r3Lrs.000.4.jpg,0.47663551401869164,0.5729166666666666,0.5934065934065933,0.5922330097087379,0.6555555555555556
z6E5hLYhaZk.005.1.jpg,0.691588785046729,0.6770833333333334,0.6043956043956044,0.6601941747572816,0.7888888888888888
z6E5hLYhaZk.005.2.jpg,0.691588785046729,0.6770833333333334,0.6043956043956044,0.6601941747572816,0.7888888888888888
z6E5hLYhaZk.005.3.jpg,0.691588785046729,0.6770833333333334,0.6043956043956044,0.6601941747572816,0.7888888888888888
z6E5hLYhaZk.005.4.jpg,0.691588785046729,0.6770833333333334,0.6043956043956044,0.6601941747572816,0.7888888888888888
outvbZgNX58.005.1.jpg,0.7102803738317757,0.6145833333333333,0.7912087912087912,0.7378640776699029,0.5888888888888889
outvbZgNX58.005.2.jpg,0.7102803738317757,0.6145833333333333,0.7912087912087912,0.7378640776699029,0.5888888888888889
outvbZgNX58.005.3.jpg,0.7102803738317757,0.6145833333333333,0.7912087912087912,0.7378640776699029,0.5888888888888889
outvbZgNX58.005.4.jpg,0.7102803738317757,0.6145833333333333,0.7912087912087912,0.7378640776699029,0.5888888888888889
qoztP0w5-Vo.001.1.jpg,0.5607476635514019,0.6666666666666667,0.5604395604395604,0.47572815533980584,0.7555555555555554
qoztP0w5-Vo.001.2.jpg,0.5607476635514019,0.6666666666666667,0.5604395604395604,0.47572815533980584,0.7555555555555554
qoztP0w5-Vo.001.3.jpg,0.5607476635514019,0.6666666666666667,0.5604395604395604,0.47572815533980584,0.7555555555555554
qoztP0w5-Vo.001.4.jpg,0.5607476635514019,0.6666666666666667,0.5604395604395604,0.47572815533980584,0.7555555555555554
MCr6FmFAhak.003.1.jpg,0.4485981308411215,0.6145833333333333,0.6923076923076923,0.4854368932038835,0.6888888888888889
MCr6FmFAhak.003.2.jpg,0.4485981308411215,0.6145833333333333,0.6923076923076923,0.4854368932038835,0.6888888888888889
MCr6FmFAhak.003.3.jpg,0.4485981308411215,0.6145833333333333,0.6923076923076923,0.4854368932038835,0.6888888888888889
MCr6FmFAhak.003.4.jpg,0.4485981308411215,0.6145833333333333,0.6923076923076923,0.4854368932038835,0.6888888888888889
vfqYI2QmfeU.003.1.jpg,0.3271028037383178,0.3645833333333333,0.3846153846153846,0.27184466019417475,0.28888888888888886
vfqYI2QmfeU.003.2.jpg,0.3271028037383178,0.3645833333333333,0.3846153846153846,0.27184466019417475,0.28888888888888886
vfqYI2QmfeU.003.3.jpg,0.3271028037383178,0.3645833333333333,0.3846153846153846,0.27184466019417475,0.28888888888888886
vfqYI2QmfeU.003.4.jpg,0.3271028037383178,0.3645833333333333,0.3846153846153846,0.27184466019417475,0.28888888888888886
RQdZHLGGR_E.002.1.jpg,0.2897196261682243,0.4375,0.4285714285714285,0.5339805825242718,0.3777777777777778
RQdZHLGGR_E.002.2.jpg,0.2897196261682243,0.4375,0.4285714285714285,0.5339805825242718,0.3777777777777778
RQdZHLGGR_E.002.3.jpg,0.2897196261682243,0.4375,0.4285714285714285,0.5339805825242718,0.3777777777777778
RQdZHLGGR_E.002.4.jpg,0.2897196261682243,0.4375,0.4285714285714285,0.5339805825242718,0.3777777777777778
3K16KyiAZHw.003.1.jpg,0.36448598130841126,0.4895833333333333,0.5714285714285714,0.5242718446601942,0.5222222222222223
3K16KyiAZHw.003.2.jpg,0.36448598130841126,0.4895833333333333,0.5714285714285714,0.5242718446601942,0.5222222222222223
3K16KyiAZHw.003.3.jpg,0.36448598130841126,0.4895833333333333,0.5714285714285714,0.5242718446601942,0.5222222222222223
3K16KyiAZHw.003.4.jpg,0.36448598130841126,0.4895833333333333,0.5714285714285714,0.5242718446601942,0.5222222222222223
6tBnFWDqvJE.000.1.jpg,0.48598130841121495,0.46875,0.5604395604395604,0.6310679611650486,0.5888888888888889
6tBnFWDqvJE.000.2.jpg,0.48598130841121495,0.46875,0.5604395604395604,0.6310679611650486,0.5888888888888889
6tBnFWDqvJE.000.3.jpg,0.48598130841121495,0.46875,0.5604395604395604,0.6310679611650486,0.5888888888888889
6tBnFWDqvJE.000.4.jpg,0.48598130841121495,0.46875,0.5604395604395604,0.6310679611650486,0.5888888888888889
datcFOBWYxc.002.1.jpg,0.4205607476635514,0.5833333333333333,0.5604395604395604,0.3786407766990291,0.5333333333333333
datcFOBWYxc.002.2.jpg,0.4205607476635514,0.5833333333333333,0.5604395604395604,0.3786407766990291,0.5333333333333333
datcFOBWYxc.002.3.jpg,0.4205607476635514,0.5833333333333333,0.5604395604395604,0.3786407766990291,0.5333333333333333
datcFOBWYxc.002.4.jpg,0.4205607476635514,0.5833333333333333,0.5604395604395604,0.3786407766990291,0.5333333333333333
1CYzbX8AaP8.000.1.jpg,0.3457943925233645,0.35416666666666663,0.4725274725274725,0.3883495145631068,0.43333333333333335
1CYzbX8AaP8.000.2.jpg,0.3457943925233645,0.35416666666666663,0.4725274725274725,0.3883495145631068,0.43333333333333335
1CYzbX8AaP8.000.3.jpg,0.3457943925233645,0.35416666666666663,0.4725274725274725,0.3883495145631068,0.43333333333333335
1CYzbX8AaP8.000.4.jpg,0.3457943925233645,0.35416666666666663,0.4725274725274725,0.3883495145631068,0.43333333333333335
Bn5QwANp5LM.004.1.jpg,0.4112149532710281,0.4375,0.4725274725274725,0.5339805825242718,0.5555555555555556
Bn5QwANp5LM.004.2.jpg,0.4112149532710281,0.4375,0.4725274725274725,0.5339805825242718,0.5555555555555556
Bn5QwANp5LM.004.3.jpg,0.4112149532710281,0.4375,0.4725274725274725,0.5339805825242718,0.5555555555555556
Bn5QwANp5LM.004.4.jpg,0.4112149532710281,0.4375,0.4725274725274725,0.5339805825242718,0.5555555555555556
WUNXs4r_xCU.005.1.jpg,0.22429906542056074,0.5416666666666666,0.5274725274725275,0.5436893203883495,0.4888888888888889
WUNXs4r_xCU.005.2.jpg,0.22429906542056074,0.5416666666666666,0.5274725274725275,0.5436893203883495,0.4888888888888889
WUNXs4r_xCU.005.3.jpg,0.22429906542056074,0.5416666666666666,0.5274725274725275,0.5436893203883495,0.4888888888888889
WUNXs4r_xCU.005.4.jpg,0.22429906542056074,0.5416666666666666,0.5274725274725275,0.5436893203883495,0.4888888888888889
Rwsss8y1bf0.005.1.jpg,0.37383177570093457,0.59375,0.4615384615384615,0.4466019417475728,0.6
Rwsss8y1bf0.005.2.jpg,0.37383177570093457,0.59375,0.4615384615384615,0.4466019417475728,0.6
Rwsss8y1bf0.005.3.jpg,0.37383177570093457,0.59375,0.4615384615384615,0.4466019417475728,0.6
Rwsss8y1bf0.005.4.jpg,0.37383177570093457,0.59375,0.4615384615384615,0.4466019417475728,0.6
jrhvXPaXo-0.005.1.jpg,0.4112149532710281,0.45833333333333337,0.4285714285714285,0.4660194174757281,0.3555555555555556
jrhvXPaXo-0.005.2.jpg,0.4112149532710281,0.45833333333333337,0.4285714285714285,0.4660194174757281,0.3555555555555556
jrhvXPaXo-0.005.3.jpg,0.4112149532710281,0.45833333333333337,0.4285714285714285,0.4660194174757281,0.3555555555555556
jrhvXPaXo-0.005.4.jpg,0.4112149532710281,0.45833333333333337,0.4285714285714285,0.4660194174757281,0.3555555555555556
EaBCJB8LXdI.003.1.jpg,0.5981308411214954,0.59375,0.6813186813186812,0.4951456310679611,0.6777777777777777
EaBCJB8LXdI.003.2.jpg,0.5981308411214954,0.59375,0.6813186813186812,0.4951456310679611,0.6777777777777777
EaBCJB8LXdI.003.3.jpg,0.5981308411214954,0.59375,0.6813186813186812,0.4951456310679611,0.6777777777777777
EaBCJB8LXdI.003.4.jpg,0.5981308411214954,0.59375,0.6813186813186812,0.4951456310679611,0.6777777777777777
BS0wgLXqFgc.000.1.jpg,0.7757009345794394,0.7083333333333334,0.879120879120879,0.7475728155339806,0.8999999999999999
BS0wgLXqFgc.000.2.jpg,0.7757009345794394,0.7083333333333334,0.879120879120879,0.7475728155339806,0.8999999999999999
BS0wgLXqFgc.000.3.jpg,0.7757009345794394,0.7083333333333334,0.879120879120879,0.7475728155339806,0.8999999999999999
BS0wgLXqFgc.000.4.jpg,0.7757009345794394,0.7083333333333334,0.879120879120879,0.7475728155339806,0.8999999999999999
N5nIQZMW_ig.004.1.jpg,0.5140186915887851,0.4791666666666667,0.5714285714285714,0.5242718446601942,0.711111111111111
N5nIQZMW_ig.004.2.jpg,0.5140186915887851,0.4791666666666667,0.5714285714285714,0.5242718446601942,0.711111111111111
N5nIQZMW_ig.004.3.jpg,0.5140186915887851,0.4791666666666667,0.5714285714285714,0.5242718446601942,0.711111111111111
N5nIQZMW_ig.004.4.jpg,0.5140186915887851,0.4791666666666667,0.5714285714285714,0.5242718446601942,0.711111111111111
shtirfEzWFA.005.1.jpg,0.25233644859813087,0.25,0.4725274725274725,0.31067961165048547,0.4444444444444445
shtirfEzWFA.005.2.jpg,0.25233644859813087,0.25,0.4725274725274725,0.31067961165048547,0.4444444444444445
shtirfEzWFA.005.3.jpg,0.25233644859813087,0.25,0.4725274725274725,0.31067961165048547,0.4444444444444445
shtirfEzWFA.005.4.jpg,0.25233644859813087,0.25,0.4725274725274725,0.31067961165048547,0.4444444444444445
CwmYqA1yi0Q.004.1.jpg,0.47663551401869164,0.46875,0.6483516483516484,0.6213592233009709,0.6333333333333333
CwmYqA1yi0Q.004.2.jpg,0.47663551401869164,0.46875,0.6483516483516484,0.6213592233009709,0.6333333333333333
CwmYqA1yi0Q.004.3.jpg,0.47663551401869164,0.46875,0.6483516483516484,0.6213592233009709,0.6333333333333333
CwmYqA1yi0Q.004.4.jpg,0.47663551401869164,0.46875,0.6483516483516484,0.6213592233009709,0.6333333333333333
2x8GZaBY6TM.000.1.jpg,0.33644859813084116,0.42708333333333337,0.4505494505494505,0.42718446601941745,0.4444444444444445
2x8GZaBY6TM.000.2.jpg,0.33644859813084116,0.42708333333333337,0.4505494505494505,0.42718446601941745,0.4444444444444445
2x8GZaBY6TM.000.3.jpg,0.33644859813084116,0.42708333333333337,0.4505494505494505,0.42718446601941745,0.4444444444444445
2x8GZaBY6TM.000.4.jpg,0.33644859813084116,0.42708333333333337,0.4505494505494505,0.42718446601941745,0.4444444444444445
xrxAyO8pKUo.000.1.jpg,0.6822429906542057,0.7291666666666667,0.5934065934065933,0.5922330097087379,0.7999999999999999
xrxAyO8pKUo.000.2.jpg,0.6822429906542057,0.7291666666666667,0.5934065934065933,0.5922330097087379,0.7999999999999999
xrxAyO8pKUo.000.3.jpg,0.6822429906542057,0.7291666666666667,0.5934065934065933,0.5922330097087379,0.7999999999999999
xrxAyO8pKUo.000.4.jpg,0.6822429906542057,0.7291666666666667,0.5934065934065933,0.5922330097087379,0.7999999999999999
SPD5fXHVyIk.000.1.jpg,0.4018691588785047,0.3854166666666667,0.4285714285714285,0.5048543689320388,0.5777777777777777
SPD5fXHVyIk.000.2.jpg,0.4018691588785047,0.3854166666666667,0.4285714285714285,0.5048543689320388,0.5777777777777777
SPD5fXHVyIk.000.3.jpg,0.4018691588785047,0.3854166666666667,0.4285714285714285,0.5048543689320388,0.5777777777777777
SPD5fXHVyIk.000.4.jpg,0.4018691588785047,0.3854166666666667,0.4285714285714285,0.5048543689320388,0.5777777777777777
gZzB49daFfA.000.1.jpg,0.6822429906542057,0.7500000000000001,0.6593406593406592,0.7864077669902914,0.6333333333333333
gZzB49daFfA.000.2.jpg,0.6822429906542057,0.7500000000000001,0.6593406593406592,0.7864077669902914,0.6333333333333333
gZzB49daFfA.000.3.jpg,0.6822429906542057,0.7500000000000001,0.6593406593406592,0.7864077669902914,0.6333333333333333
gZzB49daFfA.000.4.jpg,0.6822429906542057,0.7500000000000001,0.6593406593406592,0.7864077669902914,0.6333333333333333
EHPZNxP5mN8.003.1.jpg,0.4672897196261683,0.6354166666666666,0.4505494505494505,0.5436893203883495,0.6333333333333333
EHPZNxP5mN8.003.2.jpg,0.4672897196261683,0.6354166666666666,0.4505494505494505,0.5436893203883495,0.6333333333333333
EHPZNxP5mN8.003.3.jpg,0.4672897196261683,0.6354166666666666,0.4505494505494505,0.5436893203883495,0.6333333333333333
EHPZNxP5mN8.003.4.jpg,0.4672897196261683,0.6354166666666666,0.4505494505494505,0.5436893203883495,0.6333333333333333
8hW6WfYBP18.004.1.jpg,0.4205607476635514,0.5625,0.5054945054945055,0.4466019417475728,0.5
8hW6WfYBP18.004.2.jpg,0.4205607476635514,0.5625,0.5054945054945055,0.4466019417475728,0.5
8hW6WfYBP18.004.3.jpg,0.4205607476635514,0.5625,0.5054945054945055,0.4466019417475728,0.5
8hW6WfYBP18.004.4.jpg,0.4205607476635514,0.5625,0.5054945054945055,0.4466019417475728,0.5
Ywfun1LIwOE.001.1.jpg,0.6168224299065421,0.6354166666666666,0.6703296703296703,0.6893203883495147,0.7333333333333333
Ywfun1LIwOE.001.2.jpg,0.6168224299065421,0.6354166666666666,0.6703296703296703,0.6893203883495147,0.7333333333333333
Ywfun1LIwOE.001.3.jpg,0.6168224299065421,0.6354166666666666,0.6703296703296703,0.6893203883495147,0.7333333333333333
Ywfun1LIwOE.001.4.jpg,0.6168224299065421,0.6354166666666666,0.6703296703296703,0.6893203883495147,0.7333333333333333
o7J2fWIJndQ.002.1.jpg,0.7289719626168225,0.8645833333333334,0.6153846153846153,0.6504854368932039,0.7777777777777777
o7J2fWIJndQ.002.2.jpg,0.7289719626168225,0.8645833333333334,0.6153846153846153,0.6504854368932039,0.7777777777777777
o7J2fWIJndQ.002.3.jpg,0.7289719626168225,0.8645833333333334,0.6153846153846153,0.6504854368932039,0.7777777777777777
o7J2fWIJndQ.002.4.jpg,0.7289719626168225,0.8645833333333334,0.6153846153846153,0.6504854368932039,0.7777777777777777
nLy7x9kXURM.001.1.jpg,0.7663551401869159,0.6979166666666666,0.6263736263736264,0.42718446601941745,0.711111111111111
nLy7x9kXURM.001.2.jpg,0.7663551401869159,0.6979166666666666,0.6263736263736264,0.42718446601941745,0.711111111111111
nLy7x9kXURM.001.3.jpg,0.7663551401869159,0.6979166666666666,0.6263736263736264,0.42718446601941745,0.711111111111111
nLy7x9kXURM.001.4.jpg,0.7663551401869159,0.6979166666666666,0.6263736263736264,0.42718446601941745,0.711111111111111
Y-_JeJoCjUo.004.1.jpg,0.6448598130841123,0.7187499999999999,0.5604395604395604,0.8155339805825244,0.711111111111111
Y-_JeJoCjUo.004.2.jpg,0.6448598130841123,0.7187499999999999,0.5604395604395604,0.8155339805825244,0.711111111111111
Y-_JeJoCjUo.004.3.jpg,0.6448598130841123,0.7187499999999999,0.5604395604395604,0.8155339805825244,0.711111111111111
Y-_JeJoCjUo.004.4.jpg,0.6448598130841123,0.7187499999999999,0.5604395604395604,0.8155339805825244,0.711111111111111
pkwzo1OkEmY.004.1.jpg,0.4953271028037384,0.53125,0.5494505494505494,0.4854368932038835,0.6
pkwzo1OkEmY.004.2.jpg,0.4953271028037384,0.53125,0.5494505494505494,0.4854368932038835,0.6
pkwzo1OkEmY.004.3.jpg,0.4953271028037384,0.53125,0.5494505494505494,0.4854368932038835,0.6
pkwzo1OkEmY.004.4.jpg,0.4953271028037384,0.53125,0.5494505494505494,0.4854368932038835,0.6
uRY3aJAaogw.000.1.jpg,0.29906542056074764,0.5208333333333334,0.6373626373626373,0.6796116504854369,0.4888888888888889
uRY3aJAaogw.000.2.jpg,0.29906542056074764,0.5208333333333334,0.6373626373626373,0.6796116504854369,0.4888888888888889
uRY3aJAaogw.000.3.jpg,0.29906542056074764,0.5208333333333334,0.6373626373626373,0.6796116504854369,0.4888888888888889
uRY3aJAaogw.000.4.jpg,0.29906542056074764,0.5208333333333334,0.6373626373626373,0.6796116504854369,0.4888888888888889
6NjuNY4LfQc.001.1.jpg,0.7009345794392524,0.7708333333333334,0.6373626373626373,0.5436893203883495,0.7777777777777777
6NjuNY4LfQc.001.2.jpg,0.7009345794392524,0.7708333333333334,0.6373626373626373,0.5436893203883495,0.7777777777777777
6NjuNY4LfQc.001.3.jpg,0.7009345794392524,0.7708333333333334,0.6373626373626373,0.5436893203883495,0.7777777777777777
6NjuNY4LfQc.001.4.jpg,0.7009345794392524,0.7708333333333334,0.6373626373626373,0.5436893203883495,0.7777777777777777
Vyktsh14Kww.003.1.jpg,0.6728971962616823,0.6666666666666667,0.6153846153846153,0.5242718446601942,0.6777777777777777
Vyktsh14Kww.003.2.jpg,0.6728971962616823,0.6666666666666667,0.6153846153846153,0.5242718446601942,0.6777777777777777
Vyktsh14Kww.003.3.jpg,0.6728971962616823,0.6666666666666667,0.6153846153846153,0.5242718446601942,0.6777777777777777
Vyktsh14Kww.003.4.jpg,0.6728971962616823,0.6666666666666667,0.6153846153846153,0.5242718446601942,0.6777777777777777
It0-yCwOc5k.005.1.jpg,0.36448598130841126,0.42708333333333337,0.5164835164835165,0.42718446601941745,0.43333333333333335
It0-yCwOc5k.005.2.jpg,0.36448598130841126,0.42708333333333337,0.5164835164835165,0.42718446601941745,0.43333333333333335
It0-yCwOc5k.005.3.jpg,0.36448598130841126,0.42708333333333337,0.5164835164835165,0.42718446601941745,0.43333333333333335
It0-yCwOc5k.005.4.jpg,0.36448598130841126,0.42708333333333337,0.5164835164835165,0.42718446601941745,0.43333333333333335
PHUlL5ZzX5U.003.1.jpg,0.09345794392523363,0.1666666666666666,0.18681318681318684,0.1941747572815534,0.3777777777777778
PHUlL5ZzX5U.003.2.jpg,0.09345794392523363,0.1666666666666666,0.18681318681318684,0.1941747572815534,0.3777777777777778
PHUlL5ZzX5U.003.3.jpg,0.09345794392523363,0.1666666666666666,0.18681318681318684,0.1941747572815534,0.3777777777777778
PHUlL5ZzX5U.003.4.jpg,0.09345794392523363,0.1666666666666666,0.18681318681318684,0.1941747572815534,0.3777777777777778
JEualxMkaE4.001.1.jpg,0.48598130841121495,0.5729166666666666,0.4395604395604395,0.4174757281553398,0.7
JEualxMkaE4.001.2.jpg,0.48598130841121495,0.5729166666666666,0.4395604395604395,0.4174757281553398,0.7
JEualxMkaE4.001.3.jpg,0.48598130841121495,0.5729166666666666,0.4395604395604395,0.4174757281553398,0.7
JEualxMkaE4.001.4.jpg,0.48598130841121495,0.5729166666666666,0.4395604395604395,0.4174757281553398,0.7
tomb22yfjTc.000.1.jpg,0.3271028037383178,0.4375,0.4285714285714285,0.35922330097087385,0.5333333333333333
tomb22yfjTc.000.2.jpg,0.3271028037383178,0.4375,0.4285714285714285,0.35922330097087385,0.5333333333333333
tomb22yfjTc.000.3.jpg,0.3271028037383178,0.4375,0.4285714285714285,0.35922330097087385,0.5333333333333333
tomb22yfjTc.000.4.jpg,0.3271028037383178,0.4375,0.4285714285714285,0.35922330097087385,0.5333333333333333
DfpKVl9Zpdg.002.1.jpg,0.4672897196261683,0.5104166666666666,0.5274725274725275,0.4077669902912622,0.45555555555555555
DfpKVl9Zpdg.002.2.jpg,0.4672897196261683,0.5104166666666666,0.5274725274725275,0.4077669902912622,0.45555555555555555
DfpKVl9Zpdg.002.3.jpg,0.4672897196261683,0.5104166666666666,0.5274725274725275,0.4077669902912622,0.45555555555555555
DfpKVl9Zpdg.002.4.jpg,0.4672897196261683,0.5104166666666666,0.5274725274725275,0.4077669902912622,0.45555555555555555
9c66Lb7e1BQ.001.1.jpg,0.7102803738317757,0.625,0.6483516483516484,0.5728155339805825,0.7
9c66Lb7e1BQ.001.2.jpg,0.7102803738317757,0.625,0.6483516483516484,0.5728155339805825,0.7
9c66Lb7e1BQ.001.3.jpg,0.7102803738317757,0.625,0.6483516483516484,0.5728155339805825,0.7
9c66Lb7e1BQ.001.4.jpg,0.7102803738317757,0.625,0.6483516483516484,0.5728155339805825,0.7
mAjagYWuT7A.005.1.jpg,0.663551401869159,0.5208333333333334,0.3956043956043956,0.6407766990291262,0.6777777777777777
mAjagYWuT7A.005.2.jpg,0.663551401869159,0.5208333333333334,0.3956043956043956,0.6407766990291262,0.6777777777777777
mAjagYWuT7A.005.3.jpg,0.663551401869159,0.5208333333333334,0.3956043956043956,0.6407766990291262,0.6777777777777777
mAjagYWuT7A.005.4.jpg,0.663551401869159,0.5208333333333334,0.3956043956043956,0.6407766990291262,0.6777777777777777
RtbBc9kI6tE.000.1.jpg,0.38317757009345793,0.29166666666666663,0.3626373626373627,0.4660194174757281,0.5555555555555556
RtbBc9kI6tE.000.2.jpg,0.38317757009345793,0.29166666666666663,0.3626373626373627,0.4660194174757281,0.5555555555555556
RtbBc9kI6tE.000.3.jpg,0.38317757009345793,0.29166666666666663,0.3626373626373627,0.4660194174757281,0.5555555555555556
RtbBc9kI6tE.000.4.jpg,0.38317757009345793,0.29166666666666663,0.3626373626373627,0.4660194174757281,0.5555555555555556
lkdQjIunxSE.005.1.jpg,0.588785046728972,0.6041666666666666,0.6263736263736264,0.6893203883495147,0.7777777777777777
lkdQjIunxSE.005.2.jpg,0.588785046728972,0.6041666666666666,0.6263736263736264,0.6893203883495147,0.7777777777777777
lkdQjIunxSE.005.3.jpg,0.588785046728972,0.6041666666666666,0.6263736263736264,0.6893203883495147,0.7777777777777777
lkdQjIunxSE.005.4.jpg,0.588785046728972,0.6041666666666666,0.6263736263736264,0.6893203883495147,0.7777777777777777
O7h-kf7hPIU.003.1.jpg,0.691588785046729,0.5625,0.4945054945054945,0.5825242718446602,0.7888888888888888
O7h-kf7hPIU.003.2.jpg,0.691588785046729,0.5625,0.4945054945054945,0.5825242718446602,0.7888888888888888
O7h-kf7hPIU.003.3.jpg,0.691588785046729,0.5625,0.4945054945054945,0.5825242718446602,0.7888888888888888
O7h-kf7hPIU.003.4.jpg,0.691588785046729,0.5625,0.4945054945054945,0.5825242718446602,0.7888888888888888
vHIBCKwJLEY.000.1.jpg,0.6261682242990655,0.5520833333333334,0.6043956043956044,0.4660194174757281,0.5444444444444444
vHIBCKwJLEY.000.2.jpg,0.6261682242990655,0.5520833333333334,0.6043956043956044,0.4660194174757281,0.5444444444444444
vHIBCKwJLEY.000.3.jpg,0.6261682242990655,0.5520833333333334,0.6043956043956044,0.4660194174757281,0.5444444444444444
vHIBCKwJLEY.000.4.jpg,0.6261682242990655,0.5520833333333334,0.6043956043956044,0.4660194174757281,0.5444444444444444
FNHMXPaHll0.000.1.jpg,0.7757009345794394,0.875,0.7142857142857143,0.7475728155339806,0.7333333333333333
FNHMXPaHll0.000.2.jpg,0.7757009345794394,0.875,0.7142857142857143,0.7475728155339806,0.7333333333333333
FNHMXPaHll0.000.3.jpg,0.7757009345794394,0.875,0.7142857142857143,0.7475728155339806,0.7333333333333333
FNHMXPaHll0.000.4.jpg,0.7757009345794394,0.875,0.7142857142857143,0.7475728155339806,0.7333333333333333
C0uc-2KrnnQ.003.1.jpg,0.6074766355140188,0.53125,0.5054945054945055,0.42718446601941745,0.4
C0uc-2KrnnQ.003.2.jpg,0.6074766355140188,0.53125,0.5054945054945055,0.42718446601941745,0.4
C0uc-2KrnnQ.003.3.jpg,0.6074766355140188,0.53125,0.5054945054945055,0.42718446601941745,0.4
C0uc-2KrnnQ.003.4.jpg,0.6074766355140188,0.53125,0.5054945054945055,0.42718446601941745,0.4
qLV1a_611kA.000.1.jpg,0.7476635514018694,0.8541666666666667,0.7582417582417583,0.6990291262135921,0.8666666666666667
qLV1a_611kA.000.2.jpg,0.7476635514018694,0.8541666666666667,0.7582417582417583,0.6990291262135921,0.8666666666666667
qLV1a_611kA.000.3.jpg,0.7476635514018694,0.8541666666666667,0.7582417582417583,0.6990291262135921,0.8666666666666667
qLV1a_611kA.000.4.jpg,0.7476635514018694,0.8541666666666667,0.7582417582417583,0.6990291262135921,0.8666666666666667
ZeGT9pSG734.005.1.jpg,0.6448598130841123,0.6145833333333333,0.6373626373626373,0.47572815533980584,0.6666666666666666
ZeGT9pSG734.005.2.jpg,0.6448598130841123,0.6145833333333333,0.6373626373626373,0.47572815533980584,0.6666666666666666
ZeGT9pSG734.005.3.jpg,0.6448598130841123,0.6145833333333333,0.6373626373626373,0.47572815533980584,0.6666666666666666
ZeGT9pSG734.005.4.jpg,0.6448598130841123,0.6145833333333333,0.6373626373626373,0.47572815533980584,0.6666666666666666
uqd_cEJMJ4o.002.1.jpg,0.4953271028037384,0.4479166666666667,0.5054945054945055,0.4466019417475728,0.5555555555555556
uqd_cEJMJ4o.002.2.jpg,0.4953271028037384,0.4479166666666667,0.5054945054945055,0.4466019417475728,0.5555555555555556
uqd_cEJMJ4o.002.3.jpg,0.4953271028037384,0.4479166666666667,0.5054945054945055,0.4466019417475728,0.5555555555555556
uqd_cEJMJ4o.002.4.jpg,0.4953271028037384,0.4479166666666667,0.5054945054945055,0.4466019417475728,0.5555555555555556
kdPRPO3wgg0.003.1.jpg,0.6168224299065421,0.6041666666666666,0.8021978021978021,0.5436893203883495,0.7
kdPRPO3wgg0.003.2.jpg,0.6168224299065421,0.6041666666666666,0.8021978021978021,0.5436893203883495,0.7
kdPRPO3wgg0.003.3.jpg,0.6168224299065421,0.6041666666666666,0.8021978021978021,0.5436893203883495,0.7
kdPRPO3wgg0.003.4.jpg,0.6168224299065421,0.6041666666666666,0.8021978021978021,0.5436893203883495,0.7
Jhz5ssCKaug.004.1.jpg,0.5046728971962617,0.5833333333333333,0.5494505494505494,0.4174757281553398,0.5222222222222223
Jhz5ssCKaug.004.2.jpg,0.5046728971962617,0.5833333333333333,0.5494505494505494,0.4174757281553398,0.5222222222222223
Jhz5ssCKaug.004.3.jpg,0.5046728971962617,0.5833333333333333,0.5494505494505494,0.4174757281553398,0.5222222222222223
Jhz5ssCKaug.004.4.jpg,0.5046728971962617,0.5833333333333333,0.5494505494505494,0.4174757281553398,0.5222222222222223
clMg72MI8rw.001.1.jpg,0.5607476635514019,0.6354166666666666,0.6923076923076923,0.6699029126213591,0.7
clMg72MI8rw.001.2.jpg,0.5607476635514019,0.6354166666666666,0.6923076923076923,0.6699029126213591,0.7
clMg72MI8rw.001.3.jpg,0.5607476635514019,0.6354166666666666,0.6923076923076923,0.6699029126213591,0.7
clMg72MI8rw.001.4.jpg,0.5607476635514019,0.6354166666666666,0.6923076923076923,0.6699029126213591,0.7
4lH5nLSwmoM.002.1.jpg,0.35514018691588783,0.34374999999999994,0.5384615384615384,0.5436893203883495,0.3777777777777778
4lH5nLSwmoM.002.2.jpg,0.35514018691588783,0.34374999999999994,0.5384615384615384,0.5436893203883495,0.3777777777777778
4lH5nLSwmoM.002.3.jpg,0.35514018691588783,0.34374999999999994,0.5384615384615384,0.5436893203883495,0.3777777777777778
4lH5nLSwmoM.002.4.jpg,0.35514018691588783,0.34374999999999994,0.5384615384615384,0.5436893203883495,0.3777777777777778
XQ3do4LDFv8.002.1.jpg,0.38317757009345793,0.37499999999999994,0.4285714285714285,0.3300970873786408,0.5888888888888889
XQ3do4LDFv8.002.2.jpg,0.38317757009345793,0.37499999999999994,0.4285714285714285,0.3300970873786408,0.5888888888888889
XQ3do4LDFv8.002.3.jpg,0.38317757009345793,0.37499999999999994,0.4285714285714285,0.3300970873786408,0.5888888888888889
XQ3do4LDFv8.002.4.jpg,0.38317757009345793,0.37499999999999994,0.4285714285714285,0.3300970873786408,0.5888888888888889
voXr6-ykd1w.001.1.jpg,0.5327102803738318,0.5416666666666666,0.5164835164835165,0.3495145631067961,0.6666666666666666
voXr6-ykd1w.001.2.jpg,0.5327102803738318,0.5416666666666666,0.5164835164835165,0.3495145631067961,0.6666666666666666
voXr6-ykd1w.001.3.jpg,0.5327102803738318,0.5416666666666666,0.5164835164835165,0.3495145631067961,0.6666666666666666
voXr6-ykd1w.001.4.jpg,0.5327102803738318,0.5416666666666666,0.5164835164835165,0.3495145631067961,0.6666666666666666
rGNeR3p1jKU.004.1.jpg,0.4299065420560748,0.42708333333333337,0.4615384615384615,0.5728155339805825,0.5888888888888889
rGNeR3p1jKU.004.2.jpg,0.4299065420560748,0.42708333333333337,0.4615384615384615,0.5728155339805825,0.5888888888888889
rGNeR3p1jKU.004.3.jpg,0.4299065420560748,0.42708333333333337,0.4615384615384615,0.5728155339805825,0.5888888888888889
rGNeR3p1jKU.004.4.jpg,0.4299065420560748,0.42708333333333337,0.4615384615384615,0.5728155339805825,0.5888888888888889
ukcUhZbkVBI.002.1.jpg,0.4112149532710281,0.25,0.4065934065934066,0.3300970873786408,0.45555555555555555
ukcUhZbkVBI.002.2.jpg,0.4112149532710281,0.25,0.4065934065934066,0.3300970873786408,0.45555555555555555
ukcUhZbkVBI.002.3.jpg,0.4112149532710281,0.25,0.4065934065934066,0.3300970873786408,0.45555555555555555
ukcUhZbkVBI.002.4.jpg,0.4112149532710281,0.25,0.4065934065934066,0.3300970873786408,0.45555555555555555
uDm7iZuX5DQ.001.1.jpg,0.4018691588785047,0.37499999999999994,0.4835164835164835,0.4174757281553398,0.3777777777777778
uDm7iZuX5DQ.001.2.jpg,0.4018691588785047,0.37499999999999994,0.4835164835164835,0.4174757281553398,0.3777777777777778
uDm7iZuX5DQ.001.3.jpg,0.4018691588785047,0.37499999999999994,0.4835164835164835,0.4174757281553398,0.3777777777777778
uDm7iZuX5DQ.001.4.jpg,0.4018691588785047,0.37499999999999994,0.4835164835164835,0.4174757281553398,0.3777777777777778
NhyVkwcZbTA.000.1.jpg,0.6728971962616823,0.6770833333333334,0.6923076923076923,0.6893203883495147,0.6333333333333333
NhyVkwcZbTA.000.2.jpg,0.6728971962616823,0.6770833333333334,0.6923076923076923,0.6893203883495147,0.6333333333333333
NhyVkwcZbTA.000.3.jpg,0.6728971962616823,0.6770833333333334,0.6923076923076923,0.6893203883495147,0.6333333333333333
NhyVkwcZbTA.000.4.jpg,0.6728971962616823,0.6770833333333334,0.6923076923076923,0.6893203883495147,0.6333333333333333
S-e9-bW4seo.003.1.jpg,0.5327102803738318,0.5416666666666666,0.6153846153846153,0.6990291262135921,0.45555555555555555
S-e9-bW4seo.003.2.jpg,0.5327102803738318,0.5416666666666666,0.6153846153846153,0.6990291262135921,0.45555555555555555
S-e9-bW4seo.003.3.jpg,0.5327102803738318,0.5416666666666666,0.6153846153846153,0.6990291262135921,0.45555555555555555
S-e9-bW4seo.003.4.jpg,0.5327102803738318,0.5416666666666666,0.6153846153846153,0.6990291262135921,0.45555555555555555
aFVFvJNnFt0.002.1.jpg,0.5700934579439253,0.39583333333333337,0.5824175824175825,0.3786407766990291,0.611111111111111
aFVFvJNnFt0.002.2.jpg,0.5700934579439253,0.39583333333333337,0.5824175824175825,0.3786407766990291,0.611111111111111
aFVFvJNnFt0.002.3.jpg,0.5700934579439253,0.39583333333333337,0.5824175824175825,0.3786407766990291,0.611111111111111
aFVFvJNnFt0.002.4.jpg,0.5700934579439253,0.39583333333333337,0.5824175824175825,0.3786407766990291,0.611111111111111
Zi7QHI_5ipU.002.1.jpg,0.5514018691588786,0.6875,0.6043956043956044,0.6407766990291262,0.6555555555555556
Zi7QHI_5ipU.002.2.jpg,0.5514018691588786,0.6875,0.6043956043956044,0.6407766990291262,0.6555555555555556
Zi7QHI_5ipU.002.3.jpg,0.5514018691588786,0.6875,0.6043956043956044,0.6407766990291262,0.6555555555555556
Zi7QHI_5ipU.002.4.jpg,0.5514018691588786,0.6875,0.6043956043956044,0.6407766990291262,0.6555555555555556
twO6ceVTuII.004.1.jpg,0.20560747663551404,0.3645833333333333,0.4615384615384615,0.27184466019417475,0.34444444444444444
twO6ceVTuII.004.2.jpg,0.20560747663551404,0.3645833333333333,0.4615384615384615,0.27184466019417475,0.34444444444444444
twO6ceVTuII.004.3.jpg,0.20560747663551404,0.3645833333333333,0.4615384615384615,0.27184466019417475,0.34444444444444444
twO6ceVTuII.004.4.jpg,0.20560747663551404,0.3645833333333333,0.4615384615384615,0.27184466019417475,0.34444444444444444
bSeTNdOtK7I.003.1.jpg,0.48598130841121495,0.5520833333333334,0.6483516483516484,0.5145631067961165,0.5666666666666667
bSeTNdOtK7I.003.2.jpg,0.48598130841121495,0.5520833333333334,0.6483516483516484,0.5145631067961165,0.5666666666666667
bSeTNdOtK7I.003.3.jpg,0.48598130841121495,0.5520833333333334,0.6483516483516484,0.5145631067961165,0.5666666666666667
bSeTNdOtK7I.003.4.jpg,0.48598130841121495,0.5520833333333334,0.6483516483516484,0.5145631067961165,0.5666666666666667
aptKaxP81xA.003.1.jpg,0.38317757009345793,0.5104166666666666,0.5274725274725275,0.7961165048543688,0.4444444444444445
aptKaxP81xA.003.2.jpg,0.38317757009345793,0.5104166666666666,0.5274725274725275,0.7961165048543688,0.4444444444444445
aptKaxP81xA.003.3.jpg,0.38317757009345793,0.5104166666666666,0.5274725274725275,0.7961165048543688,0.4444444444444445
aptKaxP81xA.003.4.jpg,0.38317757009345793,0.5104166666666666,0.5274725274725275,0.7961165048543688,0.4444444444444445
8XBprf4NyOg.003.1.jpg,0.17757009345794392,0.20833333333333331,0.25274725274725274,0.2524271844660194,0.32222222222222224
8XBprf4NyOg.003.2.jpg,0.17757009345794392,0.20833333333333331,0.25274725274725274,0.2524271844660194,0.32222222222222224
8XBprf4NyOg.003.3.jpg,0.17757009345794392,0.20833333333333331,0.25274725274725274,0.2524271844660194,0.32222222222222224
8XBprf4NyOg.003.4.jpg,0.17757009345794392,0.20833333333333331,0.25274725274725274,0.2524271844660194,0.32222222222222224
Sb1b8JMVhLs.001.1.jpg,0.5514018691588786,0.6354166666666666,0.6593406593406592,0.7087378640776699,0.6333333333333333
Sb1b8JMVhLs.001.2.jpg,0.5514018691588786,0.6354166666666666,0.6593406593406592,0.7087378640776699,0.6333333333333333
Sb1b8JMVhLs.001.3.jpg,0.5514018691588786,0.6354166666666666,0.6593406593406592,0.7087378640776699,0.6333333333333333
Sb1b8JMVhLs.001.4.jpg,0.5514018691588786,0.6354166666666666,0.6593406593406592,0.7087378640776699,0.6333333333333333
8n6G3V3-Tk8.001.1.jpg,0.38317757009345793,0.42708333333333337,0.4175824175824176,0.6893203883495147,0.6222222222222222
8n6G3V3-Tk8.001.2.jpg,0.38317757009345793,0.42708333333333337,0.4175824175824176,0.6893203883495147,0.6222222222222222
8n6G3V3-Tk8.001.3.jpg,0.38317757009345793,0.42708333333333337,0.4175824175824176,0.6893203883495147,0.6222222222222222
8n6G3V3-Tk8.001.4.jpg,0.38317757009345793,0.42708333333333337,0.4175824175824176,0.6893203883495147,0.6222222222222222
io0aNQE8En8.004.1.jpg,0.24299065420560748,0.21874999999999997,0.3956043956043956,0.2524271844660194,0.3
io0aNQE8En8.004.2.jpg,0.24299065420560748,0.21874999999999997,0.3956043956043956,0.2524271844660194,0.3
io0aNQE8En8.004.3.jpg,0.24299065420560748,0.21874999999999997,0.3956043956043956,0.2524271844660194,0.3
io0aNQE8En8.004.4.jpg,0.24299065420560748,0.21874999999999997,0.3956043956043956,0.2524271844660194,0.3
2r5NVi3SZ2I.003.1.jpg,0.7196261682242993,0.7916666666666667,0.7912087912087912,0.7864077669902914,0.7222222222222221
2r5NVi3SZ2I.003.2.jpg,0.7196261682242993,0.7916666666666667,0.7912087912087912,0.7864077669902914,0.7222222222222221
2r5NVi3SZ2I.003.3.jpg,0.7196261682242993,0.7916666666666667,0.7912087912087912,0.7864077669902914,0.7222222222222221
2r5NVi3SZ2I.003.4.jpg,0.7196261682242993,0.7916666666666667,0.7912087912087912,0.7864077669902914,0.7222222222222221
4lIbWq27O84.004.1.jpg,0.48598130841121495,0.6041666666666666,0.6483516483516484,0.5339805825242718,0.5666666666666667
4lIbWq27O84.004.2.jpg,0.48598130841121495,0.6041666666666666,0.6483516483516484,0.5339805825242718,0.5666666666666667
4lIbWq27O84.004.3.jpg,0.48598130841121495,0.6041666666666666,0.6483516483516484,0.5339805825242718,0.5666666666666667
4lIbWq27O84.004.4.jpg,0.48598130841121495,0.6041666666666666,0.6483516483516484,0.5339805825242718,0.5666666666666667
7Y4cUPFEt-4.001.1.jpg,0.691588785046729,0.6770833333333334,0.6593406593406592,0.6699029126213591,0.7999999999999999
7Y4cUPFEt-4.001.2.jpg,0.691588785046729,0.6770833333333334,0.6593406593406592,0.6699029126213591,0.7999999999999999
7Y4cUPFEt-4.001.3.jpg,0.691588785046729,0.6770833333333334,0.6593406593406592,0.6699029126213591,0.7999999999999999
7Y4cUPFEt-4.001.4.jpg,0.691588785046729,0.6770833333333334,0.6593406593406592,0.6699029126213591,0.7999999999999999
nUazOUcW_AM.002.1.jpg,0.47663551401869164,0.6875,0.5824175824175825,0.6990291262135921,0.711111111111111
nUazOUcW_AM.002.2.jpg,0.47663551401869164,0.6875,0.5824175824175825,0.6990291262135921,0.711111111111111
nUazOUcW_AM.002.3.jpg,0.47663551401869164,0.6875,0.5824175824175825,0.6990291262135921,0.711111111111111
nUazOUcW_AM.002.4.jpg,0.47663551401869164,0.6875,0.5824175824175825,0.6990291262135921,0.711111111111111
A7qb47cmxJo.004.1.jpg,0.47663551401869164,0.6041666666666666,0.6813186813186812,0.47572815533980584,0.5333333333333333
A7qb47cmxJo.004.2.jpg,0.47663551401869164,0.6041666666666666,0.6813186813186812,0.47572815533980584,0.5333333333333333
A7qb47cmxJo.004.3.jpg,0.47663551401869164,0.6041666666666666,0.6813186813186812,0.47572815533980584,0.5333333333333333
A7qb47cmxJo.004.4.jpg,0.47663551401869164,0.6041666666666666,0.6813186813186812,0.47572815533980584,0.5333333333333333
ibawV2tqKug.003.1.jpg,0.3177570093457944,0.2708333333333333,0.3956043956043956,0.3300970873786408,0.38888888888888895
ibawV2tqKug.003.2.jpg,0.3177570093457944,0.2708333333333333,0.3956043956043956,0.3300970873786408,0.38888888888888895
ibawV2tqKug.003.3.jpg,0.3177570093457944,0.2708333333333333,0.3956043956043956,0.3300970873786408,0.38888888888888895
ibawV2tqKug.003.4.jpg,0.3177570093457944,0.2708333333333333,0.3956043956043956,0.3300970873786408,0.38888888888888895
SRjhmQTPOmA.000.1.jpg,0.4672897196261683,0.5520833333333334,0.5384615384615384,0.5631067961165048,0.6555555555555556
SRjhmQTPOmA.000.2.jpg,0.4672897196261683,0.5520833333333334,0.5384615384615384,0.5631067961165048,0.6555555555555556
SRjhmQTPOmA.000.3.jpg,0.4672897196261683,0.5520833333333334,0.5384615384615384,0.5631067961165048,0.6555555555555556
SRjhmQTPOmA.000.4.jpg,0.4672897196261683,0.5520833333333334,0.5384615384615384,0.5631067961165048,0.6555555555555556
d9ekvXz64Mc.001.1.jpg,0.7570093457943926,0.65625,0.7032967032967032,0.6601941747572816,0.6888888888888889
d9ekvXz64Mc.001.2.jpg,0.7570093457943926,0.65625,0.7032967032967032,0.6601941747572816,0.6888888888888889
d9ekvXz64Mc.001.3.jpg,0.7570093457943926,0.65625,0.7032967032967032,0.6601941747572816,0.6888888888888889
d9ekvXz64Mc.001.4.jpg,0.7570093457943926,0.65625,0.7032967032967032,0.6601941747572816,0.6888888888888889
RhFPotjd0hM.005.1.jpg,0.4485981308411215,0.5104166666666666,0.5824175824175825,0.5728155339805825,0.5222222222222223
RhFPotjd0hM.005.2.jpg,0.4485981308411215,0.5104166666666666,0.5824175824175825,0.5728155339805825,0.5222222222222223
RhFPotjd0hM.005.3.jpg,0.4485981308411215,0.5104166666666666,0.5824175824175825,0.5728155339805825,0.5222222222222223
RhFPotjd0hM.005.4.jpg,0.4485981308411215,0.5104166666666666,0.5824175824175825,0.5728155339805825,0.5222222222222223
bcx6xr9Ja-8.002.1.jpg,0.28037383177570097,0.3645833333333333,0.5494505494505494,0.3495145631067961,0.34444444444444444
bcx6xr9Ja-8.002.2.jpg,0.28037383177570097,0.3645833333333333,0.5494505494505494,0.3495145631067961,0.34444444444444444
bcx6xr9Ja-8.002.3.jpg,0.28037383177570097,0.3645833333333333,0.5494505494505494,0.3495145631067961,0.34444444444444444
bcx6xr9Ja-8.002.4.jpg,0.28037383177570097,0.3645833333333333,0.5494505494505494,0.3495145631067961,0.34444444444444444
WTzDOt2GO1M.003.1.jpg,0.4018691588785047,0.4791666666666667,0.7142857142857143,0.3786407766990291,0.4444444444444445
WTzDOt2GO1M.003.2.jpg,0.4018691588785047,0.4791666666666667,0.7142857142857143,0.3786407766990291,0.4444444444444445
WTzDOt2GO1M.003.3.jpg,0.4018691588785047,0.4791666666666667,0.7142857142857143,0.3786407766990291,0.4444444444444445
WTzDOt2GO1M.003.4.jpg,0.4018691588785047,0.4791666666666667,0.7142857142857143,0.3786407766990291,0.4444444444444445
9QGTbcqb2tM.004.1.jpg,0.33644859813084116,0.4895833333333333,0.5824175824175825,0.42718446601941745,0.5666666666666667
9QGTbcqb2tM.004.2.jpg,0.33644859813084116,0.4895833333333333,0.5824175824175825,0.42718446601941745,0.5666666666666667
9QGTbcqb2tM.004.3.jpg,0.33644859813084116,0.4895833333333333,0.5824175824175825,0.42718446601941745,0.5666666666666667
9QGTbcqb2tM.004.4.jpg,0.33644859813084116,0.4895833333333333,0.5824175824175825,0.42718446601941745,0.5666666666666667
bkzgccBFztM.002.1.jpg,0.5233644859813085,0.5520833333333334,0.6373626373626373,0.6699029126213591,0.7333333333333333
bkzgccBFztM.002.2.jpg,0.5233644859813085,0.5520833333333334,0.6373626373626373,0.6699029126213591,0.7333333333333333
bkzgccBFztM.002.3.jpg,0.5233644859813085,0.5520833333333334,0.6373626373626373,0.6699029126213591,0.7333333333333333
bkzgccBFztM.002.4.jpg,0.5233644859813085,0.5520833333333334,0.6373626373626373,0.6699029126213591,0.7333333333333333
5KHOpRCxnwQ.001.1.jpg,0.5981308411214954,0.6041666666666666,0.5934065934065933,0.5631067961165048,0.6444444444444444
5KHOpRCxnwQ.001.2.jpg,0.5981308411214954,0.6041666666666666,0.5934065934065933,0.5631067961165048,0.6444444444444444
5KHOpRCxnwQ.001.3.jpg,0.5981308411214954,0.6041666666666666,0.5934065934065933,0.5631067961165048,0.6444444444444444
5KHOpRCxnwQ.001.4.jpg,0.5981308411214954,0.6041666666666666,0.5934065934065933,0.5631067961165048,0.6444444444444444
iW1t-ZiG2rc.002.1.jpg,0.5607476635514019,0.6875,0.7692307692307692,0.5922330097087379,0.6888888888888889
iW1t-ZiG2rc.002.2.jpg,0.5607476635514019,0.6875,0.7692307692307692,0.5922330097087379,0.6888888888888889
iW1t-ZiG2rc.002.3.jpg,0.5607476635514019,0.6875,0.7692307692307692,0.5922330097087379,0.6888888888888889
iW1t-ZiG2rc.002.4.jpg,0.5607476635514019,0.6875,0.7692307692307692,0.5922330097087379,0.6888888888888889
vNEs2yGe77s.005.1.jpg,0.29906542056074764,0.32291666666666663,0.3956043956043956,0.4077669902912622,0.5
vNEs2yGe77s.005.2.jpg,0.29906542056074764,0.32291666666666663,0.3956043956043956,0.4077669902912622,0.5
vNEs2yGe77s.005.3.jpg,0.29906542056074764,0.32291666666666663,0.3956043956043956,0.4077669902912622,0.5
vNEs2yGe77s.005.4.jpg,0.29906542056074764,0.32291666666666663,0.3956043956043956,0.4077669902912622,0.5
JKDEEwxZwrw.000.1.jpg,0.4018691588785047,0.4895833333333333,0.5604395604395604,0.5631067961165048,0.5666666666666667
JKDEEwxZwrw.000.2.jpg,0.4018691588785047,0.4895833333333333,0.5604395604395604,0.5631067961165048,0.5666666666666667
JKDEEwxZwrw.000.3.jpg,0.4018691588785047,0.4895833333333333,0.5604395604395604,0.5631067961165048,0.5666666666666667
JKDEEwxZwrw.000.4.jpg,0.4018691588785047,0.4895833333333333,0.5604395604395604,0.5631067961165048,0.5666666666666667
X9AEEGzWSU8.004.1.jpg,0.4672897196261683,0.4479166666666667,0.6153846153846153,0.5145631067961165,0.5666666666666667
X9AEEGzWSU8.004.2.jpg,0.4672897196261683,0.4479166666666667,0.6153846153846153,0.5145631067961165,0.5666666666666667
X9AEEGzWSU8.004.3.jpg,0.4672897196261683,0.4479166666666667,0.6153846153846153,0.5145631067961165,0.5666666666666667
X9AEEGzWSU8.004.4.jpg,0.4672897196261683,0.4479166666666667,0.6153846153846153,0.5145631067961165,0.5666666666666667
TPRQyuiNYmI.003.1.jpg,0.6168224299065421,0.625,0.6373626373626373,0.5825242718446602,0.6333333333333333
TPRQyuiNYmI.003.2.jpg,0.6168224299065421,0.625,0.6373626373626373,0.5825242718446602,0.6333333333333333
TPRQyuiNYmI.003.3.jpg,0.6168224299065421,0.625,0.6373626373626373,0.5825242718446602,0.6333333333333333
TPRQyuiNYmI.003.4.jpg,0.6168224299065421,0.625,0.6373626373626373,0.5825242718446602,0.6333333333333333
usG6pVxbQkw.004.1.jpg,0.16822429906542055,0.4791666666666667,0.3736263736263736,0.6504854368932039,0.3666666666666667
usG6pVxbQkw.004.2.jpg,0.16822429906542055,0.4791666666666667,0.3736263736263736,0.6504854368932039,0.3666666666666667
usG6pVxbQkw.004.3.jpg,0.16822429906542055,0.4791666666666667,0.3736263736263736,0.6504854368932039,0.3666666666666667
usG6pVxbQkw.004.4.jpg,0.16822429906542055,0.4791666666666667,0.3736263736263736,0.6504854368932039,0.3666666666666667
huIQlWsIEvY.002.1.jpg,0.3271028037383178,0.4375,0.4945054945054945,0.4563106796116505,0.4666666666666667
huIQlWsIEvY.002.2.jpg,0.3271028037383178,0.4375,0.4945054945054945,0.4563106796116505,0.4666666666666667
huIQlWsIEvY.002.3.jpg,0.3271028037383178,0.4375,0.4945054945054945,0.4563106796116505,0.4666666666666667
huIQlWsIEvY.002.4.jpg,0.3271028037383178,0.4375,0.4945054945054945,0.4563106796116505,0.4666666666666667
-PF2TG2loGc.002.1.jpg,0.5327102803738318,0.5833333333333333,0.6153846153846153,0.5728155339805825,0.6333333333333333
-PF2TG2loGc.002.2.jpg,0.5327102803738318,0.5833333333333333,0.6153846153846153,0.5728155339805825,0.6333333333333333
-PF2TG2loGc.002.3.jpg,0.5327102803738318,0.5833333333333333,0.6153846153846153,0.5728155339805825,0.6333333333333333
-PF2TG2loGc.002.4.jpg,0.5327102803738318,0.5833333333333333,0.6153846153846153,0.5728155339805825,0.6333333333333333
vAV6ovUKPDg.000.1.jpg,0.5420560747663552,0.5833333333333333,0.6813186813186812,0.6019417475728155,0.7
vAV6ovUKPDg.000.2.jpg,0.5420560747663552,0.5833333333333333,0.6813186813186812,0.6019417475728155,0.7
vAV6ovUKPDg.000.3.jpg,0.5420560747663552,0.5833333333333333,0.6813186813186812,0.6019417475728155,0.7
vAV6ovUKPDg.000.4.jpg,0.5420560747663552,0.5833333333333333,0.6813186813186812,0.6019417475728155,0.7
2WuhWF4fAOQ.000.1.jpg,0.5700934579439253,0.4791666666666667,0.5164835164835165,0.2621359223300971,0.5666666666666667
2WuhWF4fAOQ.000.2.jpg,0.5700934579439253,0.4791666666666667,0.5164835164835165,0.2621359223300971,0.5666666666666667
2WuhWF4fAOQ.000.3.jpg,0.5700934579439253,0.4791666666666667,0.5164835164835165,0.2621359223300971,0.5666666666666667
2WuhWF4fAOQ.000.4.jpg,0.5700934579439253,0.4791666666666667,0.5164835164835165,0.2621359223300971,0.5666666666666667
2HE6cw3HFPk.004.1.jpg,0.6355140186915887,0.6770833333333334,0.7362637362637363,0.6601941747572816,0.6777777777777777
2HE6cw3HFPk.004.2.jpg,0.6355140186915887,0.6770833333333334,0.7362637362637363,0.6601941747572816,0.6777777777777777
2HE6cw3HFPk.004.3.jpg,0.6355140186915887,0.6770833333333334,0.7362637362637363,0.6601941747572816,0.6777777777777777
2HE6cw3HFPk.004.4.jpg,0.6355140186915887,0.6770833333333334,0.7362637362637363,0.6601941747572816,0.6777777777777777
encC96iqr9Y.000.1.jpg,0.4205607476635514,0.5833333333333333,0.6043956043956044,0.6407766990291262,0.6222222222222222
encC96iqr9Y.000.2.jpg,0.4205607476635514,0.5833333333333333,0.6043956043956044,0.6407766990291262,0.6222222222222222
encC96iqr9Y.000.3.jpg,0.4205607476635514,0.5833333333333333,0.6043956043956044,0.6407766990291262,0.6222222222222222
encC96iqr9Y.000.4.jpg,0.4205607476635514,0.5833333333333333,0.6043956043956044,0.6407766990291262,0.6222222222222222
j6Rvmjjp7pU.003.1.jpg,0.6822429906542057,0.7083333333333334,0.6923076923076923,0.8932038834951456,0.611111111111111
j6Rvmjjp7pU.003.2.jpg,0.6822429906542057,0.7083333333333334,0.6923076923076923,0.8932038834951456,0.611111111111111
j6Rvmjjp7pU.003.3.jpg,0.6822429906542057,0.7083333333333334,0.6923076923076923,0.8932038834951456,0.611111111111111
j6Rvmjjp7pU.003.4.jpg,0.6822429906542057,0.7083333333333334,0.6923076923076923,0.8932038834951456,0.611111111111111
IQNNEfYYYiw.003.1.jpg,0.4953271028037384,0.45833333333333337,0.4175824175824176,0.4660194174757281,0.611111111111111
IQNNEfYYYiw.003.2.jpg,0.4953271028037384,0.45833333333333337,0.4175824175824176,0.4660194174757281,0.611111111111111
IQNNEfYYYiw.003.3.jpg,0.4953271028037384,0.45833333333333337,0.4175824175824176,0.4660194174757281,0.611111111111111
IQNNEfYYYiw.003.4.jpg,0.4953271028037384,0.45833333333333337,0.4175824175824176,0.4660194174757281,0.611111111111111
N7oR6_oMBFk.002.1.jpg,0.48598130841121495,0.53125,0.7032967032967032,0.5242718446601942,0.611111111111111
N7oR6_oMBFk.002.2.jpg,0.48598130841121495,0.53125,0.7032967032967032,0.5242718446601942,0.611111111111111
N7oR6_oMBFk.002.3.jpg,0.48598130841121495,0.53125,0.7032967032967032,0.5242718446601942,0.611111111111111
N7oR6_oMBFk.002.4.jpg,0.48598130841121495,0.53125,0.7032967032967032,0.5242718446601942,0.611111111111111
WZnLayQeIZ0.002.1.jpg,0.7476635514018694,0.5729166666666666,0.6373626373626373,0.42718446601941745,0.5888888888888889
WZnLayQeIZ0.002.2.jpg,0.7476635514018694,0.5729166666666666,0.6373626373626373,0.42718446601941745,0.5888888888888889
WZnLayQeIZ0.002.3.jpg,0.7476635514018694,0.5729166666666666,0.6373626373626373,0.42718446601941745,0.5888888888888889
WZnLayQeIZ0.002.4.jpg,0.7476635514018694,0.5729166666666666,0.6373626373626373,0.42718446601941745,0.5888888888888889
XhgDsQlEnuU.005.1.jpg,0.4953271028037384,0.625,0.5604395604395604,0.6407766990291262,0.7777777777777777
XhgDsQlEnuU.005.2.jpg,0.4953271028037384,0.625,0.5604395604395604,0.6407766990291262,0.7777777777777777
XhgDsQlEnuU.005.3.jpg,0.4953271028037384,0.625,0.5604395604395604,0.6407766990291262,0.7777777777777777
XhgDsQlEnuU.005.4.jpg,0.4953271028037384,0.625,0.5604395604395604,0.6407766990291262,0.7777777777777777
19pTUX8KfYM.004.1.jpg,0.5420560747663552,0.53125,0.7362637362637363,0.7864077669902914,0.6222222222222222
19pTUX8KfYM.004.2.jpg,0.5420560747663552,0.53125,0.7362637362637363,0.7864077669902914,0.6222222222222222
19pTUX8KfYM.004.3.jpg,0.5420560747663552,0.53125,0.7362637362637363,0.7864077669902914,0.6222222222222222
19pTUX8KfYM.004.4.jpg,0.5420560747663552,0.53125,0.7362637362637363,0.7864077669902914,0.6222222222222222
KJP4SKS2vtY.005.1.jpg,0.5607476635514019,0.5,0.6593406593406592,0.4368932038834952,0.6333333333333333
KJP4SKS2vtY.005.2.jpg,0.5607476635514019,0.5,0.6593406593406592,0.4368932038834952,0.6333333333333333
KJP4SKS2vtY.005.3.jpg,0.5607476635514019,0.5,0.6593406593406592,0.4368932038834952,0.6333333333333333
KJP4SKS2vtY.005.4.jpg,0.5607476635514019,0.5,0.6593406593406592,0.4368932038834952,0.6333333333333333
PYL8BGJKu20.000.1.jpg,0.48598130841121495,0.59375,0.5384615384615384,0.4951456310679611,0.6333333333333333
PYL8BGJKu20.000.2.jpg,0.48598130841121495,0.59375,0.5384615384615384,0.4951456310679611,0.6333333333333333
PYL8BGJKu20.000.3.jpg,0.48598130841121495,0.59375,0.5384615384615384,0.4951456310679611,0.6333333333333333
PYL8BGJKu20.000.4.jpg,0.48598130841121495,0.59375,0.5384615384615384,0.4951456310679611,0.6333333333333333
fBcc1UMtZME.000.1.jpg,0.5794392523364487,0.65625,0.5604395604395604,0.5922330097087379,0.5333333333333333
fBcc1UMtZME.000.2.jpg,0.5794392523364487,0.65625,0.5604395604395604,0.5922330097087379,0.5333333333333333
fBcc1UMtZME.000.3.jpg,0.5794392523364487,0.65625,0.5604395604395604,0.5922330097087379,0.5333333333333333
fBcc1UMtZME.000.4.jpg,0.5794392523364487,0.65625,0.5604395604395604,0.5922330097087379,0.5333333333333333
QKcx5msA7iA.001.1.jpg,0.7383177570093458,0.8125000000000001,0.5494505494505494,0.8058252427184466,0.811111111111111
QKcx5msA7iA.001.2.jpg,0.7383177570093458,0.8125000000000001,0.5494505494505494,0.8058252427184466,0.811111111111111
QKcx5msA7iA.001.3.jpg,0.7383177570093458,0.8125000000000001,0.5494505494505494,0.8058252427184466,0.811111111111111
QKcx5msA7iA.001.4.jpg,0.7383177570093458,0.8125000000000001,0.5494505494505494,0.8058252427184466,0.811111111111111
okdZnQbLnf8.003.1.jpg,0.4112149532710281,0.35416666666666663,0.5494505494505494,0.5145631067961165,0.5444444444444444
okdZnQbLnf8.003.2.jpg,0.4112149532710281,0.35416666666666663,0.5494505494505494,0.5145631067961165,0.5444444444444444
okdZnQbLnf8.003.3.jpg,0.4112149532710281,0.35416666666666663,0.5494505494505494,0.5145631067961165,0.5444444444444444
okdZnQbLnf8.003.4.jpg,0.4112149532710281,0.35416666666666663,0.5494505494505494,0.5145631067961165,0.5444444444444444
BStHNKV820Q.000.1.jpg,0.588785046728972,0.6145833333333333,0.6593406593406592,0.6990291262135921,0.711111111111111
BStHNKV820Q.000.2.jpg,0.588785046728972,0.6145833333333333,0.6593406593406592,0.6990291262135921,0.711111111111111
BStHNKV820Q.000.3.jpg,0.588785046728972,0.6145833333333333,0.6593406593406592,0.6990291262135921,0.711111111111111
BStHNKV820Q.000.4.jpg,0.588785046728972,0.6145833333333333,0.6593406593406592,0.6990291262135921,0.711111111111111
7u0o63Z7q9E.000.1.jpg,0.7289719626168225,0.6979166666666666,0.835164835164835,0.7572815533980582,0.7888888888888888
7u0o63Z7q9E.000.2.jpg,0.7289719626168225,0.6979166666666666,0.835164835164835,0.7572815533980582,0.7888888888888888
7u0o63Z7q9E.000.3.jpg,0.7289719626168225,0.6979166666666666,0.835164835164835,0.7572815533980582,0.7888888888888888
7u0o63Z7q9E.000.4.jpg,0.7289719626168225,0.6979166666666666,0.835164835164835,0.7572815533980582,0.7888888888888888
IMCEXoAkZv4.004.1.jpg,0.663551401869159,0.8125000000000001,0.824175824175824,0.970873786407767,0.7555555555555554
IMCEXoAkZv4.004.2.jpg,0.663551401869159,0.8125000000000001,0.824175824175824,0.970873786407767,0.7555555555555554
IMCEXoAkZv4.004.3.jpg,0.663551401869159,0.8125000000000001,0.824175824175824,0.970873786407767,0.7555555555555554
IMCEXoAkZv4.004.4.jpg,0.663551401869159,0.8125000000000001,0.824175824175824,0.970873786407767,0.7555555555555554
YGrCXe2-fVk.005.1.jpg,0.4205607476635514,0.4895833333333333,0.5054945054945055,0.5048543689320388,0.6333333333333333
YGrCXe2-fVk.005.2.jpg,0.4205607476635514,0.4895833333333333,0.5054945054945055,0.5048543689320388,0.6333333333333333
YGrCXe2-fVk.005.3.jpg,0.4205607476635514,0.4895833333333333,0.5054945054945055,0.5048543689320388,0.6333333333333333
YGrCXe2-fVk.005.4.jpg,0.4205607476635514,0.4895833333333333,0.5054945054945055,0.5048543689320388,0.6333333333333333
fsaslN7xV-w.003.1.jpg,0.2149532710280374,0.3020833333333333,0.32967032967032966,0.0970873786407767,0.43333333333333335
fsaslN7xV-w.003.2.jpg,0.2149532710280374,0.3020833333333333,0.32967032967032966,0.0970873786407767,0.43333333333333335
fsaslN7xV-w.003.3.jpg,0.2149532710280374,0.3020833333333333,0.32967032967032966,0.0970873786407767,0.43333333333333335
fsaslN7xV-w.003.4.jpg,0.2149532710280374,0.3020833333333333,0.32967032967032966,0.0970873786407767,0.43333333333333335
_ztmNiy8D3c.002.1.jpg,0.25233644859813087,0.3125,0.5164835164835165,0.3786407766990291,0.4222222222222222
_ztmNiy8D3c.002.2.jpg,0.25233644859813087,0.3125,0.5164835164835165,0.3786407766990291,0.4222222222222222
_ztmNiy8D3c.002.3.jpg,0.25233644859813087,0.3125,0.5164835164835165,0.3786407766990291,0.4222222222222222
_ztmNiy8D3c.002.4.jpg,0.25233644859813087,0.3125,0.5164835164835165,0.3786407766990291,0.4222222222222222
mfcs3Ta49K8.000.1.jpg,0.588785046728972,0.6041666666666666,0.6923076923076923,0.6699029126213591,0.5666666666666667
mfcs3Ta49K8.000.2.jpg,0.588785046728972,0.6041666666666666,0.6923076923076923,0.6699029126213591,0.5666666666666667
mfcs3Ta49K8.000.3.jpg,0.588785046728972,0.6041666666666666,0.6923076923076923,0.6699029126213591,0.5666666666666667
mfcs3Ta49K8.000.4.jpg,0.588785046728972,0.6041666666666666,0.6923076923076923,0.6699029126213591,0.5666666666666667
9z5cV1ANYwE.005.1.jpg,0.4299065420560748,0.42708333333333337,0.3516483516483516,0.5825242718446602,0.45555555555555555
9z5cV1ANYwE.005.2.jpg,0.4299065420560748,0.42708333333333337,0.3516483516483516,0.5825242718446602,0.45555555555555555
9z5cV1ANYwE.005.3.jpg,0.4299065420560748,0.42708333333333337,0.3516483516483516,0.5825242718446602,0.45555555555555555
9z5cV1ANYwE.005.4.jpg,0.4299065420560748,0.42708333333333337,0.3516483516483516,0.5825242718446602,0.45555555555555555
vhugKRUnd-c.003.1.jpg,0.26168224299065423,0.35416666666666663,0.4945054945054945,0.5922330097087379,0.5222222222222223
vhugKRUnd-c.003.2.jpg,0.26168224299065423,0.35416666666666663,0.4945054945054945,0.5922330097087379,0.5222222222222223
vhugKRUnd-c.003.3.jpg,0.26168224299065423,0.35416666666666663,0.4945054945054945,0.5922330097087379,0.5222222222222223
vhugKRUnd-c.003.4.jpg,0.26168224299065423,0.35416666666666663,0.4945054945054945,0.5922330097087379,0.5222222222222223
1pMNczHCXPc.000.1.jpg,0.4112149532710281,0.37499999999999994,0.4615384615384615,0.31067961165048547,0.6888888888888889
1pMNczHCXPc.000.2.jpg,0.4112149532710281,0.37499999999999994,0.4615384615384615,0.31067961165048547,0.6888888888888889
1pMNczHCXPc.000.3.jpg,0.4112149532710281,0.37499999999999994,0.4615384615384615,0.31067961165048547,0.6888888888888889
1pMNczHCXPc.000.4.jpg,0.4112149532710281,0.37499999999999994,0.4615384615384615,0.31067961165048547,0.6888888888888889
8e4nnel_x-M.004.1.jpg,0.4579439252336449,0.6458333333333333,0.5054945054945055,0.6019417475728155,0.5666666666666667
8e4nnel_x-M.004.2.jpg,0.4579439252336449,0.6458333333333333,0.5054945054945055,0.6019417475728155,0.5666666666666667
8e4nnel_x-M.004.3.jpg,0.4579439252336449,0.6458333333333333,0.5054945054945055,0.6019417475728155,0.5666666666666667
8e4nnel_x-M.004.4.jpg,0.4579439252336449,0.6458333333333333,0.5054945054945055,0.6019417475728155,0.5666666666666667
wy1szFSVpEI.003.1.jpg,0.4205607476635514,0.4895833333333333,0.4725274725274725,0.4563106796116505,0.45555555555555555
wy1szFSVpEI.003.2.jpg,0.4205607476635514,0.4895833333333333,0.4725274725274725,0.4563106796116505,0.45555555555555555
wy1szFSVpEI.003.3.jpg,0.4205607476635514,0.4895833333333333,0.4725274725274725,0.4563106796116505,0.45555555555555555
wy1szFSVpEI.003.4.jpg,0.4205607476635514,0.4895833333333333,0.4725274725274725,0.4563106796116505,0.45555555555555555
oVSMxtPpQ0M.004.1.jpg,0.4953271028037384,0.6770833333333334,0.7582417582417583,0.4951456310679611,0.6666666666666666
oVSMxtPpQ0M.004.2.jpg,0.4953271028037384,0.6770833333333334,0.7582417582417583,0.4951456310679611,0.6666666666666666
oVSMxtPpQ0M.004.3.jpg,0.4953271028037384,0.6770833333333334,0.7582417582417583,0.4951456310679611,0.6666666666666666
oVSMxtPpQ0M.004.4.jpg,0.4953271028037384,0.6770833333333334,0.7582417582417583,0.4951456310679611,0.6666666666666666
xYXVkQOmSfk.001.1.jpg,0.4579439252336449,0.6041666666666666,0.6263736263736264,0.4854368932038835,0.4888888888888889
xYXVkQOmSfk.001.2.jpg,0.4579439252336449,0.6041666666666666,0.6263736263736264,0.4854368932038835,0.4888888888888889
xYXVkQOmSfk.001.3.jpg,0.4579439252336449,0.6041666666666666,0.6263736263736264,0.4854368932038835,0.4888888888888889
xYXVkQOmSfk.001.4.jpg,0.4579439252336449,0.6041666666666666,0.6263736263736264,0.4854368932038835,0.4888888888888889
VZ6jhnbk-5g.000.1.jpg,0.8878504672897197,0.8333333333333334,0.857142857142857,0.7475728155339806,0.811111111111111
VZ6jhnbk-5g.000.2.jpg,0.8878504672897197,0.8333333333333334,0.857142857142857,0.7475728155339806,0.811111111111111
VZ6jhnbk-5g.000.3.jpg,0.8878504672897197,0.8333333333333334,0.857142857142857,0.7475728155339806,0.811111111111111
VZ6jhnbk-5g.000.4.jpg,0.8878504672897197,0.8333333333333334,0.857142857142857,0.7475728155339806,0.811111111111111
2HU92Hfx8Lo.000.1.jpg,0.7289719626168225,0.6979166666666666,0.7472527472527474,0.6990291262135921,0.7333333333333333
2HU92Hfx8Lo.000.2.jpg,0.7289719626168225,0.6979166666666666,0.7472527472527474,0.6990291262135921,0.7333333333333333
2HU92Hfx8Lo.000.3.jpg,0.7289719626168225,0.6979166666666666,0.7472527472527474,0.6990291262135921,0.7333333333333333
2HU92Hfx8Lo.000.4.jpg,0.7289719626168225,0.6979166666666666,0.7472527472527474,0.6990291262135921,0.7333333333333333
8gvBbE6iZNo.004.1.jpg,0.36448598130841126,0.6875,0.6483516483516484,0.8543689320388351,0.4888888888888889
8gvBbE6iZNo.004.2.jpg,0.36448598130841126,0.6875,0.6483516483516484,0.8543689320388351,0.4888888888888889
8gvBbE6iZNo.004.3.jpg,0.36448598130841126,0.6875,0.6483516483516484,0.8543689320388351,0.4888888888888889
8gvBbE6iZNo.004.4.jpg,0.36448598130841126,0.6875,0.6483516483516484,0.8543689320388351,0.4888888888888889
8AnIttmflwI.000.1.jpg,0.5327102803738318,0.5729166666666666,0.6373626373626373,0.5533980582524272,0.5111111111111111
8AnIttmflwI.000.2.jpg,0.5327102803738318,0.5729166666666666,0.6373626373626373,0.5533980582524272,0.5111111111111111
8AnIttmflwI.000.3.jpg,0.5327102803738318,0.5729166666666666,0.6373626373626373,0.5533980582524272,0.5111111111111111
8AnIttmflwI.000.4.jpg,0.5327102803738318,0.5729166666666666,0.6373626373626373,0.5533980582524272,0.5111111111111111
grhDDOLsBho.001.1.jpg,0.3457943925233645,0.42708333333333337,0.4945054945054945,0.35922330097087385,0.5333333333333333
grhDDOLsBho.001.2.jpg,0.3457943925233645,0.42708333333333337,0.4945054945054945,0.35922330097087385,0.5333333333333333
grhDDOLsBho.001.3.jpg,0.3457943925233645,0.42708333333333337,0.4945054945054945,0.35922330097087385,0.5333333333333333
grhDDOLsBho.001.4.jpg,0.3457943925233645,0.42708333333333337,0.4945054945054945,0.35922330097087385,0.5333333333333333
o6xswp0D8tc.003.1.jpg,0.11214953271028037,0.34374999999999994,0.31868131868131866,0.33980582524271846,0.2777777777777778
o6xswp0D8tc.003.2.jpg,0.11214953271028037,0.34374999999999994,0.31868131868131866,0.33980582524271846,0.2777777777777778
o6xswp0D8tc.003.3.jpg,0.11214953271028037,0.34374999999999994,0.31868131868131866,0.33980582524271846,0.2777777777777778
o6xswp0D8tc.003.4.jpg,0.11214953271028037,0.34374999999999994,0.31868131868131866,0.33980582524271846,0.2777777777777778
5hFRSHAis2E.004.1.jpg,0.5233644859813085,0.5416666666666666,0.7692307692307692,0.6504854368932039,0.7666666666666666
5hFRSHAis2E.004.2.jpg,0.5233644859813085,0.5416666666666666,0.7692307692307692,0.6504854368932039,0.7666666666666666
5hFRSHAis2E.004.3.jpg,0.5233644859813085,0.5416666666666666,0.7692307692307692,0.6504854368932039,0.7666666666666666
5hFRSHAis2E.004.4.jpg,0.5233644859813085,0.5416666666666666,0.7692307692307692,0.6504854368932039,0.7666666666666666
Se3Gts4u1vs.003.1.jpg,0.5233644859813085,0.7187499999999999,0.6373626373626373,0.7281553398058251,0.6777777777777777
Se3Gts4u1vs.003.2.jpg,0.5233644859813085,0.7187499999999999,0.6373626373626373,0.7281553398058251,0.6777777777777777
Se3Gts4u1vs.003.3.jpg,0.5233644859813085,0.7187499999999999,0.6373626373626373,0.7281553398058251,0.6777777777777777
Se3Gts4u1vs.003.4.jpg,0.5233644859813085,0.7187499999999999,0.6373626373626373,0.7281553398058251,0.6777777777777777
rD6NViDdyOU.000.1.jpg,0.5420560747663552,0.65625,0.6043956043956044,0.3786407766990291,0.5777777777777777
rD6NViDdyOU.000.2.jpg,0.5420560747663552,0.65625,0.6043956043956044,0.3786407766990291,0.5777777777777777
rD6NViDdyOU.000.3.jpg,0.5420560747663552,0.65625,0.6043956043956044,0.3786407766990291,0.5777777777777777
rD6NViDdyOU.000.4.jpg,0.5420560747663552,0.65625,0.6043956043956044,0.3786407766990291,0.5777777777777777
K-Z_mLE8nlo.001.1.jpg,0.6728971962616823,0.5625,0.6813186813186812,0.6601941747572816,0.6222222222222222
K-Z_mLE8nlo.001.2.jpg,0.6728971962616823,0.5625,0.6813186813186812,0.6601941747572816,0.6222222222222222
K-Z_mLE8nlo.001.3.jpg,0.6728971962616823,0.5625,0.6813186813186812,0.6601941747572816,0.6222222222222222
K-Z_mLE8nlo.001.4.jpg,0.6728971962616823,0.5625,0.6813186813186812,0.6601941747572816,0.6222222222222222
DogbMnh5k0o.004.1.jpg,0.4579439252336449,0.6041666666666666,0.6153846153846153,0.5728155339805825,0.41111111111111115
DogbMnh5k0o.004.2.jpg,0.4579439252336449,0.6041666666666666,0.6153846153846153,0.5728155339805825,0.41111111111111115
DogbMnh5k0o.004.3.jpg,0.4579439252336449,0.6041666666666666,0.6153846153846153,0.5728155339805825,0.41111111111111115
DogbMnh5k0o.004.4.jpg,0.4579439252336449,0.6041666666666666,0.6153846153846153,0.5728155339805825,0.41111111111111115
QiR6yJbFCfM.003.1.jpg,0.38317757009345793,0.4895833333333333,0.5934065934065933,0.5533980582524272,0.5444444444444444
QiR6yJbFCfM.003.2.jpg,0.38317757009345793,0.4895833333333333,0.5934065934065933,0.5533980582524272,0.5444444444444444
QiR6yJbFCfM.003.3.jpg,0.38317757009345793,0.4895833333333333,0.5934065934065933,0.5533980582524272,0.5444444444444444
QiR6yJbFCfM.003.4.jpg,0.38317757009345793,0.4895833333333333,0.5934065934065933,0.5533980582524272,0.5444444444444444
xVJDjbiIjTo.003.1.jpg,0.5046728971962617,0.5416666666666666,0.4505494505494505,0.33980582524271846,0.5888888888888889
xVJDjbiIjTo.003.2.jpg,0.5046728971962617,0.5416666666666666,0.4505494505494505,0.33980582524271846,0.5888888888888889
xVJDjbiIjTo.003.3.jpg,0.5046728971962617,0.5416666666666666,0.4505494505494505,0.33980582524271846,0.5888888888888889
xVJDjbiIjTo.003.4.jpg,0.5046728971962617,0.5416666666666666,0.4505494505494505,0.33980582524271846,0.5888888888888889
YygvfVxOWP8.002.1.jpg,0.6074766355140188,0.625,0.7252747252747254,0.8252427184466018,0.611111111111111
YygvfVxOWP8.002.2.jpg,0.6074766355140188,0.625,0.7252747252747254,0.8252427184466018,0.611111111111111
YygvfVxOWP8.002.3.jpg,0.6074766355140188,0.625,0.7252747252747254,0.8252427184466018,0.611111111111111
YygvfVxOWP8.002.4.jpg,0.6074766355140188,0.625,0.7252747252747254,0.8252427184466018,0.611111111111111
datcFOBWYxc.000.1.jpg,0.4485981308411215,0.6458333333333333,0.6373626373626373,0.5436893203883495,0.6
datcFOBWYxc.000.2.jpg,0.4485981308411215,0.6458333333333333,0.6373626373626373,0.5436893203883495,0.6
datcFOBWYxc.000.3.jpg,0.4485981308411215,0.6458333333333333,0.6373626373626373,0.5436893203883495,0.6
datcFOBWYxc.000.4.jpg,0.4485981308411215,0.6458333333333333,0.6373626373626373,0.5436893203883495,0.6
Y9wnqLKhNNI.002.1.jpg,0.6355140186915887,0.7604166666666666,0.7802197802197802,0.8543689320388351,0.7555555555555554
Y9wnqLKhNNI.002.2.jpg,0.6355140186915887,0.7604166666666666,0.7802197802197802,0.8543689320388351,0.7555555555555554
Y9wnqLKhNNI.002.3.jpg,0.6355140186915887,0.7604166666666666,0.7802197802197802,0.8543689320388351,0.7555555555555554
Y9wnqLKhNNI.002.4.jpg,0.6355140186915887,0.7604166666666666,0.7802197802197802,0.8543689320388351,0.7555555555555554
fk_ggmC872E.004.1.jpg,0.5607476635514019,0.7187499999999999,0.5604395604395604,0.6116504854368932,0.7666666666666666
fk_ggmC872E.004.2.jpg,0.5607476635514019,0.7187499999999999,0.5604395604395604,0.6116504854368932,0.7666666666666666
fk_ggmC872E.004.3.jpg,0.5607476635514019,0.7187499999999999,0.5604395604395604,0.6116504854368932,0.7666666666666666
fk_ggmC872E.004.4.jpg,0.5607476635514019,0.7187499999999999,0.5604395604395604,0.6116504854368932,0.7666666666666666
rMFJmA5dRFQ.001.1.jpg,0.7476635514018694,0.7604166666666666,0.5604395604395604,0.42718446601941745,0.811111111111111
rMFJmA5dRFQ.001.2.jpg,0.7476635514018694,0.7604166666666666,0.5604395604395604,0.42718446601941745,0.811111111111111
rMFJmA5dRFQ.001.3.jpg,0.7476635514018694,0.7604166666666666,0.5604395604395604,0.42718446601941745,0.811111111111111
rMFJmA5dRFQ.001.4.jpg,0.7476635514018694,0.7604166666666666,0.5604395604395604,0.42718446601941745,0.811111111111111
FGkS4vJYOpM.000.1.jpg,0.4392523364485981,0.5,0.6153846153846153,0.5533980582524272,0.5333333333333333
FGkS4vJYOpM.000.2.jpg,0.4392523364485981,0.5,0.6153846153846153,0.5533980582524272,0.5333333333333333
FGkS4vJYOpM.000.3.jpg,0.4392523364485981,0.5,0.6153846153846153,0.5533980582524272,0.5333333333333333
FGkS4vJYOpM.000.4.jpg,0.4392523364485981,0.5,0.6153846153846153,0.5533980582524272,0.5333333333333333
WTzDOt2GO1M.001.1.jpg,0.4018691588785047,0.4166666666666667,0.4835164835164835,0.4854368932038835,0.41111111111111115
WTzDOt2GO1M.001.2.jpg,0.4018691588785047,0.4166666666666667,0.4835164835164835,0.4854368932038835,0.41111111111111115
WTzDOt2GO1M.001.3.jpg,0.4018691588785047,0.4166666666666667,0.4835164835164835,0.4854368932038835,0.41111111111111115
WTzDOt2GO1M.001.4.jpg,0.4018691588785047,0.4166666666666667,0.4835164835164835,0.4854368932038835,0.41111111111111115
OSDlyk5ZgAk.003.1.jpg,0.3177570093457944,0.3125,0.3956043956043956,0.27184466019417475,0.5888888888888889
OSDlyk5ZgAk.003.2.jpg,0.3177570093457944,0.3125,0.3956043956043956,0.27184466019417475,0.5888888888888889
OSDlyk5ZgAk.003.3.jpg,0.3177570093457944,0.3125,0.3956043956043956,0.27184466019417475,0.5888888888888889
OSDlyk5ZgAk.003.4.jpg,0.3177570093457944,0.3125,0.3956043956043956,0.27184466019417475,0.5888888888888889
IQdz0Pd-L2Y.002.1.jpg,0.24299065420560748,0.22916666666666663,0.3406593406593406,0.24271844660194175,0.41111111111111115
IQdz0Pd-L2Y.002.2.jpg,0.24299065420560748,0.22916666666666663,0.3406593406593406,0.24271844660194175,0.41111111111111115
IQdz0Pd-L2Y.002.3.jpg,0.24299065420560748,0.22916666666666663,0.3406593406593406,0.24271844660194175,0.41111111111111115
IQdz0Pd-L2Y.002.4.jpg,0.24299065420560748,0.22916666666666663,0.3406593406593406,0.24271844660194175,0.41111111111111115
1zpucNpIDk8.000.1.jpg,0.4672897196261683,0.40625000000000006,0.3516483516483516,0.35922330097087385,0.4777777777777778
1zpucNpIDk8.000.2.jpg,0.4672897196261683,0.40625000000000006,0.3516483516483516,0.35922330097087385,0.4777777777777778
1zpucNpIDk8.000.3.jpg,0.4672897196261683,0.40625000000000006,0.3516483516483516,0.35922330097087385,0.4777777777777778
1zpucNpIDk8.000.4.jpg,0.4672897196261683,0.40625000000000006,0.3516483516483516,0.35922330097087385,0.4777777777777778
ilOi-sQo9HI.003.1.jpg,0.36448598130841126,0.46875,0.5384615384615384,0.4466019417475728,0.4888888888888889
ilOi-sQo9HI.003.2.jpg,0.36448598130841126,0.46875,0.5384615384615384,0.4466019417475728,0.4888888888888889
ilOi-sQo9HI.003.3.jpg,0.36448598130841126,0.46875,0.5384615384615384,0.4466019417475728,0.4888888888888889
ilOi-sQo9HI.003.4.jpg,0.36448598130841126,0.46875,0.5384615384615384,0.4466019417475728,0.4888888888888889
bYXRyimxh7A.005.1.jpg,0.37383177570093457,0.4479166666666667,0.4725274725274725,0.5242718446601942,0.5111111111111111
bYXRyimxh7A.005.2.jpg,0.37383177570093457,0.4479166666666667,0.4725274725274725,0.5242718446601942,0.5111111111111111
bYXRyimxh7A.005.3.jpg,0.37383177570093457,0.4479166666666667,0.4725274725274725,0.5242718446601942,0.5111111111111111
bYXRyimxh7A.005.4.jpg,0.37383177570093457,0.4479166666666667,0.4725274725274725,0.5242718446601942,0.5111111111111111
y4Ej1YSEQf0.004.1.jpg,0.5700934579439253,0.7604166666666666,0.7032967032967032,0.7766990291262136,0.7999999999999999
y4Ej1YSEQf0.004.2.jpg,0.5700934579439253,0.7604166666666666,0.7032967032967032,0.7766990291262136,0.7999999999999999
y4Ej1YSEQf0.004.3.jpg,0.5700934579439253,0.7604166666666666,0.7032967032967032,0.7766990291262136,0.7999999999999999
y4Ej1YSEQf0.004.4.jpg,0.5700934579439253,0.7604166666666666,0.7032967032967032,0.7766990291262136,0.7999999999999999
NDC375coN1o.000.1.jpg,0.4485981308411215,0.6041666666666666,0.5274725274725275,0.4077669902912622,0.43333333333333335
NDC375coN1o.000.2.jpg,0.4485981308411215,0.6041666666666666,0.5274725274725275,0.4077669902912622,0.43333333333333335
NDC375coN1o.000.3.jpg,0.4485981308411215,0.6041666666666666,0.5274725274725275,0.4077669902912622,0.43333333333333335
NDC375coN1o.000.4.jpg,0.4485981308411215,0.6041666666666666,0.5274725274725275,0.4077669902912622,0.43333333333333335
IFF47jVKMj8.001.1.jpg,0.26168224299065423,0.2604166666666667,0.4615384615384615,0.42718446601941745,0.4
IFF47jVKMj8.001.2.jpg,0.26168224299065423,0.2604166666666667,0.4615384615384615,0.42718446601941745,0.4
IFF47jVKMj8.001.3.jpg,0.26168224299065423,0.2604166666666667,0.4615384615384615,0.42718446601941745,0.4
IFF47jVKMj8.001.4.jpg,0.26168224299065423,0.2604166666666667,0.4615384615384615,0.42718446601941745,0.4
qjU3GX3jgSY.000.1.jpg,0.7102803738317757,0.6354166666666666,0.7032967032967032,0.4563106796116505,0.5222222222222223
qjU3GX3jgSY.000.2.jpg,0.7102803738317757,0.6354166666666666,0.7032967032967032,0.4563106796116505,0.5222222222222223
qjU3GX3jgSY.000.3.jpg,0.7102803738317757,0.6354166666666666,0.7032967032967032,0.4563106796116505,0.5222222222222223
qjU3GX3jgSY.000.4.jpg,0.7102803738317757,0.6354166666666666,0.7032967032967032,0.4563106796116505,0.5222222222222223
N7oR6_oMBFk.001.1.jpg,0.5140186915887851,0.625,0.6043956043956044,0.7184466019417477,0.7
N7oR6_oMBFk.001.2.jpg,0.5140186915887851,0.625,0.6043956043956044,0.7184466019417477,0.7
N7oR6_oMBFk.001.3.jpg,0.5140186915887851,0.625,0.6043956043956044,0.7184466019417477,0.7
N7oR6_oMBFk.001.4.jpg,0.5140186915887851,0.625,0.6043956043956044,0.7184466019417477,0.7
-R2SZu3SYgM.002.1.jpg,0.3177570093457944,0.2604166666666667,0.17582417582417584,0.1941747572815534,0.41111111111111115
-R2SZu3SYgM.002.2.jpg,0.3177570093457944,0.2604166666666667,0.17582417582417584,0.1941747572815534,0.41111111111111115
-R2SZu3SYgM.002.3.jpg,0.3177570093457944,0.2604166666666667,0.17582417582417584,0.1941747572815534,0.41111111111111115
-R2SZu3SYgM.002.4.jpg,0.3177570093457944,0.2604166666666667,0.17582417582417584,0.1941747572815534,0.41111111111111115
twmdh5zdvfg.003.1.jpg,0.5514018691588786,0.6041666666666666,0.5164835164835165,0.4077669902912622,0.6333333333333333
twmdh5zdvfg.003.2.jpg,0.5514018691588786,0.6041666666666666,0.5164835164835165,0.4077669902912622,0.6333333333333333
twmdh5zdvfg.003.3.jpg,0.5514018691588786,0.6041666666666666,0.5164835164835165,0.4077669902912622,0.6333333333333333
twmdh5zdvfg.003.4.jpg,0.5514018691588786,0.6041666666666666,0.5164835164835165,0.4077669902912622,0.6333333333333333
4ZlcaXadwlo.004.1.jpg,0.5140186915887851,0.4791666666666667,0.4395604395604395,0.4466019417475728,0.5111111111111111
4ZlcaXadwlo.004.2.jpg,0.5140186915887851,0.4791666666666667,0.4395604395604395,0.4466019417475728,0.5111111111111111
4ZlcaXadwlo.004.3.jpg,0.5140186915887851,0.4791666666666667,0.4395604395604395,0.4466019417475728,0.5111111111111111
4ZlcaXadwlo.004.4.jpg,0.5140186915887851,0.4791666666666667,0.4395604395604395,0.4466019417475728,0.5111111111111111
d4cPiUXpGbc.003.1.jpg,0.588785046728972,0.4895833333333333,0.7472527472527474,0.42718446601941745,0.5555555555555556
d4cPiUXpGbc.003.2.jpg,0.588785046728972,0.4895833333333333,0.7472527472527474,0.42718446601941745,0.5555555555555556
d4cPiUXpGbc.003.3.jpg,0.588785046728972,0.4895833333333333,0.7472527472527474,0.42718446601941745,0.5555555555555556
d4cPiUXpGbc.003.4.jpg,0.588785046728972,0.4895833333333333,0.7472527472527474,0.42718446601941745,0.5555555555555556
xqGyF2T3pso.003.1.jpg,0.3177570093457944,0.34374999999999994,0.4175824175824176,0.5145631067961165,0.43333333333333335
xqGyF2T3pso.003.2.jpg,0.3177570093457944,0.34374999999999994,0.4175824175824176,0.5145631067961165,0.43333333333333335
xqGyF2T3pso.003.3.jpg,0.3177570093457944,0.34374999999999994,0.4175824175824176,0.5145631067961165,0.43333333333333335
xqGyF2T3pso.003.4.jpg,0.3177570093457944,0.34374999999999994,0.4175824175824176,0.5145631067961165,0.43333333333333335
kxlqIrk0WnY.000.1.jpg,0.35514018691588783,0.4375,0.3516483516483516,0.42718446601941745,0.6555555555555556
kxlqIrk0WnY.000.2.jpg,0.35514018691588783,0.4375,0.3516483516483516,0.42718446601941745,0.6555555555555556
kxlqIrk0WnY.000.3.jpg,0.35514018691588783,0.4375,0.3516483516483516,0.42718446601941745,0.6555555555555556
kxlqIrk0WnY.000.4.jpg,0.35514018691588783,0.4375,0.3516483516483516,0.42718446601941745,0.6555555555555556
NFAlff6GUpA.002.1.jpg,0.6822429906542057,0.6354166666666666,0.7142857142857143,0.3980582524271845,0.5333333333333333
NFAlff6GUpA.002.2.jpg,0.6822429906542057,0.6354166666666666,0.7142857142857143,0.3980582524271845,0.5333333333333333
NFAlff6GUpA.002.3.jpg,0.6822429906542057,0.6354166666666666,0.7142857142857143,0.3980582524271845,0.5333333333333333
NFAlff6GUpA.002.4.jpg,0.6822429906542057,0.6354166666666666,0.7142857142857143,0.3980582524271845,0.5333333333333333
Egogv6acOd0.005.1.jpg,0.4112149532710281,0.4166666666666667,0.4615384615384615,0.3203883495145631,0.5
Egogv6acOd0.005.2.jpg,0.4112149532710281,0.4166666666666667,0.4615384615384615,0.3203883495145631,0.5
Egogv6acOd0.005.3.jpg,0.4112149532710281,0.4166666666666667,0.4615384615384615,0.3203883495145631,0.5
Egogv6acOd0.005.4.jpg,0.4112149532710281,0.4166666666666667,0.4615384615384615,0.3203883495145631,0.5
MvWDky9ZaWU.002.1.jpg,0.4579439252336449,0.7083333333333334,0.4945054945054945,0.7087378640776699,0.6333333333333333
MvWDky9ZaWU.002.2.jpg,0.4579439252336449,0.7083333333333334,0.4945054945054945,0.7087378640776699,0.6333333333333333
MvWDky9ZaWU.002.3.jpg,0.4579439252336449,0.7083333333333334,0.4945054945054945,0.7087378640776699,0.6333333333333333
MvWDky9ZaWU.002.4.jpg,0.4579439252336449,0.7083333333333334,0.4945054945054945,0.7087378640776699,0.6333333333333333
04oq2yrBwMg.003.1.jpg,0.38317757009345793,0.4166666666666667,0.5274725274725275,0.3203883495145631,0.5
04oq2yrBwMg.003.2.jpg,0.38317757009345793,0.4166666666666667,0.5274725274725275,0.3203883495145631,0.5
04oq2yrBwMg.003.3.jpg,0.38317757009345793,0.4166666666666667,0.5274725274725275,0.3203883495145631,0.5
04oq2yrBwMg.003.4.jpg,0.38317757009345793,0.4166666666666667,0.5274725274725275,0.3203883495145631,0.5
mfGhtr0zy3k.000.1.jpg,0.39252336448598135,0.59375,0.5274725274725275,0.7864077669902914,0.5666666666666667
mfGhtr0zy3k.000.2.jpg,0.39252336448598135,0.59375,0.5274725274725275,0.7864077669902914,0.5666666666666667
mfGhtr0zy3k.000.3.jpg,0.39252336448598135,0.59375,0.5274725274725275,0.7864077669902914,0.5666666666666667
mfGhtr0zy3k.000.4.jpg,0.39252336448598135,0.59375,0.5274725274725275,0.7864077669902914,0.5666666666666667
zH9pTx5_ZwY.001.1.jpg,0.47663551401869164,0.4479166666666667,0.6373626373626373,0.5242718446601942,0.45555555555555555
zH9pTx5_ZwY.001.2.jpg,0.47663551401869164,0.4479166666666667,0.6373626373626373,0.5242718446601942,0.45555555555555555
zH9pTx5_ZwY.001.3.jpg,0.47663551401869164,0.4479166666666667,0.6373626373626373,0.5242718446601942,0.45555555555555555
zH9pTx5_ZwY.001.4.jpg,0.47663551401869164,0.4479166666666667,0.6373626373626373,0.5242718446601942,0.45555555555555555
t0AupkXkkZw.002.1.jpg,0.6074766355140188,0.5833333333333333,0.4615384615384615,0.5533980582524272,0.5222222222222223
t0AupkXkkZw.002.2.jpg,0.6074766355140188,0.5833333333333333,0.4615384615384615,0.5533980582524272,0.5222222222222223
t0AupkXkkZw.002.3.jpg,0.6074766355140188,0.5833333333333333,0.4615384615384615,0.5533980582524272,0.5222222222222223
t0AupkXkkZw.002.4.jpg,0.6074766355140188,0.5833333333333333,0.4615384615384615,0.5533980582524272,0.5222222222222223
in-HuMgiDCE.000.1.jpg,0.47663551401869164,0.53125,0.6263736263736264,0.5436893203883495,0.4888888888888889
in-HuMgiDCE.000.2.jpg,0.47663551401869164,0.53125,0.6263736263736264,0.5436893203883495,0.4888888888888889
in-HuMgiDCE.000.3.jpg,0.47663551401869164,0.53125,0.6263736263736264,0.5436893203883495,0.4888888888888889
in-HuMgiDCE.000.4.jpg,0.47663551401869164,0.53125,0.6263736263736264,0.5436893203883495,0.4888888888888889
2DZb5yIc6Fg.005.1.jpg,0.01869158878504674,0.0,0.021978021978022,0.17475728155339804,0.033333333333333326
2DZb5yIc6Fg.005.2.jpg,0.01869158878504674,0.0,0.021978021978022,0.17475728155339804,0.033333333333333326
2DZb5yIc6Fg.005.3.jpg,0.01869158878504674,0.0,0.021978021978022,0.17475728155339804,0.033333333333333326
2DZb5yIc6Fg.005.4.jpg,0.01869158878504674,0.0,0.021978021978022,0.17475728155339804,0.033333333333333326
SUI6WNryjqw.004.1.jpg,0.6074766355140188,0.6770833333333334,0.6483516483516484,0.5922330097087379,0.6222222222222222
SUI6WNryjqw.004.2.jpg,0.6074766355140188,0.6770833333333334,0.6483516483516484,0.5922330097087379,0.6222222222222222
SUI6WNryjqw.004.3.jpg,0.6074766355140188,0.6770833333333334,0.6483516483516484,0.5922330097087379,0.6222222222222222
SUI6WNryjqw.004.4.jpg,0.6074766355140188,0.6770833333333334,0.6483516483516484,0.5922330097087379,0.6222222222222222
p9tAC-RqZPI.005.1.jpg,0.5140186915887851,0.4895833333333333,0.6263736263736264,0.36893203883495146,0.6444444444444444
p9tAC-RqZPI.005.2.jpg,0.5140186915887851,0.4895833333333333,0.6263736263736264,0.36893203883495146,0.6444444444444444
p9tAC-RqZPI.005.3.jpg,0.5140186915887851,0.4895833333333333,0.6263736263736264,0.36893203883495146,0.6444444444444444
p9tAC-RqZPI.005.4.jpg,0.5140186915887851,0.4895833333333333,0.6263736263736264,0.36893203883495146,0.6444444444444444
OeGMd58Wgsk.001.1.jpg,0.48598130841121495,0.7291666666666667,0.7472527472527474,0.7961165048543688,0.7333333333333333
OeGMd58Wgsk.001.2.jpg,0.48598130841121495,0.7291666666666667,0.7472527472527474,0.7961165048543688,0.7333333333333333
OeGMd58Wgsk.001.3.jpg,0.48598130841121495,0.7291666666666667,0.7472527472527474,0.7961165048543688,0.7333333333333333
OeGMd58Wgsk.001.4.jpg,0.48598130841121495,0.7291666666666667,0.7472527472527474,0.7961165048543688,0.7333333333333333
eI_7SimPnnQ.004.1.jpg,0.5327102803738318,0.59375,0.6593406593406592,0.6893203883495147,0.5444444444444444
eI_7SimPnnQ.004.2.jpg,0.5327102803738318,0.59375,0.6593406593406592,0.6893203883495147,0.5444444444444444
eI_7SimPnnQ.004.3.jpg,0.5327102803738318,0.59375,0.6593406593406592,0.6893203883495147,0.5444444444444444
eI_7SimPnnQ.004.4.jpg,0.5327102803738318,0.59375,0.6593406593406592,0.6893203883495147,0.5444444444444444
MbunPsukPnQ.004.1.jpg,0.6355140186915887,0.5104166666666666,0.5054945054945055,0.6213592233009709,0.45555555555555555
MbunPsukPnQ.004.2.jpg,0.6355140186915887,0.5104166666666666,0.5054945054945055,0.6213592233009709,0.45555555555555555
MbunPsukPnQ.004.3.jpg,0.6355140186915887,0.5104166666666666,0.5054945054945055,0.6213592233009709,0.45555555555555555
MbunPsukPnQ.004.4.jpg,0.6355140186915887,0.5104166666666666,0.5054945054945055,0.6213592233009709,0.45555555555555555
heE4ZZXwehI.000.1.jpg,0.37383177570093457,0.37499999999999994,0.5494505494505494,0.4174757281553398,0.5333333333333333
heE4ZZXwehI.000.2.jpg,0.37383177570093457,0.37499999999999994,0.5494505494505494,0.4174757281553398,0.5333333333333333
heE4ZZXwehI.000.3.jpg,0.37383177570093457,0.37499999999999994,0.5494505494505494,0.4174757281553398,0.5333333333333333
heE4ZZXwehI.000.4.jpg,0.37383177570093457,0.37499999999999994,0.5494505494505494,0.4174757281553398,0.5333333333333333
C8xZ0vhrrFE.004.1.jpg,0.35514018691588783,0.39583333333333337,0.4615384615384615,0.3786407766990291,0.5777777777777777
C8xZ0vhrrFE.004.2.jpg,0.35514018691588783,0.39583333333333337,0.4615384615384615,0.3786407766990291,0.5777777777777777
C8xZ0vhrrFE.004.3.jpg,0.35514018691588783,0.39583333333333337,0.4615384615384615,0.3786407766990291,0.5777777777777777
C8xZ0vhrrFE.004.4.jpg,0.35514018691588783,0.39583333333333337,0.4615384615384615,0.3786407766990291,0.5777777777777777
RQeoo3idUJc.003.1.jpg,0.4112149532710281,0.5208333333333334,0.5714285714285714,0.5533980582524272,0.5
RQeoo3idUJc.003.2.jpg,0.4112149532710281,0.5208333333333334,0.5714285714285714,0.5533980582524272,0.5
RQeoo3idUJc.003.3.jpg,0.4112149532710281,0.5208333333333334,0.5714285714285714,0.5533980582524272,0.5
RQeoo3idUJc.003.4.jpg,0.4112149532710281,0.5208333333333334,0.5714285714285714,0.5533980582524272,0.5
rLEfJzLcVdg.001.1.jpg,0.28037383177570097,0.4479166666666667,0.4835164835164835,0.4466019417475728,0.5
rLEfJzLcVdg.001.2.jpg,0.28037383177570097,0.4479166666666667,0.4835164835164835,0.4466019417475728,0.5
rLEfJzLcVdg.001.3.jpg,0.28037383177570097,0.4479166666666667,0.4835164835164835,0.4466019417475728,0.5
rLEfJzLcVdg.001.4.jpg,0.28037383177570097,0.4479166666666667,0.4835164835164835,0.4466019417475728,0.5
P63CUj9KnSw.000.1.jpg,0.3177570093457944,0.42708333333333337,0.5824175824175825,0.3300970873786408,0.24444444444444444
P63CUj9KnSw.000.2.jpg,0.3177570093457944,0.42708333333333337,0.5824175824175825,0.3300970873786408,0.24444444444444444
P63CUj9KnSw.000.3.jpg,0.3177570093457944,0.42708333333333337,0.5824175824175825,0.3300970873786408,0.24444444444444444
P63CUj9KnSw.000.4.jpg,0.3177570093457944,0.42708333333333337,0.5824175824175825,0.3300970873786408,0.24444444444444444
qMARpi60Hhs.002.1.jpg,0.48598130841121495,0.46875,0.5384615384615384,0.4466019417475728,0.6444444444444444
qMARpi60Hhs.002.2.jpg,0.48598130841121495,0.46875,0.5384615384615384,0.4466019417475728,0.6444444444444444
qMARpi60Hhs.002.3.jpg,0.48598130841121495,0.46875,0.5384615384615384,0.4466019417475728,0.6444444444444444
qMARpi60Hhs.002.4.jpg,0.48598130841121495,0.46875,0.5384615384615384,0.4466019417475728,0.6444444444444444
bDjqDn6susQ.002.1.jpg,0.6542056074766356,0.7395833333333333,0.824175824175824,0.6310679611650486,0.7555555555555554
bDjqDn6susQ.002.2.jpg,0.6542056074766356,0.7395833333333333,0.824175824175824,0.6310679611650486,0.7555555555555554
bDjqDn6susQ.002.3.jpg,0.6542056074766356,0.7395833333333333,0.824175824175824,0.6310679611650486,0.7555555555555554
bDjqDn6susQ.002.4.jpg,0.6542056074766356,0.7395833333333333,0.824175824175824,0.6310679611650486,0.7555555555555554
YdxS3f4HXaA.002.1.jpg,0.48598130841121495,0.5625,0.5164835164835165,0.47572815533980584,0.7999999999999999
YdxS3f4HXaA.002.2.jpg,0.48598130841121495,0.5625,0.5164835164835165,0.47572815533980584,0.7999999999999999
YdxS3f4HXaA.002.3.jpg,0.48598130841121495,0.5625,0.5164835164835165,0.47572815533980584,0.7999999999999999
YdxS3f4HXaA.002.4.jpg,0.48598130841121495,0.5625,0.5164835164835165,0.47572815533980584,0.7999999999999999
mEQBB6XsJFk.004.1.jpg,0.5794392523364487,0.6666666666666667,0.5384615384615384,0.6116504854368932,0.7
mEQBB6XsJFk.004.2.jpg,0.5794392523364487,0.6666666666666667,0.5384615384615384,0.6116504854368932,0.7
mEQBB6XsJFk.004.3.jpg,0.5794392523364487,0.6666666666666667,0.5384615384615384,0.6116504854368932,0.7
mEQBB6XsJFk.004.4.jpg,0.5794392523364487,0.6666666666666667,0.5384615384615384,0.6116504854368932,0.7
S-e9-bW4seo.005.1.jpg,0.6168224299065421,0.6354166666666666,0.6923076923076923,0.6601941747572816,0.5888888888888889
S-e9-bW4seo.005.2.jpg,0.6168224299065421,0.6354166666666666,0.6923076923076923,0.6601941747572816,0.5888888888888889
S-e9-bW4seo.005.3.jpg,0.6168224299065421,0.6354166666666666,0.6923076923076923,0.6601941747572816,0.5888888888888889
S-e9-bW4seo.005.4.jpg,0.6168224299065421,0.6354166666666666,0.6923076923076923,0.6601941747572816,0.5888888888888889
GcuoyJPO-KU.001.1.jpg,0.5514018691588786,0.6979166666666666,0.5164835164835165,0.6310679611650486,0.6777777777777777
GcuoyJPO-KU.001.2.jpg,0.5514018691588786,0.6979166666666666,0.5164835164835165,0.6310679611650486,0.6777777777777777
GcuoyJPO-KU.001.3.jpg,0.5514018691588786,0.6979166666666666,0.5164835164835165,0.6310679611650486,0.6777777777777777
GcuoyJPO-KU.001.4.jpg,0.5514018691588786,0.6979166666666666,0.5164835164835165,0.6310679611650486,0.6777777777777777
IV01x2GS61g.005.1.jpg,0.6261682242990655,0.6458333333333333,0.7472527472527474,0.6893203883495147,0.5888888888888889
IV01x2GS61g.005.2.jpg,0.6261682242990655,0.6458333333333333,0.7472527472527474,0.6893203883495147,0.5888888888888889
IV01x2GS61g.005.3.jpg,0.6261682242990655,0.6458333333333333,0.7472527472527474,0.6893203883495147,0.5888888888888889
IV01x2GS61g.005.4.jpg,0.6261682242990655,0.6458333333333333,0.7472527472527474,0.6893203883495147,0.5888888888888889
2rV3Ibtdnvs.002.1.jpg,0.6728971962616823,0.7291666666666667,0.7582417582417583,0.6990291262135921,0.6444444444444444
2rV3Ibtdnvs.002.2.jpg,0.6728971962616823,0.7291666666666667,0.7582417582417583,0.6990291262135921,0.6444444444444444
2rV3Ibtdnvs.002.3.jpg,0.6728971962616823,0.7291666666666667,0.7582417582417583,0.6990291262135921,0.6444444444444444
2rV3Ibtdnvs.002.4.jpg,0.6728971962616823,0.7291666666666667,0.7582417582417583,0.6990291262135921,0.6444444444444444
mIQnQ8Nmj-c.003.1.jpg,0.4672897196261683,0.32291666666666663,0.5274725274725275,0.33980582524271846,0.41111111111111115
mIQnQ8Nmj-c.003.2.jpg,0.4672897196261683,0.32291666666666663,0.5274725274725275,0.33980582524271846,0.41111111111111115
mIQnQ8Nmj-c.003.3.jpg,0.4672897196261683,0.32291666666666663,0.5274725274725275,0.33980582524271846,0.41111111111111115
mIQnQ8Nmj-c.003.4.jpg,0.4672897196261683,0.32291666666666663,0.5274725274725275,0.33980582524271846,0.41111111111111115
MswJxdf-3Fc.003.1.jpg,0.6542056074766356,0.6979166666666666,0.6483516483516484,0.6116504854368932,0.6555555555555556
MswJxdf-3Fc.003.2.jpg,0.6542056074766356,0.6979166666666666,0.6483516483516484,0.6116504854368932,0.6555555555555556
MswJxdf-3Fc.003.3.jpg,0.6542056074766356,0.6979166666666666,0.6483516483516484,0.6116504854368932,0.6555555555555556
MswJxdf-3Fc.003.4.jpg,0.6542056074766356,0.6979166666666666,0.6483516483516484,0.6116504854368932,0.6555555555555556
x0mD5kr2hu4.000.1.jpg,0.5794392523364487,0.59375,0.5054945054945055,0.6019417475728155,0.7222222222222221
x0mD5kr2hu4.000.2.jpg,0.5794392523364487,0.59375,0.5054945054945055,0.6019417475728155,0.7222222222222221
x0mD5kr2hu4.000.3.jpg,0.5794392523364487,0.59375,0.5054945054945055,0.6019417475728155,0.7222222222222221
x0mD5kr2hu4.000.4.jpg,0.5794392523364487,0.59375,0.5054945054945055,0.6019417475728155,0.7222222222222221
noepjVnUVFY.002.1.jpg,0.28037383177570097,0.39583333333333337,0.2857142857142857,0.18446601941747573,0.5555555555555556
noepjVnUVFY.002.2.jpg,0.28037383177570097,0.39583333333333337,0.2857142857142857,0.18446601941747573,0.5555555555555556
noepjVnUVFY.002.3.jpg,0.28037383177570097,0.39583333333333337,0.2857142857142857,0.18446601941747573,0.5555555555555556
noepjVnUVFY.002.4.jpg,0.28037383177570097,0.39583333333333337,0.2857142857142857,0.18446601941747573,0.5555555555555556
US4PxgfKDeA.005.1.jpg,0.3177570093457944,0.29166666666666663,0.3846153846153846,0.3300970873786408,0.6222222222222222
US4PxgfKDeA.005.2.jpg,0.3177570093457944,0.29166666666666663,0.3846153846153846,0.3300970873786408,0.6222222222222222
US4PxgfKDeA.005.3.jpg,0.3177570093457944,0.29166666666666663,0.3846153846153846,0.3300970873786408,0.6222222222222222
US4PxgfKDeA.005.4.jpg,0.3177570093457944,0.29166666666666663,0.3846153846153846,0.3300970873786408,0.6222222222222222
vOEQlAMABWM.002.1.jpg,0.663551401869159,0.6979166666666666,0.7252747252747254,0.7281553398058251,0.6888888888888889
vOEQlAMABWM.002.2.jpg,0.663551401869159,0.6979166666666666,0.7252747252747254,0.7281553398058251,0.6888888888888889
vOEQlAMABWM.002.3.jpg,0.663551401869159,0.6979166666666666,0.7252747252747254,0.7281553398058251,0.6888888888888889
vOEQlAMABWM.002.4.jpg,0.663551401869159,0.6979166666666666,0.7252747252747254,0.7281553398058251,0.6888888888888889
9DKE8426js0.000.1.jpg,0.8878504672897197,0.875,0.7032967032967032,0.6796116504854369,0.811111111111111
9DKE8426js0.000.2.jpg,0.8878504672897197,0.875,0.7032967032967032,0.6796116504854369,0.811111111111111
9DKE8426js0.000.3.jpg,0.8878504672897197,0.875,0.7032967032967032,0.6796116504854369,0.811111111111111
9DKE8426js0.000.4.jpg,0.8878504672897197,0.875,0.7032967032967032,0.6796116504854369,0.811111111111111
yyqXzlF8Fgc.003.1.jpg,0.6168224299065421,0.53125,0.7802197802197802,0.4174757281553398,0.7
yyqXzlF8Fgc.003.2.jpg,0.6168224299065421,0.53125,0.7802197802197802,0.4174757281553398,0.7
yyqXzlF8Fgc.003.3.jpg,0.6168224299065421,0.53125,0.7802197802197802,0.4174757281553398,0.7
yyqXzlF8Fgc.003.4.jpg,0.6168224299065421,0.53125,0.7802197802197802,0.4174757281553398,0.7
2fzLibPAtvI.002.1.jpg,0.5794392523364487,0.5729166666666666,0.5934065934065933,0.5436893203883495,0.5555555555555556
2fzLibPAtvI.002.2.jpg,0.5794392523364487,0.5729166666666666,0.5934065934065933,0.5436893203883495,0.5555555555555556
2fzLibPAtvI.002.3.jpg,0.5794392523364487,0.5729166666666666,0.5934065934065933,0.5436893203883495,0.5555555555555556
2fzLibPAtvI.002.4.jpg,0.5794392523364487,0.5729166666666666,0.5934065934065933,0.5436893203883495,0.5555555555555556
_QXI4n_FRN4.000.1.jpg,0.4392523364485981,0.5520833333333334,0.5054945054945055,0.5533980582524272,0.5222222222222223
_QXI4n_FRN4.000.2.jpg,0.4392523364485981,0.5520833333333334,0.5054945054945055,0.5533980582524272,0.5222222222222223
_QXI4n_FRN4.000.3.jpg,0.4392523364485981,0.5520833333333334,0.5054945054945055,0.5533980582524272,0.5222222222222223
_QXI4n_FRN4.000.4.jpg,0.4392523364485981,0.5520833333333334,0.5054945054945055,0.5533980582524272,0.5222222222222223
XQZ5M9oLkXw.000.1.jpg,0.6074766355140188,0.8125000000000001,0.7252747252747254,0.9514563106796118,0.6777777777777777
XQZ5M9oLkXw.000.2.jpg,0.6074766355140188,0.8125000000000001,0.7252747252747254,0.9514563106796118,0.6777777777777777
XQZ5M9oLkXw.000.3.jpg,0.6074766355140188,0.8125000000000001,0.7252747252747254,0.9514563106796118,0.6777777777777777
XQZ5M9oLkXw.000.4.jpg,0.6074766355140188,0.8125000000000001,0.7252747252747254,0.9514563106796118,0.6777777777777777
xVJDjbiIjTo.000.1.jpg,0.24299065420560748,0.2708333333333333,0.29670329670329665,0.23300970873786406,0.3111111111111111
xVJDjbiIjTo.000.2.jpg,0.24299065420560748,0.2708333333333333,0.29670329670329665,0.23300970873786406,0.3111111111111111
xVJDjbiIjTo.000.3.jpg,0.24299065420560748,0.2708333333333333,0.29670329670329665,0.23300970873786406,0.3111111111111111
xVJDjbiIjTo.000.4.jpg,0.24299065420560748,0.2708333333333333,0.29670329670329665,0.23300970873786406,0.3111111111111111
D_FGBb-1B1o.000.1.jpg,0.663551401869159,0.8333333333333334,0.5274725274725275,0.7864077669902914,0.7888888888888888
D_FGBb-1B1o.000.2.jpg,0.663551401869159,0.8333333333333334,0.5274725274725275,0.7864077669902914,0.7888888888888888
D_FGBb-1B1o.000.3.jpg,0.663551401869159,0.8333333333333334,0.5274725274725275,0.7864077669902914,0.7888888888888888
D_FGBb-1B1o.000.4.jpg,0.663551401869159,0.8333333333333334,0.5274725274725275,0.7864077669902914,0.7888888888888888
zEyRyTnIw5I.004.1.jpg,0.2710280373831776,0.42708333333333337,0.5164835164835165,0.6213592233009709,0.41111111111111115
zEyRyTnIw5I.004.2.jpg,0.2710280373831776,0.42708333333333337,0.5164835164835165,0.6213592233009709,0.41111111111111115
zEyRyTnIw5I.004.3.jpg,0.2710280373831776,0.42708333333333337,0.5164835164835165,0.6213592233009709,0.41111111111111115
zEyRyTnIw5I.004.4.jpg,0.2710280373831776,0.42708333333333337,0.5164835164835165,0.6213592233009709,0.41111111111111115
iGBVrJMr62U.004.1.jpg,0.4579439252336449,0.37499999999999994,0.4065934065934066,0.36893203883495146,0.38888888888888895
iGBVrJMr62U.004.2.jpg,0.4579439252336449,0.37499999999999994,0.4065934065934066,0.36893203883495146,0.38888888888888895
iGBVrJMr62U.004.3.jpg,0.4579439252336449,0.37499999999999994,0.4065934065934066,0.36893203883495146,0.38888888888888895
iGBVrJMr62U.004.4.jpg,0.4579439252336449,0.37499999999999994,0.4065934065934066,0.36893203883495146,0.38888888888888895
2yUnXroXyeI.001.1.jpg,0.4579439252336449,0.5104166666666666,0.4505494505494505,0.4854368932038835,0.6333333333333333
2yUnXroXyeI.001.2.jpg,0.4579439252336449,0.5104166666666666,0.4505494505494505,0.4854368932038835,0.6333333333333333
2yUnXroXyeI.001.3.jpg,0.4579439252336449,0.5104166666666666,0.4505494505494505,0.4854368932038835,0.6333333333333333
2yUnXroXyeI.001.4.jpg,0.4579439252336449,0.5104166666666666,0.4505494505494505,0.4854368932038835,0.6333333333333333
K9ZTOb6PbfQ.003.1.jpg,0.39252336448598135,0.7083333333333334,0.7032967032967032,0.9223300970873788,0.711111111111111
K9ZTOb6PbfQ.003.2.jpg,0.39252336448598135,0.7083333333333334,0.7032967032967032,0.9223300970873788,0.711111111111111
K9ZTOb6PbfQ.003.3.jpg,0.39252336448598135,0.7083333333333334,0.7032967032967032,0.9223300970873788,0.711111111111111
K9ZTOb6PbfQ.003.4.jpg,0.39252336448598135,0.7083333333333334,0.7032967032967032,0.9223300970873788,0.711111111111111
vHn6-GQAI_Y.002.1.jpg,0.4112149532710281,0.3645833333333333,0.5054945054945055,0.35922330097087385,0.4888888888888889
vHn6-GQAI_Y.002.2.jpg,0.4112149532710281,0.3645833333333333,0.5054945054945055,0.35922330097087385,0.4888888888888889
vHn6-GQAI_Y.002.3.jpg,0.4112149532710281,0.3645833333333333,0.5054945054945055,0.35922330097087385,0.4888888888888889
vHn6-GQAI_Y.002.4.jpg,0.4112149532710281,0.3645833333333333,0.5054945054945055,0.35922330097087385,0.4888888888888889
P7poMmhYnM0.003.1.jpg,0.5140186915887851,0.45833333333333337,0.5274725274725275,0.4368932038834952,0.6555555555555556
P7poMmhYnM0.003.2.jpg,0.5140186915887851,0.45833333333333337,0.5274725274725275,0.4368932038834952,0.6555555555555556
P7poMmhYnM0.003.3.jpg,0.5140186915887851,0.45833333333333337,0.5274725274725275,0.4368932038834952,0.6555555555555556
P7poMmhYnM0.003.4.jpg,0.5140186915887851,0.45833333333333337,0.5274725274725275,0.4368932038834952,0.6555555555555556
mLZw7Hf8AYI.001.1.jpg,0.6822429906542057,0.7708333333333334,0.912087912087912,0.7184466019417477,0.711111111111111
mLZw7Hf8AYI.001.2.jpg,0.6822429906542057,0.7708333333333334,0.912087912087912,0.7184466019417477,0.711111111111111
mLZw7Hf8AYI.001.3.jpg,0.6822429906542057,0.7708333333333334,0.912087912087912,0.7184466019417477,0.711111111111111
mLZw7Hf8AYI.001.4.jpg,0.6822429906542057,0.7708333333333334,0.912087912087912,0.7184466019417477,0.711111111111111
YPnuq0tDDqk.001.1.jpg,0.25233644859813087,0.3645833333333333,0.2637362637362637,0.2524271844660194,0.5888888888888889
YPnuq0tDDqk.001.2.jpg,0.25233644859813087,0.3645833333333333,0.2637362637362637,0.2524271844660194,0.5888888888888889
YPnuq0tDDqk.001.3.jpg,0.25233644859813087,0.3645833333333333,0.2637362637362637,0.2524271844660194,0.5888888888888889
YPnuq0tDDqk.001.4.jpg,0.25233644859813087,0.3645833333333333,0.2637362637362637,0.2524271844660194,0.5888888888888889
3orJLMVqWYw.002.1.jpg,0.6448598130841123,0.4479166666666667,0.5494505494505494,0.17475728155339804,0.611111111111111
3orJLMVqWYw.002.2.jpg,0.6448598130841123,0.4479166666666667,0.5494505494505494,0.17475728155339804,0.611111111111111
3orJLMVqWYw.002.3.jpg,0.6448598130841123,0.4479166666666667,0.5494505494505494,0.17475728155339804,0.611111111111111
3orJLMVqWYw.002.4.jpg,0.6448598130841123,0.4479166666666667,0.5494505494505494,0.17475728155339804,0.611111111111111
fY4gU5NiV_I.001.1.jpg,0.6542056074766356,0.59375,0.6813186813186812,0.7766990291262136,0.7555555555555554
fY4gU5NiV_I.001.2.jpg,0.6542056074766356,0.59375,0.6813186813186812,0.7766990291262136,0.7555555555555554
fY4gU5NiV_I.001.3.jpg,0.6542056074766356,0.59375,0.6813186813186812,0.7766990291262136,0.7555555555555554
fY4gU5NiV_I.001.4.jpg,0.6542056074766356,0.59375,0.6813186813186812,0.7766990291262136,0.7555555555555554
-agCXYgb7pI.001.1.jpg,0.4018691588785047,0.5833333333333333,0.6043956043956044,0.6116504854368932,0.5666666666666667
-agCXYgb7pI.001.2.jpg,0.4018691588785047,0.5833333333333333,0.6043956043956044,0.6116504854368932,0.5666666666666667
-agCXYgb7pI.001.3.jpg,0.4018691588785047,0.5833333333333333,0.6043956043956044,0.6116504854368932,0.5666666666666667
-agCXYgb7pI.001.4.jpg,0.4018691588785047,0.5833333333333333,0.6043956043956044,0.6116504854368932,0.5666666666666667
KJP4SKS2vtY.001.1.jpg,0.5046728971962617,0.46875,0.5604395604395604,0.5922330097087379,0.4
KJP4SKS2vtY.001.2.jpg,0.5046728971962617,0.46875,0.5604395604395604,0.5922330097087379,0.4
KJP4SKS2vtY.001.3.jpg,0.5046728971962617,0.46875,0.5604395604395604,0.5922330097087379,0.4
KJP4SKS2vtY.001.4.jpg,0.5046728971962617,0.46875,0.5604395604395604,0.5922330097087379,0.4
PTV5TBVRHxo.001.1.jpg,0.4392523364485981,0.6041666666666666,0.5934065934065933,0.6310679611650486,0.611111111111111
PTV5TBVRHxo.001.2.jpg,0.4392523364485981,0.6041666666666666,0.5934065934065933,0.6310679611650486,0.611111111111111
PTV5TBVRHxo.001.3.jpg,0.4392523364485981,0.6041666666666666,0.5934065934065933,0.6310679611650486,0.611111111111111
PTV5TBVRHxo.001.4.jpg,0.4392523364485981,0.6041666666666666,0.5934065934065933,0.6310679611650486,0.611111111111111
DSYiLCGNDP0.000.1.jpg,0.5420560747663552,0.59375,0.5604395604395604,0.6213592233009709,0.7222222222222221
DSYiLCGNDP0.000.2.jpg,0.5420560747663552,0.59375,0.5604395604395604,0.6213592233009709,0.7222222222222221
DSYiLCGNDP0.000.3.jpg,0.5420560747663552,0.59375,0.5604395604395604,0.6213592233009709,0.7222222222222221
DSYiLCGNDP0.000.4.jpg,0.5420560747663552,0.59375,0.5604395604395604,0.6213592233009709,0.7222222222222221
DChmTb-c9uM.000.1.jpg,0.5607476635514019,0.5416666666666666,0.6153846153846153,0.6116504854368932,0.5555555555555556
DChmTb-c9uM.000.2.jpg,0.5607476635514019,0.5416666666666666,0.6153846153846153,0.6116504854368932,0.5555555555555556
DChmTb-c9uM.000.3.jpg,0.5607476635514019,0.5416666666666666,0.6153846153846153,0.6116504854368932,0.5555555555555556
DChmTb-c9uM.000.4.jpg,0.5607476635514019,0.5416666666666666,0.6153846153846153,0.6116504854368932,0.5555555555555556
PdE7qRRCz2c.000.1.jpg,0.39252336448598135,0.6145833333333333,0.5604395604395604,0.4368932038834952,0.5777777777777777
PdE7qRRCz2c.000.2.jpg,0.39252336448598135,0.6145833333333333,0.5604395604395604,0.4368932038834952,0.5777777777777777
PdE7qRRCz2c.000.3.jpg,0.39252336448598135,0.6145833333333333,0.5604395604395604,0.4368932038834952,0.5777777777777777
PdE7qRRCz2c.000.4.jpg,0.39252336448598135,0.6145833333333333,0.5604395604395604,0.4368932038834952,0.5777777777777777
m2uxFfpb5xU.000.1.jpg,0.37383177570093457,0.32291666666666663,0.6153846153846153,0.6699029126213591,0.4888888888888889
m2uxFfpb5xU.000.2.jpg,0.37383177570093457,0.32291666666666663,0.6153846153846153,0.6699029126213591,0.4888888888888889
m2uxFfpb5xU.000.3.jpg,0.37383177570093457,0.32291666666666663,0.6153846153846153,0.6699029126213591,0.4888888888888889
m2uxFfpb5xU.000.4.jpg,0.37383177570093457,0.32291666666666663,0.6153846153846153,0.6699029126213591,0.4888888888888889
b2Y41GrCrPs.005.1.jpg,0.29906542056074764,0.37499999999999994,0.4505494505494505,0.3883495145631068,0.4444444444444445
b2Y41GrCrPs.005.2.jpg,0.29906542056074764,0.37499999999999994,0.4505494505494505,0.3883495145631068,0.4444444444444445
b2Y41GrCrPs.005.3.jpg,0.29906542056074764,0.37499999999999994,0.4505494505494505,0.3883495145631068,0.4444444444444445
b2Y41GrCrPs.005.4.jpg,0.29906542056074764,0.37499999999999994,0.4505494505494505,0.3883495145631068,0.4444444444444445
Ay7bZ7Sgx9Q.000.1.jpg,0.3271028037383178,0.3333333333333333,0.4395604395604395,0.3786407766990291,0.34444444444444444
Ay7bZ7Sgx9Q.000.2.jpg,0.3271028037383178,0.3333333333333333,0.4395604395604395,0.3786407766990291,0.34444444444444444
Ay7bZ7Sgx9Q.000.3.jpg,0.3271028037383178,0.3333333333333333,0.4395604395604395,0.3786407766990291,0.34444444444444444
Ay7bZ7Sgx9Q.000.4.jpg,0.3271028037383178,0.3333333333333333,0.4395604395604395,0.3786407766990291,0.34444444444444444
PooFvZH6fK0.002.1.jpg,0.5981308411214954,0.6145833333333333,0.7802197802197802,0.5728155339805825,0.6555555555555556
PooFvZH6fK0.002.2.jpg,0.5981308411214954,0.6145833333333333,0.7802197802197802,0.5728155339805825,0.6555555555555556
PooFvZH6fK0.002.3.jpg,0.5981308411214954,0.6145833333333333,0.7802197802197802,0.5728155339805825,0.6555555555555556
PooFvZH6fK0.002.4.jpg,0.5981308411214954,0.6145833333333333,0.7802197802197802,0.5728155339805825,0.6555555555555556
MD9yyz-OSRs.001.1.jpg,0.4672897196261683,0.42708333333333337,0.3736263736263736,0.3786407766990291,0.6222222222222222
MD9yyz-OSRs.001.2.jpg,0.4672897196261683,0.42708333333333337,0.3736263736263736,0.3786407766990291,0.6222222222222222
MD9yyz-OSRs.001.3.jpg,0.4672897196261683,0.42708333333333337,0.3736263736263736,0.3786407766990291,0.6222222222222222
MD9yyz-OSRs.001.4.jpg,0.4672897196261683,0.42708333333333337,0.3736263736263736,0.3786407766990291,0.6222222222222222
78zauTEQ-k8.003.1.jpg,0.6168224299065421,0.5,0.5714285714285714,0.5631067961165048,0.5777777777777777
78zauTEQ-k8.003.2.jpg,0.6168224299065421,0.5,0.5714285714285714,0.5631067961165048,0.5777777777777777
78zauTEQ-k8.003.3.jpg,0.6168224299065421,0.5,0.5714285714285714,0.5631067961165048,0.5777777777777777
78zauTEQ-k8.003.4.jpg,0.6168224299065421,0.5,0.5714285714285714,0.5631067961165048,0.5777777777777777
1mdMhaq5p4w.000.1.jpg,0.4205607476635514,0.5104166666666666,0.7362637362637363,0.47572815533980584,0.5777777777777777
1mdMhaq5p4w.000.2.jpg,0.4205607476635514,0.5104166666666666,0.7362637362637363,0.47572815533980584,0.5777777777777777
1mdMhaq5p4w.000.3.jpg,0.4205607476635514,0.5104166666666666,0.7362637362637363,0.47572815533980584,0.5777777777777777
1mdMhaq5p4w.000.4.jpg,0.4205607476635514,0.5104166666666666,0.7362637362637363,0.47572815533980584,0.5777777777777777
KB09jENVJ_0.003.1.jpg,0.5140186915887851,0.5104166666666666,0.4065934065934066,0.4077669902912622,0.5111111111111111
KB09jENVJ_0.003.2.jpg,0.5140186915887851,0.5104166666666666,0.4065934065934066,0.4077669902912622,0.5111111111111111
KB09jENVJ_0.003.3.jpg,0.5140186915887851,0.5104166666666666,0.4065934065934066,0.4077669902912622,0.5111111111111111
KB09jENVJ_0.003.4.jpg,0.5140186915887851,0.5104166666666666,0.4065934065934066,0.4077669902912622,0.5111111111111111
HCkDd0UnUgo.001.1.jpg,0.33644859813084116,0.4375,0.5164835164835165,0.5922330097087379,0.28888888888888886
HCkDd0UnUgo.001.2.jpg,0.33644859813084116,0.4375,0.5164835164835165,0.5922330097087379,0.28888888888888886
HCkDd0UnUgo.001.3.jpg,0.33644859813084116,0.4375,0.5164835164835165,0.5922330097087379,0.28888888888888886
HCkDd0UnUgo.001.4.jpg,0.33644859813084116,0.4375,0.5164835164835165,0.5922330097087379,0.28888888888888886
APqMkruLkoE.001.1.jpg,0.6822429906542057,0.875,0.6923076923076923,0.7864077669902914,0.8222222222222221
APqMkruLkoE.001.2.jpg,0.6822429906542057,0.875,0.6923076923076923,0.7864077669902914,0.8222222222222221
APqMkruLkoE.001.3.jpg,0.6822429906542057,0.875,0.6923076923076923,0.7864077669902914,0.8222222222222221
APqMkruLkoE.001.4.jpg,0.6822429906542057,0.875,0.6923076923076923,0.7864077669902914,0.8222222222222221
UGsr6Vnqf7I.000.1.jpg,0.5327102803738318,0.6458333333333333,0.6813186813186812,0.6601941747572816,0.5222222222222223
UGsr6Vnqf7I.000.2.jpg,0.5327102803738318,0.6458333333333333,0.6813186813186812,0.6601941747572816,0.5222222222222223
UGsr6Vnqf7I.000.3.jpg,0.5327102803738318,0.6458333333333333,0.6813186813186812,0.6601941747572816,0.5222222222222223
UGsr6Vnqf7I.000.4.jpg,0.5327102803738318,0.6458333333333333,0.6813186813186812,0.6601941747572816,0.5222222222222223
lK8qOASUwFE.005.1.jpg,0.6074766355140188,0.6666666666666667,0.5274725274725275,0.35922330097087385,0.7444444444444444
lK8qOASUwFE.005.2.jpg,0.6074766355140188,0.6666666666666667,0.5274725274725275,0.35922330097087385,0.7444444444444444
lK8qOASUwFE.005.3.jpg,0.6074766355140188,0.6666666666666667,0.5274725274725275,0.35922330097087385,0.7444444444444444
lK8qOASUwFE.005.4.jpg,0.6074766355140188,0.6666666666666667,0.5274725274725275,0.35922330097087385,0.7444444444444444
z0v9LukQRHU.000.1.jpg,0.5420560747663552,0.5104166666666666,0.5164835164835165,0.31067961165048547,0.6222222222222222
z0v9LukQRHU.000.2.jpg,0.5420560747663552,0.5104166666666666,0.5164835164835165,0.31067961165048547,0.6222222222222222
z0v9LukQRHU.000.3.jpg,0.5420560747663552,0.5104166666666666,0.5164835164835165,0.31067961165048547,0.6222222222222222
z0v9LukQRHU.000.4.jpg,0.5420560747663552,0.5104166666666666,0.5164835164835165,0.31067961165048547,0.6222222222222222
bej-DbxTkWA.001.1.jpg,0.4672897196261683,0.5416666666666666,0.5934065934065933,0.5436893203883495,0.41111111111111115
bej-DbxTkWA.001.2.jpg,0.4672897196261683,0.5416666666666666,0.5934065934065933,0.5436893203883495,0.41111111111111115
bej-DbxTkWA.001.3.jpg,0.4672897196261683,0.5416666666666666,0.5934065934065933,0.5436893203883495,0.41111111111111115
bej-DbxTkWA.001.4.jpg,0.4672897196261683,0.5416666666666666,0.5934065934065933,0.5436893203883495,0.41111111111111115
TPRQyuiNYmI.000.1.jpg,0.5327102803738318,0.6458333333333333,0.7252747252747254,0.5436893203883495,0.611111111111111
TPRQyuiNYmI.000.2.jpg,0.5327102803738318,0.6458333333333333,0.7252747252747254,0.5436893203883495,0.611111111111111
TPRQyuiNYmI.000.3.jpg,0.5327102803738318,0.6458333333333333,0.7252747252747254,0.5436893203883495,0.611111111111111
TPRQyuiNYmI.000.4.jpg,0.5327102803738318,0.6458333333333333,0.7252747252747254,0.5436893203883495,0.611111111111111
FkzVX7SQ9wE.000.1.jpg,0.5794392523364487,0.7395833333333333,0.6483516483516484,0.6893203883495147,0.7333333333333333
FkzVX7SQ9wE.000.2.jpg,0.5794392523364487,0.7395833333333333,0.6483516483516484,0.6893203883495147,0.7333333333333333
FkzVX7SQ9wE.000.3.jpg,0.5794392523364487,0.7395833333333333,0.6483516483516484,0.6893203883495147,0.7333333333333333
FkzVX7SQ9wE.000.4.jpg,0.5794392523364487,0.7395833333333333,0.6483516483516484,0.6893203883495147,0.7333333333333333
LRU4jLhKaak.004.1.jpg,0.6542056074766356,0.65625,0.6373626373626373,0.5631067961165048,0.7444444444444444
LRU4jLhKaak.004.2.jpg,0.6542056074766356,0.65625,0.6373626373626373,0.5631067961165048,0.7444444444444444
LRU4jLhKaak.004.3.jpg,0.6542056074766356,0.65625,0.6373626373626373,0.5631067961165048,0.7444444444444444
LRU4jLhKaak.004.4.jpg,0.6542056074766356,0.65625,0.6373626373626373,0.5631067961165048,0.7444444444444444
cgT-3CHBmKs.001.1.jpg,0.25233644859813087,0.2604166666666667,0.29670329670329665,0.2524271844660194,0.4444444444444445
cgT-3CHBmKs.001.2.jpg,0.25233644859813087,0.2604166666666667,0.29670329670329665,0.2524271844660194,0.4444444444444445
cgT-3CHBmKs.001.3.jpg,0.25233644859813087,0.2604166666666667,0.29670329670329665,0.2524271844660194,0.4444444444444445
cgT-3CHBmKs.001.4.jpg,0.25233644859813087,0.2604166666666667,0.29670329670329665,0.2524271844660194,0.4444444444444445
yVSfQZGt1co.002.1.jpg,0.5233644859813085,0.5208333333333334,0.5164835164835165,0.5145631067961165,0.6666666666666666
yVSfQZGt1co.002.2.jpg,0.5233644859813085,0.5208333333333334,0.5164835164835165,0.5145631067961165,0.6666666666666666
yVSfQZGt1co.002.3.jpg,0.5233644859813085,0.5208333333333334,0.5164835164835165,0.5145631067961165,0.6666666666666666
yVSfQZGt1co.002.4.jpg,0.5233644859813085,0.5208333333333334,0.5164835164835165,0.5145631067961165,0.6666666666666666
1pm5uoU85FI.004.1.jpg,0.4485981308411215,0.4375,0.5274725274725275,0.5048543689320388,0.41111111111111115
1pm5uoU85FI.004.2.jpg,0.4485981308411215,0.4375,0.5274725274725275,0.5048543689320388,0.41111111111111115
1pm5uoU85FI.004.3.jpg,0.4485981308411215,0.4375,0.5274725274725275,0.5048543689320388,0.41111111111111115
1pm5uoU85FI.004.4.jpg,0.4485981308411215,0.4375,0.5274725274725275,0.5048543689320388,0.41111111111111115
ssexxLJLuhU.001.1.jpg,0.4018691588785047,0.4791666666666667,0.5494505494505494,0.5145631067961165,0.4222222222222222
ssexxLJLuhU.001.2.jpg,0.4018691588785047,0.4791666666666667,0.5494505494505494,0.5145631067961165,0.4222222222222222
ssexxLJLuhU.001.3.jpg,0.4018691588785047,0.4791666666666667,0.5494505494505494,0.5145631067961165,0.4222222222222222
ssexxLJLuhU.001.4.jpg,0.4018691588785047,0.4791666666666667,0.5494505494505494,0.5145631067961165,0.4222222222222222
YP7N98ECZaI.000.1.jpg,0.5607476635514019,0.4791666666666667,0.5384615384615384,0.47572815533980584,0.6333333333333333
YP7N98ECZaI.000.2.jpg,0.5607476635514019,0.4791666666666667,0.5384615384615384,0.47572815533980584,0.6333333333333333
YP7N98ECZaI.000.3.jpg,0.5607476635514019,0.4791666666666667,0.5384615384615384,0.47572815533980584,0.6333333333333333
YP7N98ECZaI.000.4.jpg,0.5607476635514019,0.4791666666666667,0.5384615384615384,0.47572815533980584,0.6333333333333333
J9WyswA0vow.004.1.jpg,0.7009345794392524,0.6979166666666666,0.6813186813186812,0.5436893203883495,0.711111111111111
J9WyswA0vow.004.2.jpg,0.7009345794392524,0.6979166666666666,0.6813186813186812,0.5436893203883495,0.711111111111111
J9WyswA0vow.004.3.jpg,0.7009345794392524,0.6979166666666666,0.6813186813186812,0.5436893203883495,0.711111111111111
J9WyswA0vow.004.4.jpg,0.7009345794392524,0.6979166666666666,0.6813186813186812,0.5436893203883495,0.711111111111111
Po4UGCJbCbw.003.1.jpg,0.4579439252336449,0.5208333333333334,0.5274725274725275,0.5533980582524272,0.45555555555555555
Po4UGCJbCbw.003.2.jpg,0.4579439252336449,0.5208333333333334,0.5274725274725275,0.5533980582524272,0.45555555555555555
Po4UGCJbCbw.003.3.jpg,0.4579439252336449,0.5208333333333334,0.5274725274725275,0.5533980582524272,0.45555555555555555
Po4UGCJbCbw.003.4.jpg,0.4579439252336449,0.5208333333333334,0.5274725274725275,0.5533980582524272,0.45555555555555555
xEmwNv4OxGE.002.1.jpg,0.3457943925233645,0.5208333333333334,0.5714285714285714,0.5631067961165048,0.5444444444444444
xEmwNv4OxGE.002.2.jpg,0.3457943925233645,0.5208333333333334,0.5714285714285714,0.5631067961165048,0.5444444444444444
xEmwNv4OxGE.002.3.jpg,0.3457943925233645,0.5208333333333334,0.5714285714285714,0.5631067961165048,0.5444444444444444
xEmwNv4OxGE.002.4.jpg,0.3457943925233645,0.5208333333333334,0.5714285714285714,0.5631067961165048,0.5444444444444444
zRevZ94Rxjc.003.1.jpg,0.5420560747663552,0.6875,0.5274725274725275,0.6310679611650486,0.7222222222222221
zRevZ94Rxjc.003.2.jpg,0.5420560747663552,0.6875,0.5274725274725275,0.6310679611650486,0.7222222222222221
zRevZ94Rxjc.003.3.jpg,0.5420560747663552,0.6875,0.5274725274725275,0.6310679611650486,0.7222222222222221
zRevZ94Rxjc.003.4.jpg,0.5420560747663552,0.6875,0.5274725274725275,0.6310679611650486,0.7222222222222221
rag7X1kTyBc.000.1.jpg,0.3177570093457944,0.4791666666666667,0.3956043956043956,0.4854368932038835,0.611111111111111
rag7X1kTyBc.000.2.jpg,0.3177570093457944,0.4791666666666667,0.3956043956043956,0.4854368932038835,0.611111111111111
rag7X1kTyBc.000.3.jpg,0.3177570093457944,0.4791666666666667,0.3956043956043956,0.4854368932038835,0.611111111111111
rag7X1kTyBc.000.4.jpg,0.3177570093457944,0.4791666666666667,0.3956043956043956,0.4854368932038835,0.611111111111111
si_gZCrLa4A.003.1.jpg,0.33644859813084116,0.29166666666666663,0.4285714285714285,0.30097087378640774,0.45555555555555555
si_gZCrLa4A.003.2.jpg,0.33644859813084116,0.29166666666666663,0.4285714285714285,0.30097087378640774,0.45555555555555555
si_gZCrLa4A.003.3.jpg,0.33644859813084116,0.29166666666666663,0.4285714285714285,0.30097087378640774,0.45555555555555555
si_gZCrLa4A.003.4.jpg,0.33644859813084116,0.29166666666666663,0.4285714285714285,0.30097087378640774,0.45555555555555555
huIQlWsIEvY.001.1.jpg,0.30841121495327106,0.3645833333333333,0.5934065934065933,0.4174757281553398,0.4
huIQlWsIEvY.001.2.jpg,0.30841121495327106,0.3645833333333333,0.5934065934065933,0.4174757281553398,0.4
huIQlWsIEvY.001.3.jpg,0.30841121495327106,0.3645833333333333,0.5934065934065933,0.4174757281553398,0.4
huIQlWsIEvY.001.4.jpg,0.30841121495327106,0.3645833333333333,0.5934065934065933,0.4174757281553398,0.4
4lH5nLSwmoM.004.1.jpg,0.4953271028037384,0.4895833333333333,0.5714285714285714,0.6504854368932039,0.5
4lH5nLSwmoM.004.2.jpg,0.4953271028037384,0.4895833333333333,0.5714285714285714,0.6504854368932039,0.5
4lH5nLSwmoM.004.3.jpg,0.4953271028037384,0.4895833333333333,0.5714285714285714,0.6504854368932039,0.5
4lH5nLSwmoM.004.4.jpg,0.4953271028037384,0.4895833333333333,0.5714285714285714,0.6504854368932039,0.5
JTmq4k4uQCY.004.1.jpg,0.4953271028037384,0.4375,0.5714285714285714,0.4854368932038835,0.6444444444444444
JTmq4k4uQCY.004.2.jpg,0.4953271028037384,0.4375,0.5714285714285714,0.4854368932038835,0.6444444444444444
JTmq4k4uQCY.004.3.jpg,0.4953271028037384,0.4375,0.5714285714285714,0.4854368932038835,0.6444444444444444
JTmq4k4uQCY.004.4.jpg,0.4953271028037384,0.4375,0.5714285714285714,0.4854368932038835,0.6444444444444444
ga_XczsO4eY.002.1.jpg,0.47663551401869164,0.4479166666666667,0.4945054945054945,0.3980582524271845,0.5111111111111111
ga_XczsO4eY.002.2.jpg,0.47663551401869164,0.4479166666666667,0.4945054945054945,0.3980582524271845,0.5111111111111111
ga_XczsO4eY.002.3.jpg,0.47663551401869164,0.4479166666666667,0.4945054945054945,0.3980582524271845,0.5111111111111111
ga_XczsO4eY.002.4.jpg,0.47663551401869164,0.4479166666666667,0.4945054945054945,0.3980582524271845,0.5111111111111111
Yj36y7ELRZE.003.1.jpg,0.26168224299065423,0.35416666666666663,0.5164835164835165,0.5242718446601942,0.5777777777777777
Yj36y7ELRZE.003.2.jpg,0.26168224299065423,0.35416666666666663,0.5164835164835165,0.5242718446601942,0.5777777777777777
Yj36y7ELRZE.003.3.jpg,0.26168224299065423,0.35416666666666663,0.5164835164835165,0.5242718446601942,0.5777777777777777
Yj36y7ELRZE.003.4.jpg,0.26168224299065423,0.35416666666666663,0.5164835164835165,0.5242718446601942,0.5777777777777777
nmZRXxKPPuQ.000.1.jpg,0.4672897196261683,0.5625,0.5274725274725275,0.5339805825242718,0.6666666666666666
nmZRXxKPPuQ.000.2.jpg,0.4672897196261683,0.5625,0.5274725274725275,0.5339805825242718,0.6666666666666666
nmZRXxKPPuQ.000.3.jpg,0.4672897196261683,0.5625,0.5274725274725275,0.5339805825242718,0.6666666666666666
nmZRXxKPPuQ.000.4.jpg,0.4672897196261683,0.5625,0.5274725274725275,0.5339805825242718,0.6666666666666666
Zcw2LevK-EY.004.1.jpg,0.28037383177570097,0.1666666666666666,0.4175824175824176,0.21359223300970873,0.32222222222222224
Zcw2LevK-EY.004.2.jpg,0.28037383177570097,0.1666666666666666,0.4175824175824176,0.21359223300970873,0.32222222222222224
Zcw2LevK-EY.004.3.jpg,0.28037383177570097,0.1666666666666666,0.4175824175824176,0.21359223300970873,0.32222222222222224
Zcw2LevK-EY.004.4.jpg,0.28037383177570097,0.1666666666666666,0.4175824175824176,0.21359223300970873,0.32222222222222224
XuXhY_SCkNI.005.1.jpg,0.5046728971962617,0.6875,0.6043956043956044,0.7572815533980582,0.7777777777777777
XuXhY_SCkNI.005.2.jpg,0.5046728971962617,0.6875,0.6043956043956044,0.7572815533980582,0.7777777777777777
XuXhY_SCkNI.005.3.jpg,0.5046728971962617,0.6875,0.6043956043956044,0.7572815533980582,0.7777777777777777
XuXhY_SCkNI.005.4.jpg,0.5046728971962617,0.6875,0.6043956043956044,0.7572815533980582,0.7777777777777777
WFY3xwXQ0Zw.003.1.jpg,0.663551401869159,0.6875,0.6373626373626373,0.8932038834951456,0.611111111111111
WFY3xwXQ0Zw.003.2.jpg,0.663551401869159,0.6875,0.6373626373626373,0.8932038834951456,0.611111111111111
WFY3xwXQ0Zw.003.3.jpg,0.663551401869159,0.6875,0.6373626373626373,0.8932038834951456,0.611111111111111
WFY3xwXQ0Zw.003.4.jpg,0.663551401869159,0.6875,0.6373626373626373,0.8932038834951456,0.611111111111111
0mym1CooiTE.005.1.jpg,0.5981308411214954,0.6979166666666666,0.6703296703296703,0.6601941747572816,0.611111111111111
0mym1CooiTE.005.2.jpg,0.5981308411214954,0.6979166666666666,0.6703296703296703,0.6601941747572816,0.611111111111111
0mym1CooiTE.005.3.jpg,0.5981308411214954,0.6979166666666666,0.6703296703296703,0.6601941747572816,0.611111111111111
0mym1CooiTE.005.4.jpg,0.5981308411214954,0.6979166666666666,0.6703296703296703,0.6601941747572816,0.611111111111111
ZaihsIQZCx8.000.1.jpg,0.4485981308411215,0.3020833333333333,0.4945054945054945,0.5339805825242718,0.4666666666666667
ZaihsIQZCx8.000.2.jpg,0.4485981308411215,0.3020833333333333,0.4945054945054945,0.5339805825242718,0.4666666666666667
ZaihsIQZCx8.000.3.jpg,0.4485981308411215,0.3020833333333333,0.4945054945054945,0.5339805825242718,0.4666666666666667
ZaihsIQZCx8.000.4.jpg,0.4485981308411215,0.3020833333333333,0.4945054945054945,0.5339805825242718,0.4666666666666667
BZ3FEf_KKso.002.1.jpg,0.4018691588785047,0.37499999999999994,0.4945054945054945,0.2815533980582524,0.5
BZ3FEf_KKso.002.2.jpg,0.4018691588785047,0.37499999999999994,0.4945054945054945,0.2815533980582524,0.5
BZ3FEf_KKso.002.3.jpg,0.4018691588785047,0.37499999999999994,0.4945054945054945,0.2815533980582524,0.5
BZ3FEf_KKso.002.4.jpg,0.4018691588785047,0.37499999999999994,0.4945054945054945,0.2815533980582524,0.5
LKqO2BhfAvM.003.1.jpg,0.4485981308411215,0.5104166666666666,0.6593406593406592,0.5533980582524272,0.5888888888888889
LKqO2BhfAvM.003.2.jpg,0.4485981308411215,0.5104166666666666,0.6593406593406592,0.5533980582524272,0.5888888888888889
LKqO2BhfAvM.003.3.jpg,0.4485981308411215,0.5104166666666666,0.6593406593406592,0.5533980582524272,0.5888888888888889
LKqO2BhfAvM.003.4.jpg,0.4485981308411215,0.5104166666666666,0.6593406593406592,0.5533980582524272,0.5888888888888889
WD1WsbooU2w.003.1.jpg,0.4485981308411215,0.4375,0.5934065934065933,0.5631067961165048,0.4777777777777778
WD1WsbooU2w.003.2.jpg,0.4485981308411215,0.4375,0.5934065934065933,0.5631067961165048,0.4777777777777778
WD1WsbooU2w.003.3.jpg,0.4485981308411215,0.4375,0.5934065934065933,0.5631067961165048,0.4777777777777778
WD1WsbooU2w.003.4.jpg,0.4485981308411215,0.4375,0.5934065934065933,0.5631067961165048,0.4777777777777778
VnUkBYQkJms.001.1.jpg,0.4205607476635514,0.5520833333333334,0.4945054945054945,0.6213592233009709,0.6
VnUkBYQkJms.001.2.jpg,0.4205607476635514,0.5520833333333334,0.4945054945054945,0.6213592233009709,0.6
VnUkBYQkJms.001.3.jpg,0.4205607476635514,0.5520833333333334,0.4945054945054945,0.6213592233009709,0.6
VnUkBYQkJms.001.4.jpg,0.4205607476635514,0.5520833333333334,0.4945054945054945,0.6213592233009709,0.6
Ui1ajQU5Ib8.002.1.jpg,0.26168224299065423,0.39583333333333337,0.4065934065934066,0.5242718446601942,0.33333333333333337
Ui1ajQU5Ib8.002.2.jpg,0.26168224299065423,0.39583333333333337,0.4065934065934066,0.5242718446601942,0.33333333333333337
Ui1ajQU5Ib8.002.3.jpg,0.26168224299065423,0.39583333333333337,0.4065934065934066,0.5242718446601942,0.33333333333333337
Ui1ajQU5Ib8.002.4.jpg,0.26168224299065423,0.39583333333333337,0.4065934065934066,0.5242718446601942,0.33333333333333337
LGgx7RVdL2Y.001.1.jpg,0.14953271028037385,0.3645833333333333,0.4395604395604395,0.2038834951456311,0.2777777777777778
LGgx7RVdL2Y.001.2.jpg,0.14953271028037385,0.3645833333333333,0.4395604395604395,0.2038834951456311,0.2777777777777778
LGgx7RVdL2Y.001.3.jpg,0.14953271028037385,0.3645833333333333,0.4395604395604395,0.2038834951456311,0.2777777777777778
LGgx7RVdL2Y.001.4.jpg,0.14953271028037385,0.3645833333333333,0.4395604395604395,0.2038834951456311,0.2777777777777778
AvuGsnkWjt8.003.1.jpg,0.5140186915887851,0.5104166666666666,0.6813186813186812,0.4368932038834952,0.6555555555555556
AvuGsnkWjt8.003.2.jpg,0.5140186915887851,0.5104166666666666,0.6813186813186812,0.4368932038834952,0.6555555555555556
AvuGsnkWjt8.003.3.jpg,0.5140186915887851,0.5104166666666666,0.6813186813186812,0.4368932038834952,0.6555555555555556
AvuGsnkWjt8.003.4.jpg,0.5140186915887851,0.5104166666666666,0.6813186813186812,0.4368932038834952,0.6555555555555556
ZqbJIM7rmO8.004.1.jpg,0.6168224299065421,0.6875,0.6813186813186812,0.6601941747572816,0.7555555555555554
ZqbJIM7rmO8.004.2.jpg,0.6168224299065421,0.6875,0.6813186813186812,0.6601941747572816,0.7555555555555554
ZqbJIM7rmO8.004.3.jpg,0.6168224299065421,0.6875,0.6813186813186812,0.6601941747572816,0.7555555555555554
ZqbJIM7rmO8.004.4.jpg,0.6168224299065421,0.6875,0.6813186813186812,0.6601941747572816,0.7555555555555554
VQMizni7nY0.005.1.jpg,0.5794392523364487,0.5208333333333334,0.5824175824175825,0.3883495145631068,0.6888888888888889
VQMizni7nY0.005.2.jpg,0.5794392523364487,0.5208333333333334,0.5824175824175825,0.3883495145631068,0.6888888888888889
VQMizni7nY0.005.3.jpg,0.5794392523364487,0.5208333333333334,0.5824175824175825,0.3883495145631068,0.6888888888888889
VQMizni7nY0.005.4.jpg,0.5794392523364487,0.5208333333333334,0.5824175824175825,0.3883495145631068,0.6888888888888889
OTeEvhxpoYE.004.1.jpg,0.5046728971962617,0.40625000000000006,0.5274725274725275,0.5242718446601942,0.6888888888888889
OTeEvhxpoYE.004.2.jpg,0.5046728971962617,0.40625000000000006,0.5274725274725275,0.5242718446601942,0.6888888888888889
OTeEvhxpoYE.004.3.jpg,0.5046728971962617,0.40625000000000006,0.5274725274725275,0.5242718446601942,0.6888888888888889
OTeEvhxpoYE.004.4.jpg,0.5046728971962617,0.40625000000000006,0.5274725274725275,0.5242718446601942,0.6888888888888889
K9ZTOb6PbfQ.002.1.jpg,0.5233644859813085,0.6145833333333333,0.6263736263736264,0.8640776699029126,0.5555555555555556
K9ZTOb6PbfQ.002.2.jpg,0.5233644859813085,0.6145833333333333,0.6263736263736264,0.8640776699029126,0.5555555555555556
K9ZTOb6PbfQ.002.3.jpg,0.5233644859813085,0.6145833333333333,0.6263736263736264,0.8640776699029126,0.5555555555555556
K9ZTOb6PbfQ.002.4.jpg,0.5233644859813085,0.6145833333333333,0.6263736263736264,0.8640776699029126,0.5555555555555556
h2-_bQdTZYY.005.1.jpg,0.5607476635514019,0.53125,0.5384615384615384,0.4077669902912622,0.6777777777777777
h2-_bQdTZYY.005.2.jpg,0.5607476635514019,0.53125,0.5384615384615384,0.4077669902912622,0.6777777777777777
h2-_bQdTZYY.005.3.jpg,0.5607476635514019,0.53125,0.5384615384615384,0.4077669902912622,0.6777777777777777
h2-_bQdTZYY.005.4.jpg,0.5607476635514019,0.53125,0.5384615384615384,0.4077669902912622,0.6777777777777777
JU_XfoyZIVM.000.1.jpg,0.5981308411214954,0.53125,0.5824175824175825,0.7087378640776699,0.6444444444444444
JU_XfoyZIVM.000.2.jpg,0.5981308411214954,0.53125,0.5824175824175825,0.7087378640776699,0.6444444444444444
JU_XfoyZIVM.000.3.jpg,0.5981308411214954,0.53125,0.5824175824175825,0.7087378640776699,0.6444444444444444
JU_XfoyZIVM.000.4.jpg,0.5981308411214954,0.53125,0.5824175824175825,0.7087378640776699,0.6444444444444444
lErjGxBb1Bk.005.1.jpg,0.4579439252336449,0.5416666666666666,0.5384615384615384,0.5048543689320388,0.5
lErjGxBb1Bk.005.2.jpg,0.4579439252336449,0.5416666666666666,0.5384615384615384,0.5048543689320388,0.5
lErjGxBb1Bk.005.3.jpg,0.4579439252336449,0.5416666666666666,0.5384615384615384,0.5048543689320388,0.5
lErjGxBb1Bk.005.4.jpg,0.4579439252336449,0.5416666666666666,0.5384615384615384,0.5048543689320388,0.5
xLfLuyIQOJE.000.1.jpg,0.4579439252336449,0.5208333333333334,0.6593406593406592,0.6116504854368932,0.5111111111111111
xLfLuyIQOJE.000.2.jpg,0.4579439252336449,0.5208333333333334,0.6593406593406592,0.6116504854368932,0.5111111111111111
xLfLuyIQOJE.000.3.jpg,0.4579439252336449,0.5208333333333334,0.6593406593406592,0.6116504854368932,0.5111111111111111
xLfLuyIQOJE.000.4.jpg,0.4579439252336449,0.5208333333333334,0.6593406593406592,0.6116504854368932,0.5111111111111111
8OckVmEZ8X8.001.1.jpg,0.5140186915887851,0.5208333333333334,0.7142857142857143,0.5631067961165048,0.811111111111111
8OckVmEZ8X8.001.2.jpg,0.5140186915887851,0.5208333333333334,0.7142857142857143,0.5631067961165048,0.811111111111111
8OckVmEZ8X8.001.3.jpg,0.5140186915887851,0.5208333333333334,0.7142857142857143,0.5631067961165048,0.811111111111111
8OckVmEZ8X8.001.4.jpg,0.5140186915887851,0.5208333333333334,0.7142857142857143,0.5631067961165048,0.811111111111111
DCROfrHI1MU.004.1.jpg,0.3271028037383178,0.5104166666666666,0.5934065934065933,0.7378640776699029,0.43333333333333335
DCROfrHI1MU.004.2.jpg,0.3271028037383178,0.5104166666666666,0.5934065934065933,0.7378640776699029,0.43333333333333335
DCROfrHI1MU.004.3.jpg,0.3271028037383178,0.5104166666666666,0.5934065934065933,0.7378640776699029,0.43333333333333335
DCROfrHI1MU.004.4.jpg,0.3271028037383178,0.5104166666666666,0.5934065934065933,0.7378640776699029,0.43333333333333335
UWVOT3YPQH4.000.1.jpg,0.4953271028037384,0.5208333333333334,0.6483516483516484,0.6601941747572816,0.5666666666666667
UWVOT3YPQH4.000.2.jpg,0.4953271028037384,0.5208333333333334,0.6483516483516484,0.6601941747572816,0.5666666666666667
UWVOT3YPQH4.000.3.jpg,0.4953271028037384,0.5208333333333334,0.6483516483516484,0.6601941747572816,0.5666666666666667
UWVOT3YPQH4.000.4.jpg,0.4953271028037384,0.5208333333333334,0.6483516483516484,0.6601941747572816,0.5666666666666667
5Eez38v8TuU.002.1.jpg,0.33644859813084116,0.4375,0.5274725274725275,0.4563106796116505,0.5111111111111111
5Eez38v8TuU.002.2.jpg,0.33644859813084116,0.4375,0.5274725274725275,0.4563106796116505,0.5111111111111111
5Eez38v8TuU.002.3.jpg,0.33644859813084116,0.4375,0.5274725274725275,0.4563106796116505,0.5111111111111111
5Eez38v8TuU.002.4.jpg,0.33644859813084116,0.4375,0.5274725274725275,0.4563106796116505,0.5111111111111111
YPMffqhP0C8.003.1.jpg,0.30841121495327106,0.29166666666666663,0.4505494505494505,0.4174757281553398,0.4222222222222222
YPMffqhP0C8.003.2.jpg,0.30841121495327106,0.29166666666666663,0.4505494505494505,0.4174757281553398,0.4222222222222222
YPMffqhP0C8.003.3.jpg,0.30841121495327106,0.29166666666666663,0.4505494505494505,0.4174757281553398,0.4222222222222222
YPMffqhP0C8.003.4.jpg,0.30841121495327106,0.29166666666666663,0.4505494505494505,0.4174757281553398,0.4222222222222222
RW4a2ERzTO8.002.1.jpg,0.3271028037383178,0.6979166666666666,0.5824175824175825,0.8932038834951456,0.5111111111111111
RW4a2ERzTO8.002.2.jpg,0.3271028037383178,0.6979166666666666,0.5824175824175825,0.8932038834951456,0.5111111111111111
RW4a2ERzTO8.002.3.jpg,0.3271028037383178,0.6979166666666666,0.5824175824175825,0.8932038834951456,0.5111111111111111
RW4a2ERzTO8.002.4.jpg,0.3271028037383178,0.6979166666666666,0.5824175824175825,0.8932038834951456,0.5111111111111111
ECuouf2tVYU.002.1.jpg,0.37383177570093457,0.5104166666666666,0.4725274725274725,0.5728155339805825,0.4444444444444445
ECuouf2tVYU.002.2.jpg,0.37383177570093457,0.5104166666666666,0.4725274725274725,0.5728155339805825,0.4444444444444445
ECuouf2tVYU.002.3.jpg,0.37383177570093457,0.5104166666666666,0.4725274725274725,0.5728155339805825,0.4444444444444445
ECuouf2tVYU.002.4.jpg,0.37383177570093457,0.5104166666666666,0.4725274725274725,0.5728155339805825,0.4444444444444445
PHmkN1cPl10.001.1.jpg,0.2710280373831776,0.5104166666666666,0.6483516483516484,0.7087378640776699,0.5
PHmkN1cPl10.001.2.jpg,0.2710280373831776,0.5104166666666666,0.6483516483516484,0.7087378640776699,0.5
PHmkN1cPl10.001.3.jpg,0.2710280373831776,0.5104166666666666,0.6483516483516484,0.7087378640776699,0.5
PHmkN1cPl10.001.4.jpg,0.2710280373831776,0.5104166666666666,0.6483516483516484,0.7087378640776699,0.5
UGp1GNK0GWg.002.1.jpg,0.4112149532710281,0.4479166666666667,0.32967032967032966,0.33980582524271846,0.5555555555555556
UGp1GNK0GWg.002.2.jpg,0.4112149532710281,0.4479166666666667,0.32967032967032966,0.33980582524271846,0.5555555555555556
UGp1GNK0GWg.002.3.jpg,0.4112149532710281,0.4479166666666667,0.32967032967032966,0.33980582524271846,0.5555555555555556
UGp1GNK0GWg.002.4.jpg,0.4112149532710281,0.4479166666666667,0.32967032967032966,0.33980582524271846,0.5555555555555556
HekcZ0Em60E.003.1.jpg,0.5140186915887851,0.42708333333333337,0.5824175824175825,0.4466019417475728,0.6
HekcZ0Em60E.003.2.jpg,0.5140186915887851,0.42708333333333337,0.5824175824175825,0.4466019417475728,0.6
HekcZ0Em60E.003.3.jpg,0.5140186915887851,0.42708333333333337,0.5824175824175825,0.4466019417475728,0.6
HekcZ0Em60E.003.4.jpg,0.5140186915887851,0.42708333333333337,0.5824175824175825,0.4466019417475728,0.6
heE4ZZXwehI.004.1.jpg,0.36448598130841126,0.39583333333333337,0.5384615384615384,0.5825242718446602,0.5777777777777777
heE4ZZXwehI.004.2.jpg,0.36448598130841126,0.39583333333333337,0.5384615384615384,0.5825242718446602,0.5777777777777777
heE4ZZXwehI.004.3.jpg,0.36448598130841126,0.39583333333333337,0.5384615384615384,0.5825242718446602,0.5777777777777777
heE4ZZXwehI.004.4.jpg,0.36448598130841126,0.39583333333333337,0.5384615384615384,0.5825242718446602,0.5777777777777777
sx57p5HyekI.001.1.jpg,0.5700934579439253,0.5729166666666666,0.3846153846153846,0.5339805825242718,0.611111111111111
sx57p5HyekI.001.2.jpg,0.5700934579439253,0.5729166666666666,0.3846153846153846,0.5339805825242718,0.611111111111111
sx57p5HyekI.001.3.jpg,0.5700934579439253,0.5729166666666666,0.3846153846153846,0.5339805825242718,0.611111111111111
sx57p5HyekI.001.4.jpg,0.5700934579439253,0.5729166666666666,0.3846153846153846,0.5339805825242718,0.611111111111111
2KSBoJZMcMU.000.1.jpg,0.4485981308411215,0.5104166666666666,0.6153846153846153,0.4563106796116505,0.5222222222222223
2KSBoJZMcMU.000.2.jpg,0.4485981308411215,0.5104166666666666,0.6153846153846153,0.4563106796116505,0.5222222222222223
2KSBoJZMcMU.000.3.jpg,0.4485981308411215,0.5104166666666666,0.6153846153846153,0.4563106796116505,0.5222222222222223
2KSBoJZMcMU.000.4.jpg,0.4485981308411215,0.5104166666666666,0.6153846153846153,0.4563106796116505,0.5222222222222223
dOFnHXRLEdM.002.1.jpg,0.7009345794392524,0.6458333333333333,0.7362637362637363,0.6990291262135921,0.7222222222222221
dOFnHXRLEdM.002.2.jpg,0.7009345794392524,0.6458333333333333,0.7362637362637363,0.6990291262135921,0.7222222222222221
dOFnHXRLEdM.002.3.jpg,0.7009345794392524,0.6458333333333333,0.7362637362637363,0.6990291262135921,0.7222222222222221
dOFnHXRLEdM.002.4.jpg,0.7009345794392524,0.6458333333333333,0.7362637362637363,0.6990291262135921,0.7222222222222221
iQvoDdxt06M.004.1.jpg,0.6074766355140188,0.42708333333333337,0.6373626373626373,0.5533980582524272,0.5333333333333333
iQvoDdxt06M.004.2.jpg,0.6074766355140188,0.42708333333333337,0.6373626373626373,0.5533980582524272,0.5333333333333333
iQvoDdxt06M.004.3.jpg,0.6074766355140188,0.42708333333333337,0.6373626373626373,0.5533980582524272,0.5333333333333333
iQvoDdxt06M.004.4.jpg,0.6074766355140188,0.42708333333333337,0.6373626373626373,0.5533980582524272,0.5333333333333333
GO6s-qDADuU.005.1.jpg,0.5794392523364487,0.5,0.6043956043956044,0.5922330097087379,0.5666666666666667
GO6s-qDADuU.005.2.jpg,0.5794392523364487,0.5,0.6043956043956044,0.5922330097087379,0.5666666666666667
GO6s-qDADuU.005.3.jpg,0.5794392523364487,0.5,0.6043956043956044,0.5922330097087379,0.5666666666666667
GO6s-qDADuU.005.4.jpg,0.5794392523364487,0.5,0.6043956043956044,0.5922330097087379,0.5666666666666667
j-F-t4BS0yM.002.1.jpg,0.5981308411214954,0.6770833333333334,0.6263736263736264,0.7669902912621359,0.6888888888888889
j-F-t4BS0yM.002.2.jpg,0.5981308411214954,0.6770833333333334,0.6263736263736264,0.7669902912621359,0.6888888888888889
j-F-t4BS0yM.002.3.jpg,0.5981308411214954,0.6770833333333334,0.6263736263736264,0.7669902912621359,0.6888888888888889
j-F-t4BS0yM.002.4.jpg,0.5981308411214954,0.6770833333333334,0.6263736263736264,0.7669902912621359,0.6888888888888889
XvV4YdhpC2w.003.1.jpg,0.5046728971962617,0.45833333333333337,0.5604395604395604,0.5436893203883495,0.5333333333333333
XvV4YdhpC2w.003.2.jpg,0.5046728971962617,0.45833333333333337,0.5604395604395604,0.5436893203883495,0.5333333333333333
XvV4YdhpC2w.003.3.jpg,0.5046728971962617,0.45833333333333337,0.5604395604395604,0.5436893203883495,0.5333333333333333
XvV4YdhpC2w.003.4.jpg,0.5046728971962617,0.45833333333333337,0.5604395604395604,0.5436893203883495,0.5333333333333333
Z5S5uGXkNuc.000.1.jpg,0.663551401869159,0.5833333333333333,0.7142857142857143,0.7184466019417477,0.7444444444444444
Z5S5uGXkNuc.000.2.jpg,0.663551401869159,0.5833333333333333,0.7142857142857143,0.7184466019417477,0.7444444444444444
Z5S5uGXkNuc.000.3.jpg,0.663551401869159,0.5833333333333333,0.7142857142857143,0.7184466019417477,0.7444444444444444
Z5S5uGXkNuc.000.4.jpg,0.663551401869159,0.5833333333333333,0.7142857142857143,0.7184466019417477,0.7444444444444444
Rwsss8y1bf0.003.1.jpg,0.4018691588785047,0.35416666666666663,0.3736263736263736,0.1941747572815534,0.5777777777777777
Rwsss8y1bf0.003.2.jpg,0.4018691588785047,0.35416666666666663,0.3736263736263736,0.1941747572815534,0.5777777777777777
Rwsss8y1bf0.003.3.jpg,0.4018691588785047,0.35416666666666663,0.3736263736263736,0.1941747572815534,0.5777777777777777
Rwsss8y1bf0.003.4.jpg,0.4018691588785047,0.35416666666666663,0.3736263736263736,0.1941747572815534,0.5777777777777777
rV6Vdn-JrTA.004.1.jpg,0.48598130841121495,0.5625,0.6483516483516484,0.47572815533980584,0.6666666666666666
rV6Vdn-JrTA.004.2.jpg,0.48598130841121495,0.5625,0.6483516483516484,0.47572815533980584,0.6666666666666666
rV6Vdn-JrTA.004.3.jpg,0.48598130841121495,0.5625,0.6483516483516484,0.47572815533980584,0.6666666666666666
rV6Vdn-JrTA.004.4.jpg,0.48598130841121495,0.5625,0.6483516483516484,0.47572815533980584,0.6666666666666666
fczufbliJfQ.000.1.jpg,0.5700934579439253,0.5729166666666666,0.7142857142857143,0.6213592233009709,0.7555555555555554
fczufbliJfQ.000.2.jpg,0.5700934579439253,0.5729166666666666,0.7142857142857143,0.6213592233009709,0.7555555555555554
fczufbliJfQ.000.3.jpg,0.5700934579439253,0.5729166666666666,0.7142857142857143,0.6213592233009709,0.7555555555555554
fczufbliJfQ.000.4.jpg,0.5700934579439253,0.5729166666666666,0.7142857142857143,0.6213592233009709,0.7555555555555554
kK4QL7pOrhs.005.1.jpg,0.5327102803738318,0.5208333333333334,0.5824175824175825,0.6796116504854369,0.6666666666666666
kK4QL7pOrhs.005.2.jpg,0.5327102803738318,0.5208333333333334,0.5824175824175825,0.6796116504854369,0.6666666666666666
kK4QL7pOrhs.005.3.jpg,0.5327102803738318,0.5208333333333334,0.5824175824175825,0.6796116504854369,0.6666666666666666
kK4QL7pOrhs.005.4.jpg,0.5327102803738318,0.5208333333333334,0.5824175824175825,0.6796116504854369,0.6666666666666666
8voP9HTSffg.000.1.jpg,0.19626168224299068,0.18749999999999997,0.3516483516483516,0.2621359223300971,0.2111111111111111
8voP9HTSffg.000.2.jpg,0.19626168224299068,0.18749999999999997,0.3516483516483516,0.2621359223300971,0.2111111111111111
8voP9HTSffg.000.3.jpg,0.19626168224299068,0.18749999999999997,0.3516483516483516,0.2621359223300971,0.2111111111111111
8voP9HTSffg.000.4.jpg,0.19626168224299068,0.18749999999999997,0.3516483516483516,0.2621359223300971,0.2111111111111111
j7VLzb0qw8Q.003.1.jpg,0.5607476635514019,0.5208333333333334,0.5164835164835165,0.4466019417475728,0.5333333333333333
j7VLzb0qw8Q.003.2.jpg,0.5607476635514019,0.5208333333333334,0.5164835164835165,0.4466019417475728,0.5333333333333333
j7VLzb0qw8Q.003.3.jpg,0.5607476635514019,0.5208333333333334,0.5164835164835165,0.4466019417475728,0.5333333333333333
j7VLzb0qw8Q.003.4.jpg,0.5607476635514019,0.5208333333333334,0.5164835164835165,0.4466019417475728,0.5333333333333333
AlEqtGWa43g.003.1.jpg,0.5140186915887851,0.6354166666666666,0.5164835164835165,0.5728155339805825,0.5777777777777777
AlEqtGWa43g.003.2.jpg,0.5140186915887851,0.6354166666666666,0.5164835164835165,0.5728155339805825,0.5777777777777777
AlEqtGWa43g.003.3.jpg,0.5140186915887851,0.6354166666666666,0.5164835164835165,0.5728155339805825,0.5777777777777777
AlEqtGWa43g.003.4.jpg,0.5140186915887851,0.6354166666666666,0.5164835164835165,0.5728155339805825,0.5777777777777777
YqgiL3iN2ak.000.1.jpg,0.36448598130841126,0.42708333333333337,0.4065934065934066,0.3980582524271845,0.8555555555555554
YqgiL3iN2ak.000.2.jpg,0.36448598130841126,0.42708333333333337,0.4065934065934066,0.3980582524271845,0.8555555555555554
YqgiL3iN2ak.000.3.jpg,0.36448598130841126,0.42708333333333337,0.4065934065934066,0.3980582524271845,0.8555555555555554
YqgiL3iN2ak.000.4.jpg,0.36448598130841126,0.42708333333333337,0.4065934065934066,0.3980582524271845,0.8555555555555554
geji1U2YAvg.003.1.jpg,0.4299065420560748,0.5208333333333334,0.29670329670329665,0.4077669902912622,0.5555555555555556
geji1U2YAvg.003.2.jpg,0.4299065420560748,0.5208333333333334,0.29670329670329665,0.4077669902912622,0.5555555555555556
geji1U2YAvg.003.3.jpg,0.4299065420560748,0.5208333333333334,0.29670329670329665,0.4077669902912622,0.5555555555555556
geji1U2YAvg.003.4.jpg,0.4299065420560748,0.5208333333333334,0.29670329670329665,0.4077669902912622,0.5555555555555556
QV4TV3aHxfE.004.1.jpg,0.4112149532710281,0.5208333333333334,0.5714285714285714,0.7281553398058251,0.5333333333333333
QV4TV3aHxfE.004.2.jpg,0.4112149532710281,0.5208333333333334,0.5714285714285714,0.7281553398058251,0.5333333333333333
QV4TV3aHxfE.004.3.jpg,0.4112149532710281,0.5208333333333334,0.5714285714285714,0.7281553398058251,0.5333333333333333
QV4TV3aHxfE.004.4.jpg,0.4112149532710281,0.5208333333333334,0.5714285714285714,0.7281553398058251,0.5333333333333333
o2wtRccAgjE.000.1.jpg,0.4299065420560748,0.42708333333333337,0.5934065934065933,0.5922330097087379,0.45555555555555555
o2wtRccAgjE.000.2.jpg,0.4299065420560748,0.42708333333333337,0.5934065934065933,0.5922330097087379,0.45555555555555555
o2wtRccAgjE.000.3.jpg,0.4299065420560748,0.42708333333333337,0.5934065934065933,0.5922330097087379,0.45555555555555555
o2wtRccAgjE.000.4.jpg,0.4299065420560748,0.42708333333333337,0.5934065934065933,0.5922330097087379,0.45555555555555555
Kpto8K_B-5A.001.1.jpg,0.5140186915887851,0.6041666666666666,0.7252747252747254,0.5825242718446602,0.6888888888888889
Kpto8K_B-5A.001.2.jpg,0.5140186915887851,0.6041666666666666,0.7252747252747254,0.5825242718446602,0.6888888888888889
Kpto8K_B-5A.001.3.jpg,0.5140186915887851,0.6041666666666666,0.7252747252747254,0.5825242718446602,0.6888888888888889
Kpto8K_B-5A.001.4.jpg,0.5140186915887851,0.6041666666666666,0.7252747252747254,0.5825242718446602,0.6888888888888889
1sjXuXtx9-E.001.1.jpg,0.5327102803738318,0.6458333333333333,0.6043956043956044,0.4368932038834952,0.6444444444444444
1sjXuXtx9-E.001.2.jpg,0.5327102803738318,0.6458333333333333,0.6043956043956044,0.4368932038834952,0.6444444444444444
1sjXuXtx9-E.001.3.jpg,0.5327102803738318,0.6458333333333333,0.6043956043956044,0.4368932038834952,0.6444444444444444
1sjXuXtx9-E.001.4.jpg,0.5327102803738318,0.6458333333333333,0.6043956043956044,0.4368932038834952,0.6444444444444444
TPRQyuiNYmI.004.1.jpg,0.6448598130841123,0.6875,0.7912087912087912,0.6601941747572816,0.6
TPRQyuiNYmI.004.2.jpg,0.6448598130841123,0.6875,0.7912087912087912,0.6601941747572816,0.6
TPRQyuiNYmI.004.3.jpg,0.6448598130841123,0.6875,0.7912087912087912,0.6601941747572816,0.6
TPRQyuiNYmI.004.4.jpg,0.6448598130841123,0.6875,0.7912087912087912,0.6601941747572816,0.6
qAisk1lgv2I.001.1.jpg,0.2897196261682243,0.20833333333333331,0.4835164835164835,0.3980582524271845,0.5222222222222223
qAisk1lgv2I.001.2.jpg,0.2897196261682243,0.20833333333333331,0.4835164835164835,0.3980582524271845,0.5222222222222223
qAisk1lgv2I.001.3.jpg,0.2897196261682243,0.20833333333333331,0.4835164835164835,0.3980582524271845,0.5222222222222223
qAisk1lgv2I.001.4.jpg,0.2897196261682243,0.20833333333333331,0.4835164835164835,0.3980582524271845,0.5222222222222223
Hm5K_K0v718.005.1.jpg,0.5046728971962617,0.5833333333333333,0.5274725274725275,0.6213592233009709,0.7
Hm5K_K0v718.005.2.jpg,0.5046728971962617,0.5833333333333333,0.5274725274725275,0.6213592233009709,0.7
Hm5K_K0v718.005.3.jpg,0.5046728971962617,0.5833333333333333,0.5274725274725275,0.6213592233009709,0.7
Hm5K_K0v718.005.4.jpg,0.5046728971962617,0.5833333333333333,0.5274725274725275,0.6213592233009709,0.7
_g3M_MoFIvA.000.1.jpg,0.6448598130841123,0.6458333333333333,0.5494505494505494,0.3786407766990291,0.7666666666666666
_g3M_MoFIvA.000.2.jpg,0.6448598130841123,0.6458333333333333,0.5494505494505494,0.3786407766990291,0.7666666666666666
_g3M_MoFIvA.000.3.jpg,0.6448598130841123,0.6458333333333333,0.5494505494505494,0.3786407766990291,0.7666666666666666
_g3M_MoFIvA.000.4.jpg,0.6448598130841123,0.6458333333333333,0.5494505494505494,0.3786407766990291,0.7666666666666666
opEoJBrcmbI.000.1.jpg,0.30841121495327106,0.35416666666666663,0.4615384615384615,0.4077669902912622,0.45555555555555555
opEoJBrcmbI.000.2.jpg,0.30841121495327106,0.35416666666666663,0.4615384615384615,0.4077669902912622,0.45555555555555555
opEoJBrcmbI.000.3.jpg,0.30841121495327106,0.35416666666666663,0.4615384615384615,0.4077669902912622,0.45555555555555555
opEoJBrcmbI.000.4.jpg,0.30841121495327106,0.35416666666666663,0.4615384615384615,0.4077669902912622,0.45555555555555555
xmD4FKMq2rk.003.1.jpg,0.48598130841121495,0.37499999999999994,0.5934065934065933,0.5048543689320388,0.5
xmD4FKMq2rk.003.2.jpg,0.48598130841121495,0.37499999999999994,0.5934065934065933,0.5048543689320388,0.5
xmD4FKMq2rk.003.3.jpg,0.48598130841121495,0.37499999999999994,0.5934065934065933,0.5048543689320388,0.5
xmD4FKMq2rk.003.4.jpg,0.48598130841121495,0.37499999999999994,0.5934065934065933,0.5048543689320388,0.5
fiVORaERbP0.003.1.jpg,0.28037383177570097,0.4791666666666667,0.4065934065934066,0.6407766990291262,0.24444444444444444
fiVORaERbP0.003.2.jpg,0.28037383177570097,0.4791666666666667,0.4065934065934066,0.6407766990291262,0.24444444444444444
fiVORaERbP0.003.3.jpg,0.28037383177570097,0.4791666666666667,0.4065934065934066,0.6407766990291262,0.24444444444444444
fiVORaERbP0.003.4.jpg,0.28037383177570097,0.4791666666666667,0.4065934065934066,0.6407766990291262,0.24444444444444444
mxLRr3YqgMU.005.1.jpg,0.2336448598130841,0.4479166666666667,0.4945054945054945,0.6601941747572816,0.2777777777777778
mxLRr3YqgMU.005.2.jpg,0.2336448598130841,0.4479166666666667,0.4945054945054945,0.6601941747572816,0.2777777777777778
mxLRr3YqgMU.005.3.jpg,0.2336448598130841,0.4479166666666667,0.4945054945054945,0.6601941747572816,0.2777777777777778
mxLRr3YqgMU.005.4.jpg,0.2336448598130841,0.4479166666666667,0.4945054945054945,0.6601941747572816,0.2777777777777778
-DOqN0d8KHw.000.1.jpg,0.6168224299065421,0.625,0.813186813186813,0.5631067961165048,0.6222222222222222
-DOqN0d8KHw.000.2.jpg,0.6168224299065421,0.625,0.813186813186813,0.5631067961165048,0.6222222222222222
-DOqN0d8KHw.000.3.jpg,0.6168224299065421,0.625,0.813186813186813,0.5631067961165048,0.6222222222222222
-DOqN0d8KHw.000.4.jpg,0.6168224299065421,0.625,0.813186813186813,0.5631067961165048,0.6222222222222222
m5kTITzj1bY.000.1.jpg,0.6355140186915887,0.5833333333333333,0.8021978021978021,0.4563106796116505,0.5333333333333333
m5kTITzj1bY.000.2.jpg,0.6355140186915887,0.5833333333333333,0.8021978021978021,0.4563106796116505,0.5333333333333333
m5kTITzj1bY.000.3.jpg,0.6355140186915887,0.5833333333333333,0.8021978021978021,0.4563106796116505,0.5333333333333333
m5kTITzj1bY.000.4.jpg,0.6355140186915887,0.5833333333333333,0.8021978021978021,0.4563106796116505,0.5333333333333333
_fFmEyvWgfA.001.1.jpg,0.6448598130841123,0.5833333333333333,0.5164835164835165,0.7669902912621359,0.7
_fFmEyvWgfA.001.2.jpg,0.6448598130841123,0.5833333333333333,0.5164835164835165,0.7669902912621359,0.7
_fFmEyvWgfA.001.3.jpg,0.6448598130841123,0.5833333333333333,0.5164835164835165,0.7669902912621359,0.7
_fFmEyvWgfA.001.4.jpg,0.6448598130841123,0.5833333333333333,0.5164835164835165,0.7669902912621359,0.7
Xauhek9-iKA.000.1.jpg,0.6261682242990655,0.6145833333333333,0.7362637362637363,0.6116504854368932,0.7
Xauhek9-iKA.000.2.jpg,0.6261682242990655,0.6145833333333333,0.7362637362637363,0.6116504854368932,0.7
Xauhek9-iKA.000.3.jpg,0.6261682242990655,0.6145833333333333,0.7362637362637363,0.6116504854368932,0.7
Xauhek9-iKA.000.4.jpg,0.6261682242990655,0.6145833333333333,0.7362637362637363,0.6116504854368932,0.7
4nir0YtjHVs.003.1.jpg,0.7009345794392524,0.6979166666666666,0.5824175824175825,0.6504854368932039,0.7999999999999999
4nir0YtjHVs.003.2.jpg,0.7009345794392524,0.6979166666666666,0.5824175824175825,0.6504854368932039,0.7999999999999999
4nir0YtjHVs.003.3.jpg,0.7009345794392524,0.6979166666666666,0.5824175824175825,0.6504854368932039,0.7999999999999999
4nir0YtjHVs.003.4.jpg,0.7009345794392524,0.6979166666666666,0.5824175824175825,0.6504854368932039,0.7999999999999999
XbsA_lCKQLs.000.1.jpg,0.5233644859813085,0.7604166666666666,0.6593406593406592,0.7087378640776699,0.6888888888888889
XbsA_lCKQLs.000.2.jpg,0.5233644859813085,0.7604166666666666,0.6593406593406592,0.7087378640776699,0.6888888888888889
XbsA_lCKQLs.000.3.jpg,0.5233644859813085,0.7604166666666666,0.6593406593406592,0.7087378640776699,0.6888888888888889
XbsA_lCKQLs.000.4.jpg,0.5233644859813085,0.7604166666666666,0.6593406593406592,0.7087378640776699,0.6888888888888889
J6RHl6U6Jcw.001.1.jpg,0.6355140186915887,0.6458333333333333,0.6923076923076923,0.5922330097087379,0.6777777777777777
J6RHl6U6Jcw.001.2.jpg,0.6355140186915887,0.6458333333333333,0.6923076923076923,0.5922330097087379,0.6777777777777777
J6RHl6U6Jcw.001.3.jpg,0.6355140186915887,0.6458333333333333,0.6923076923076923,0.5922330097087379,0.6777777777777777
J6RHl6U6Jcw.001.4.jpg,0.6355140186915887,0.6458333333333333,0.6923076923076923,0.5922330097087379,0.6777777777777777
YygvfVxOWP8.001.1.jpg,0.5981308411214954,0.6458333333333333,0.6043956043956044,0.6116504854368932,0.5777777777777777
YygvfVxOWP8.001.2.jpg,0.5981308411214954,0.6458333333333333,0.6043956043956044,0.6116504854368932,0.5777777777777777
YygvfVxOWP8.001.3.jpg,0.5981308411214954,0.6458333333333333,0.6043956043956044,0.6116504854368932,0.5777777777777777
YygvfVxOWP8.001.4.jpg,0.5981308411214954,0.6458333333333333,0.6043956043956044,0.6116504854368932,0.5777777777777777
3lV-sr3NOUo.005.1.jpg,0.4112149532710281,0.40625000000000006,0.5494505494505494,0.4854368932038835,0.5111111111111111
3lV-sr3NOUo.005.2.jpg,0.4112149532710281,0.40625000000000006,0.5494505494505494,0.4854368932038835,0.5111111111111111
3lV-sr3NOUo.005.3.jpg,0.4112149532710281,0.40625000000000006,0.5494505494505494,0.4854368932038835,0.5111111111111111
3lV-sr3NOUo.005.4.jpg,0.4112149532710281,0.40625000000000006,0.5494505494505494,0.4854368932038835,0.5111111111111111
Pb7aNc6Kd40.004.1.jpg,0.4018691588785047,0.65625,0.4725274725274725,0.7864077669902914,0.6222222222222222
Pb7aNc6Kd40.004.2.jpg,0.4018691588785047,0.65625,0.4725274725274725,0.7864077669902914,0.6222222222222222
Pb7aNc6Kd40.004.3.jpg,0.4018691588785047,0.65625,0.4725274725274725,0.7864077669902914,0.6222222222222222
Pb7aNc6Kd40.004.4.jpg,0.4018691588785047,0.65625,0.4725274725274725,0.7864077669902914,0.6222222222222222
VvVigAr4hZc.001.1.jpg,0.7102803738317757,0.7291666666666667,0.7032967032967032,0.6796116504854369,0.6444444444444444
VvVigAr4hZc.001.2.jpg,0.7102803738317757,0.7291666666666667,0.7032967032967032,0.6796116504854369,0.6444444444444444
VvVigAr4hZc.001.3.jpg,0.7102803738317757,0.7291666666666667,0.7032967032967032,0.6796116504854369,0.6444444444444444
VvVigAr4hZc.001.4.jpg,0.7102803738317757,0.7291666666666667,0.7032967032967032,0.6796116504854369,0.6444444444444444
jwcSbw4NDn0.000.1.jpg,0.4392523364485981,0.4375,0.4065934065934066,0.5145631067961165,0.6888888888888889
jwcSbw4NDn0.000.2.jpg,0.4392523364485981,0.4375,0.4065934065934066,0.5145631067961165,0.6888888888888889
jwcSbw4NDn0.000.3.jpg,0.4392523364485981,0.4375,0.4065934065934066,0.5145631067961165,0.6888888888888889
jwcSbw4NDn0.000.4.jpg,0.4392523364485981,0.4375,0.4065934065934066,0.5145631067961165,0.6888888888888889
bN2IM-rqZlc.005.1.jpg,0.33644859813084116,0.28125,0.5934065934065933,0.4660194174757281,0.4
bN2IM-rqZlc.005.2.jpg,0.33644859813084116,0.28125,0.5934065934065933,0.4660194174757281,0.4
bN2IM-rqZlc.005.3.jpg,0.33644859813084116,0.28125,0.5934065934065933,0.4660194174757281,0.4
bN2IM-rqZlc.005.4.jpg,0.33644859813084116,0.28125,0.5934065934065933,0.4660194174757281,0.4
mpk5Ubw2fj8.001.1.jpg,0.3457943925233645,0.46875,0.4945054945054945,0.6504854368932039,0.4444444444444445
mpk5Ubw2fj8.001.2.jpg,0.3457943925233645,0.46875,0.4945054945054945,0.6504854368932039,0.4444444444444445
mpk5Ubw2fj8.001.3.jpg,0.3457943925233645,0.46875,0.4945054945054945,0.6504854368932039,0.4444444444444445
mpk5Ubw2fj8.001.4.jpg,0.3457943925233645,0.46875,0.4945054945054945,0.6504854368932039,0.4444444444444445
8nt2PL_p-Io.001.1.jpg,0.7196261682242993,0.8333333333333334,0.835164835164835,0.8834951456310681,0.888888888888889
8nt2PL_p-Io.001.2.jpg,0.7196261682242993,0.8333333333333334,0.835164835164835,0.8834951456310681,0.888888888888889
8nt2PL_p-Io.001.3.jpg,0.7196261682242993,0.8333333333333334,0.835164835164835,0.8834951456310681,0.888888888888889
8nt2PL_p-Io.001.4.jpg,0.7196261682242993,0.8333333333333334,0.835164835164835,0.8834951456310681,0.888888888888889
_kK9tGN883Y.001.1.jpg,0.2336448598130841,0.21874999999999997,0.3516483516483516,0.27184466019417475,0.3666666666666667
_kK9tGN883Y.001.2.jpg,0.2336448598130841,0.21874999999999997,0.3516483516483516,0.27184466019417475,0.3666666666666667
_kK9tGN883Y.001.3.jpg,0.2336448598130841,0.21874999999999997,0.3516483516483516,0.27184466019417475,0.3666666666666667
_kK9tGN883Y.001.4.jpg,0.2336448598130841,0.21874999999999997,0.3516483516483516,0.27184466019417475,0.3666666666666667
z-CV743owek.004.1.jpg,0.38317757009345793,0.40625000000000006,0.5824175824175825,0.4174757281553398,0.4888888888888889
z-CV743owek.004.2.jpg,0.38317757009345793,0.40625000000000006,0.5824175824175825,0.4174757281553398,0.4888888888888889
z-CV743owek.004.3.jpg,0.38317757009345793,0.40625000000000006,0.5824175824175825,0.4174757281553398,0.4888888888888889
z-CV743owek.004.4.jpg,0.38317757009345793,0.40625000000000006,0.5824175824175825,0.4174757281553398,0.4888888888888889
L5kpy0SA7os.002.1.jpg,0.39252336448598135,0.3854166666666667,0.5274725274725275,0.5631067961165048,0.4777777777777778
L5kpy0SA7os.002.2.jpg,0.39252336448598135,0.3854166666666667,0.5274725274725275,0.5631067961165048,0.4777777777777778
L5kpy0SA7os.002.3.jpg,0.39252336448598135,0.3854166666666667,0.5274725274725275,0.5631067961165048,0.4777777777777778
L5kpy0SA7os.002.4.jpg,0.39252336448598135,0.3854166666666667,0.5274725274725275,0.5631067961165048,0.4777777777777778
9mM_0vrO3wc.000.1.jpg,0.5700934579439253,0.6770833333333334,0.6263736263736264,0.6699029126213591,0.6444444444444444
9mM_0vrO3wc.000.2.jpg,0.5700934579439253,0.6770833333333334,0.6263736263736264,0.6699029126213591,0.6444444444444444
9mM_0vrO3wc.000.3.jpg,0.5700934579439253,0.6770833333333334,0.6263736263736264,0.6699029126213591,0.6444444444444444
9mM_0vrO3wc.000.4.jpg,0.5700934579439253,0.6770833333333334,0.6263736263736264,0.6699029126213591,0.6444444444444444
qP8YzH6LT9c.000.1.jpg,0.6355140186915887,0.5833333333333333,0.7362637362637363,0.5436893203883495,0.7444444444444444
qP8YzH6LT9c.000.2.jpg,0.6355140186915887,0.5833333333333333,0.7362637362637363,0.5436893203883495,0.7444444444444444
qP8YzH6LT9c.000.3.jpg,0.6355140186915887,0.5833333333333333,0.7362637362637363,0.5436893203883495,0.7444444444444444
qP8YzH6LT9c.000.4.jpg,0.6355140186915887,0.5833333333333333,0.7362637362637363,0.5436893203883495,0.7444444444444444
Bmn4YEhgBDY.000.1.jpg,0.6822429906542057,0.6666666666666667,0.6593406593406592,0.6310679611650486,0.6444444444444444
Bmn4YEhgBDY.000.2.jpg,0.6822429906542057,0.6666666666666667,0.6593406593406592,0.6310679611650486,0.6444444444444444
Bmn4YEhgBDY.000.3.jpg,0.6822429906542057,0.6666666666666667,0.6593406593406592,0.6310679611650486,0.6444444444444444
Bmn4YEhgBDY.000.4.jpg,0.6822429906542057,0.6666666666666667,0.6593406593406592,0.6310679611650486,0.6444444444444444
o1mTIo1vPas.003.1.jpg,0.26168224299065423,0.4375,0.4835164835164835,0.3495145631067961,0.5444444444444444
o1mTIo1vPas.003.2.jpg,0.26168224299065423,0.4375,0.4835164835164835,0.3495145631067961,0.5444444444444444
o1mTIo1vPas.003.3.jpg,0.26168224299065423,0.4375,0.4835164835164835,0.3495145631067961,0.5444444444444444
o1mTIo1vPas.003.4.jpg,0.26168224299065423,0.4375,0.4835164835164835,0.3495145631067961,0.5444444444444444
HbGeoKBULAA.000.1.jpg,0.6728971962616823,0.7812499999999999,0.813186813186813,0.7961165048543688,0.7888888888888888
HbGeoKBULAA.000.2.jpg,0.6728971962616823,0.7812499999999999,0.813186813186813,0.7961165048543688,0.7888888888888888
HbGeoKBULAA.000.3.jpg,0.6728971962616823,0.7812499999999999,0.813186813186813,0.7961165048543688,0.7888888888888888
HbGeoKBULAA.000.4.jpg,0.6728971962616823,0.7812499999999999,0.813186813186813,0.7961165048543688,0.7888888888888888
p1ORMiJ0fPU.000.1.jpg,0.8317757009345795,0.7187499999999999,0.8021978021978021,0.6601941747572816,0.7666666666666666
p1ORMiJ0fPU.000.2.jpg,0.8317757009345795,0.7187499999999999,0.8021978021978021,0.6601941747572816,0.7666666666666666
p1ORMiJ0fPU.000.3.jpg,0.8317757009345795,0.7187499999999999,0.8021978021978021,0.6601941747572816,0.7666666666666666
p1ORMiJ0fPU.000.4.jpg,0.8317757009345795,0.7187499999999999,0.8021978021978021,0.6601941747572816,0.7666666666666666
uEBTnI1zqhs.001.1.jpg,0.17757009345794392,0.2395833333333333,0.4505494505494505,0.24271844660194175,0.3777777777777778
uEBTnI1zqhs.001.2.jpg,0.17757009345794392,0.2395833333333333,0.4505494505494505,0.24271844660194175,0.3777777777777778
uEBTnI1zqhs.001.3.jpg,0.17757009345794392,0.2395833333333333,0.4505494505494505,0.24271844660194175,0.3777777777777778
uEBTnI1zqhs.001.4.jpg,0.17757009345794392,0.2395833333333333,0.4505494505494505,0.24271844660194175,0.3777777777777778
2UxhlaDEPmI.000.1.jpg,0.19626168224299068,0.20833333333333331,0.30769230769230765,0.33980582524271846,0.1777777777777778
2UxhlaDEPmI.000.2.jpg,0.19626168224299068,0.20833333333333331,0.30769230769230765,0.33980582524271846,0.1777777777777778
2UxhlaDEPmI.000.3.jpg,0.19626168224299068,0.20833333333333331,0.30769230769230765,0.33980582524271846,0.1777777777777778
2UxhlaDEPmI.000.4.jpg,0.19626168224299068,0.20833333333333331,0.30769230769230765,0.33980582524271846,0.1777777777777778
nCWEEoJfjgE.001.1.jpg,0.30841121495327106,0.45833333333333337,0.5494505494505494,0.5242718446601942,0.38888888888888895
nCWEEoJfjgE.001.2.jpg,0.30841121495327106,0.45833333333333337,0.5494505494505494,0.5242718446601942,0.38888888888888895
nCWEEoJfjgE.001.3.jpg,0.30841121495327106,0.45833333333333337,0.5494505494505494,0.5242718446601942,0.38888888888888895
nCWEEoJfjgE.001.4.jpg,0.30841121495327106,0.45833333333333337,0.5494505494505494,0.5242718446601942,0.38888888888888895
GntxKkVigvE.001.1.jpg,0.4485981308411215,0.4895833333333333,0.5054945054945055,0.27184466019417475,0.5
GntxKkVigvE.001.2.jpg,0.4485981308411215,0.4895833333333333,0.5054945054945055,0.27184466019417475,0.5
GntxKkVigvE.001.3.jpg,0.4485981308411215,0.4895833333333333,0.5054945054945055,0.27184466019417475,0.5
GntxKkVigvE.001.4.jpg,0.4485981308411215,0.4895833333333333,0.5054945054945055,0.27184466019417475,0.5
V1TjmLtgNm0.003.1.jpg,0.5514018691588786,0.40625000000000006,0.4725274725274725,0.42718446601941745,0.611111111111111
V1TjmLtgNm0.003.2.jpg,0.5514018691588786,0.40625000000000006,0.4725274725274725,0.42718446601941745,0.611111111111111
V1TjmLtgNm0.003.3.jpg,0.5514018691588786,0.40625000000000006,0.4725274725274725,0.42718446601941745,0.611111111111111
V1TjmLtgNm0.003.4.jpg,0.5514018691588786,0.40625000000000006,0.4725274725274725,0.42718446601941745,0.611111111111111
RGuHfwIRKpA.002.1.jpg,0.3177570093457944,0.5729166666666666,0.6373626373626373,0.8058252427184466,0.4222222222222222
RGuHfwIRKpA.002.2.jpg,0.3177570093457944,0.5729166666666666,0.6373626373626373,0.8058252427184466,0.4222222222222222
RGuHfwIRKpA.002.3.jpg,0.3177570093457944,0.5729166666666666,0.6373626373626373,0.8058252427184466,0.4222222222222222
RGuHfwIRKpA.002.4.jpg,0.3177570093457944,0.5729166666666666,0.6373626373626373,0.8058252427184466,0.4222222222222222
PpJ4S8ZM8mQ.003.1.jpg,0.6168224299065421,0.4479166666666667,0.5604395604395604,0.5436893203883495,0.6444444444444444
PpJ4S8ZM8mQ.003.2.jpg,0.6168224299065421,0.4479166666666667,0.5604395604395604,0.5436893203883495,0.6444444444444444
PpJ4S8ZM8mQ.003.3.jpg,0.6168224299065421,0.4479166666666667,0.5604395604395604,0.5436893203883495,0.6444444444444444
PpJ4S8ZM8mQ.003.4.jpg,0.6168224299065421,0.4479166666666667,0.5604395604395604,0.5436893203883495,0.6444444444444444
9pGJyf1MXLY.003.1.jpg,0.5514018691588786,0.6041666666666666,0.5384615384615384,0.5728155339805825,0.6555555555555556
9pGJyf1MXLY.003.2.jpg,0.5514018691588786,0.6041666666666666,0.5384615384615384,0.5728155339805825,0.6555555555555556
9pGJyf1MXLY.003.3.jpg,0.5514018691588786,0.6041666666666666,0.5384615384615384,0.5728155339805825,0.6555555555555556
9pGJyf1MXLY.003.4.jpg,0.5514018691588786,0.6041666666666666,0.5384615384615384,0.5728155339805825,0.6555555555555556
mAjagYWuT7A.003.1.jpg,0.47663551401869164,0.5625,0.5934065934065933,0.6893203883495147,0.5333333333333333
mAjagYWuT7A.003.2.jpg,0.47663551401869164,0.5625,0.5934065934065933,0.6893203883495147,0.5333333333333333
mAjagYWuT7A.003.3.jpg,0.47663551401869164,0.5625,0.5934065934065933,0.6893203883495147,0.5333333333333333
mAjagYWuT7A.003.4.jpg,0.47663551401869164,0.5625,0.5934065934065933,0.6893203883495147,0.5333333333333333
jKHaHWuaU14.000.1.jpg,0.28037383177570097,0.32291666666666663,0.2747252747252747,0.2912621359223301,0.4444444444444445
jKHaHWuaU14.000.2.jpg,0.28037383177570097,0.32291666666666663,0.2747252747252747,0.2912621359223301,0.4444444444444445
jKHaHWuaU14.000.3.jpg,0.28037383177570097,0.32291666666666663,0.2747252747252747,0.2912621359223301,0.4444444444444445
jKHaHWuaU14.000.4.jpg,0.28037383177570097,0.32291666666666663,0.2747252747252747,0.2912621359223301,0.4444444444444445
8hH_eJ8qv_M.002.1.jpg,0.7570093457943926,0.8645833333333334,0.6483516483516484,0.8349514563106796,0.8777777777777777
8hH_eJ8qv_M.002.2.jpg,0.7570093457943926,0.8645833333333334,0.6483516483516484,0.8349514563106796,0.8777777777777777
8hH_eJ8qv_M.002.3.jpg,0.7570093457943926,0.8645833333333334,0.6483516483516484,0.8349514563106796,0.8777777777777777
8hH_eJ8qv_M.002.4.jpg,0.7570093457943926,0.8645833333333334,0.6483516483516484,0.8349514563106796,0.8777777777777777
OcS4H_dFeOc.004.1.jpg,0.28037383177570097,0.4895833333333333,0.5604395604395604,0.36893203883495146,0.4444444444444445
OcS4H_dFeOc.004.2.jpg,0.28037383177570097,0.4895833333333333,0.5604395604395604,0.36893203883495146,0.4444444444444445
OcS4H_dFeOc.004.3.jpg,0.28037383177570097,0.4895833333333333,0.5604395604395604,0.36893203883495146,0.4444444444444445
OcS4H_dFeOc.004.4.jpg,0.28037383177570097,0.4895833333333333,0.5604395604395604,0.36893203883495146,0.4444444444444445
HH03EXo0TB0.003.1.jpg,0.37383177570093457,0.4166666666666667,0.5164835164835165,0.33980582524271846,0.3777777777777778
HH03EXo0TB0.003.2.jpg,0.37383177570093457,0.4166666666666667,0.5164835164835165,0.33980582524271846,0.3777777777777778
HH03EXo0TB0.003.3.jpg,0.37383177570093457,0.4166666666666667,0.5164835164835165,0.33980582524271846,0.3777777777777778
HH03EXo0TB0.003.4.jpg,0.37383177570093457,0.4166666666666667,0.5164835164835165,0.33980582524271846,0.3777777777777778
6l0RBbxg4fk.001.1.jpg,0.6822429906542057,0.7500000000000001,0.813186813186813,0.6601941747572816,0.8666666666666667
6l0RBbxg4fk.001.2.jpg,0.6822429906542057,0.7500000000000001,0.813186813186813,0.6601941747572816,0.8666666666666667
6l0RBbxg4fk.001.3.jpg,0.6822429906542057,0.7500000000000001,0.813186813186813,0.6601941747572816,0.8666666666666667
6l0RBbxg4fk.001.4.jpg,0.6822429906542057,0.7500000000000001,0.813186813186813,0.6601941747572816,0.8666666666666667
OXkDmd3nA94.001.1.jpg,0.24299065420560748,0.1458333333333333,0.2857142857142857,0.30097087378640774,0.25555555555555554
OXkDmd3nA94.001.2.jpg,0.24299065420560748,0.1458333333333333,0.2857142857142857,0.30097087378640774,0.25555555555555554
OXkDmd3nA94.001.3.jpg,0.24299065420560748,0.1458333333333333,0.2857142857142857,0.30097087378640774,0.25555555555555554
OXkDmd3nA94.001.4.jpg,0.24299065420560748,0.1458333333333333,0.2857142857142857,0.30097087378640774,0.25555555555555554
FlAGm93fJa0.001.1.jpg,0.5233644859813085,0.45833333333333337,0.6263736263736264,0.5339805825242718,0.6222222222222222
FlAGm93fJa0.001.2.jpg,0.5233644859813085,0.45833333333333337,0.6263736263736264,0.5339805825242718,0.6222222222222222
FlAGm93fJa0.001.3.jpg,0.5233644859813085,0.45833333333333337,0.6263736263736264,0.5339805825242718,0.6222222222222222
FlAGm93fJa0.001.4.jpg,0.5233644859813085,0.45833333333333337,0.6263736263736264,0.5339805825242718,0.6222222222222222
Bz3Jx4QL_6Q.005.1.jpg,0.5140186915887851,0.6875,0.6593406593406592,0.6893203883495147,0.5555555555555556
Bz3Jx4QL_6Q.005.2.jpg,0.5140186915887851,0.6875,0.6593406593406592,0.6893203883495147,0.5555555555555556
Bz3Jx4QL_6Q.005.3.jpg,0.5140186915887851,0.6875,0.6593406593406592,0.6893203883495147,0.5555555555555556
Bz3Jx4QL_6Q.005.4.jpg,0.5140186915887851,0.6875,0.6593406593406592,0.6893203883495147,0.5555555555555556
_mvqVnzddCw.001.1.jpg,0.8130841121495327,0.8333333333333334,0.6813186813186812,0.6893203883495147,0.811111111111111
_mvqVnzddCw.001.2.jpg,0.8130841121495327,0.8333333333333334,0.6813186813186812,0.6893203883495147,0.811111111111111
_mvqVnzddCw.001.3.jpg,0.8130841121495327,0.8333333333333334,0.6813186813186812,0.6893203883495147,0.811111111111111
_mvqVnzddCw.001.4.jpg,0.8130841121495327,0.8333333333333334,0.6813186813186812,0.6893203883495147,0.811111111111111
CLGJCzz6tIU.002.1.jpg,0.6448598130841123,0.5833333333333333,0.5714285714285714,0.5631067961165048,0.5444444444444444
CLGJCzz6tIU.002.2.jpg,0.6448598130841123,0.5833333333333333,0.5714285714285714,0.5631067961165048,0.5444444444444444
CLGJCzz6tIU.002.3.jpg,0.6448598130841123,0.5833333333333333,0.5714285714285714,0.5631067961165048,0.5444444444444444
CLGJCzz6tIU.002.4.jpg,0.6448598130841123,0.5833333333333333,0.5714285714285714,0.5631067961165048,0.5444444444444444
R-vly7LKotQ.000.1.jpg,0.5233644859813085,0.6979166666666666,0.824175824175824,0.5922330097087379,0.6
R-vly7LKotQ.000.2.jpg,0.5233644859813085,0.6979166666666666,0.824175824175824,0.5922330097087379,0.6
R-vly7LKotQ.000.3.jpg,0.5233644859813085,0.6979166666666666,0.824175824175824,0.5922330097087379,0.6
R-vly7LKotQ.000.4.jpg,0.5233644859813085,0.6979166666666666,0.824175824175824,0.5922330097087379,0.6
g9zgIN56MnQ.003.1.jpg,0.5700934579439253,0.42708333333333337,0.3956043956043956,0.4174757281553398,0.4222222222222222
g9zgIN56MnQ.003.2.jpg,0.5700934579439253,0.42708333333333337,0.3956043956043956,0.4174757281553398,0.4222222222222222
g9zgIN56MnQ.003.3.jpg,0.5700934579439253,0.42708333333333337,0.3956043956043956,0.4174757281553398,0.4222222222222222
g9zgIN56MnQ.003.4.jpg,0.5700934579439253,0.42708333333333337,0.3956043956043956,0.4174757281553398,0.4222222222222222
nZz1hK90gwA.001.1.jpg,0.35514018691588783,0.32291666666666663,0.31868131868131866,0.1941747572815534,0.4222222222222222
nZz1hK90gwA.001.2.jpg,0.35514018691588783,0.32291666666666663,0.31868131868131866,0.1941747572815534,0.4222222222222222
nZz1hK90gwA.001.3.jpg,0.35514018691588783,0.32291666666666663,0.31868131868131866,0.1941747572815534,0.4222222222222222
nZz1hK90gwA.001.4.jpg,0.35514018691588783,0.32291666666666663,0.31868131868131866,0.1941747572815534,0.4222222222222222
uDm7iZuX5DQ.003.1.jpg,0.35514018691588783,0.32291666666666663,0.4065934065934066,0.33980582524271846,0.3777777777777778
uDm7iZuX5DQ.003.2.jpg,0.35514018691588783,0.32291666666666663,0.4065934065934066,0.33980582524271846,0.3777777777777778
uDm7iZuX5DQ.003.3.jpg,0.35514018691588783,0.32291666666666663,0.4065934065934066,0.33980582524271846,0.3777777777777778
uDm7iZuX5DQ.003.4.jpg,0.35514018691588783,0.32291666666666663,0.4065934065934066,0.33980582524271846,0.3777777777777778
mxLRr3YqgMU.002.1.jpg,0.19626168224299068,0.4791666666666667,0.5934065934065933,0.8155339805825244,0.34444444444444444
mxLRr3YqgMU.002.2.jpg,0.19626168224299068,0.4791666666666667,0.5934065934065933,0.8155339805825244,0.34444444444444444
mxLRr3YqgMU.002.3.jpg,0.19626168224299068,0.4791666666666667,0.5934065934065933,0.8155339805825244,0.34444444444444444
mxLRr3YqgMU.002.4.jpg,0.19626168224299068,0.4791666666666667,0.5934065934065933,0.8155339805825244,0.34444444444444444
bBqZyG-9ksM.004.1.jpg,0.6542056074766356,0.5729166666666666,0.6043956043956044,0.4466019417475728,0.711111111111111
bBqZyG-9ksM.004.2.jpg,0.6542056074766356,0.5729166666666666,0.6043956043956044,0.4466019417475728,0.711111111111111
bBqZyG-9ksM.004.3.jpg,0.6542056074766356,0.5729166666666666,0.6043956043956044,0.4466019417475728,0.711111111111111
bBqZyG-9ksM.004.4.jpg,0.6542056074766356,0.5729166666666666,0.6043956043956044,0.4466019417475728,0.711111111111111
Z6vQQvro86Y.000.1.jpg,0.5046728971962617,0.40625000000000006,0.4615384615384615,0.3883495145631068,0.5111111111111111
Z6vQQvro86Y.000.2.jpg,0.5046728971962617,0.40625000000000006,0.4615384615384615,0.3883495145631068,0.5111111111111111
Z6vQQvro86Y.000.3.jpg,0.5046728971962617,0.40625000000000006,0.4615384615384615,0.3883495145631068,0.5111111111111111
Z6vQQvro86Y.000.4.jpg,0.5046728971962617,0.40625000000000006,0.4615384615384615,0.3883495145631068,0.5111111111111111
cgGCyBMdGrA.004.1.jpg,0.3177570093457944,0.3020833333333333,0.4065934065934066,0.35922330097087385,0.4888888888888889
cgGCyBMdGrA.004.2.jpg,0.3177570093457944,0.3020833333333333,0.4065934065934066,0.35922330097087385,0.4888888888888889
cgGCyBMdGrA.004.3.jpg,0.3177570093457944,0.3020833333333333,0.4065934065934066,0.35922330097087385,0.4888888888888889
cgGCyBMdGrA.004.4.jpg,0.3177570093457944,0.3020833333333333,0.4065934065934066,0.35922330097087385,0.4888888888888889
WER4ww680QQ.000.1.jpg,0.4205607476635514,0.4166666666666667,0.4505494505494505,0.4466019417475728,0.5666666666666667
WER4ww680QQ.000.2.jpg,0.4205607476635514,0.4166666666666667,0.4505494505494505,0.4466019417475728,0.5666666666666667
WER4ww680QQ.000.3.jpg,0.4205607476635514,0.4166666666666667,0.4505494505494505,0.4466019417475728,0.5666666666666667
WER4ww680QQ.000.4.jpg,0.4205607476635514,0.4166666666666667,0.4505494505494505,0.4466019417475728,0.5666666666666667
Zdz0TqboSNI.002.1.jpg,0.691588785046729,0.4791666666666667,0.6923076923076923,0.6310679611650486,0.5333333333333333
Zdz0TqboSNI.002.2.jpg,0.691588785046729,0.4791666666666667,0.6923076923076923,0.6310679611650486,0.5333333333333333
Zdz0TqboSNI.002.3.jpg,0.691588785046729,0.4791666666666667,0.6923076923076923,0.6310679611650486,0.5333333333333333
Zdz0TqboSNI.002.4.jpg,0.691588785046729,0.4791666666666667,0.6923076923076923,0.6310679611650486,0.5333333333333333
6waL_gUxtAM.002.1.jpg,0.7102803738317757,0.65625,0.6263736263736264,0.6407766990291262,0.7999999999999999
6waL_gUxtAM.002.2.jpg,0.7102803738317757,0.65625,0.6263736263736264,0.6407766990291262,0.7999999999999999
6waL_gUxtAM.002.3.jpg,0.7102803738317757,0.65625,0.6263736263736264,0.6407766990291262,0.7999999999999999
6waL_gUxtAM.002.4.jpg,0.7102803738317757,0.65625,0.6263736263736264,0.6407766990291262,0.7999999999999999
1m67onLoRwY.001.1.jpg,0.3271028037383178,0.45833333333333337,0.4065934065934066,0.47572815533980584,0.611111111111111
1m67onLoRwY.001.2.jpg,0.3271028037383178,0.45833333333333337,0.4065934065934066,0.47572815533980584,0.611111111111111
1m67onLoRwY.001.3.jpg,0.3271028037383178,0.45833333333333337,0.4065934065934066,0.47572815533980584,0.611111111111111
1m67onLoRwY.001.4.jpg,0.3271028037383178,0.45833333333333337,0.4065934065934066,0.47572815533980584,0.611111111111111
U-XrzfFzMkg.000.1.jpg,0.6728971962616823,0.5416666666666666,0.6153846153846153,0.5436893203883495,0.6555555555555556
U-XrzfFzMkg.000.2.jpg,0.6728971962616823,0.5416666666666666,0.6153846153846153,0.5436893203883495,0.6555555555555556
U-XrzfFzMkg.000.3.jpg,0.6728971962616823,0.5416666666666666,0.6153846153846153,0.5436893203883495,0.6555555555555556
U-XrzfFzMkg.000.4.jpg,0.6728971962616823,0.5416666666666666,0.6153846153846153,0.5436893203883495,0.6555555555555556
nZC82V87Pm0.001.1.jpg,0.37383177570093457,0.42708333333333337,0.5714285714285714,0.6310679611650486,0.5222222222222223
nZC82V87Pm0.001.2.jpg,0.37383177570093457,0.42708333333333337,0.5714285714285714,0.6310679611650486,0.5222222222222223
nZC82V87Pm0.001.3.jpg,0.37383177570093457,0.42708333333333337,0.5714285714285714,0.6310679611650486,0.5222222222222223
nZC82V87Pm0.001.4.jpg,0.37383177570093457,0.42708333333333337,0.5714285714285714,0.6310679611650486,0.5222222222222223
Z3FdUfZLHyw.003.1.jpg,0.35514018691588783,0.4166666666666667,0.5714285714285714,0.2815533980582524,0.6222222222222222
Z3FdUfZLHyw.003.2.jpg,0.35514018691588783,0.4166666666666667,0.5714285714285714,0.2815533980582524,0.6222222222222222
Z3FdUfZLHyw.003.3.jpg,0.35514018691588783,0.4166666666666667,0.5714285714285714,0.2815533980582524,0.6222222222222222
Z3FdUfZLHyw.003.4.jpg,0.35514018691588783,0.4166666666666667,0.5714285714285714,0.2815533980582524,0.6222222222222222
2T3oK1Gse2g.005.1.jpg,0.6168224299065421,0.5520833333333334,0.6153846153846153,0.4660194174757281,0.711111111111111
2T3oK1Gse2g.005.2.jpg,0.6168224299065421,0.5520833333333334,0.6153846153846153,0.4660194174757281,0.711111111111111
2T3oK1Gse2g.005.3.jpg,0.6168224299065421,0.5520833333333334,0.6153846153846153,0.4660194174757281,0.711111111111111
2T3oK1Gse2g.005.4.jpg,0.6168224299065421,0.5520833333333334,0.6153846153846153,0.4660194174757281,0.711111111111111
F5kL7RWS_f0.001.1.jpg,0.4485981308411215,0.4791666666666667,0.6153846153846153,0.6601941747572816,0.5444444444444444
F5kL7RWS_f0.001.2.jpg,0.4485981308411215,0.4791666666666667,0.6153846153846153,0.6601941747572816,0.5444444444444444
F5kL7RWS_f0.001.3.jpg,0.4485981308411215,0.4791666666666667,0.6153846153846153,0.6601941747572816,0.5444444444444444
F5kL7RWS_f0.001.4.jpg,0.4485981308411215,0.4791666666666667,0.6153846153846153,0.6601941747572816,0.5444444444444444
TK6hBCARiHI.001.1.jpg,0.5514018691588786,0.46875,0.4065934065934066,0.3786407766990291,0.5555555555555556
TK6hBCARiHI.001.2.jpg,0.5514018691588786,0.46875,0.4065934065934066,0.3786407766990291,0.5555555555555556
TK6hBCARiHI.001.3.jpg,0.5514018691588786,0.46875,0.4065934065934066,0.3786407766990291,0.5555555555555556
TK6hBCARiHI.001.4.jpg,0.5514018691588786,0.46875,0.4065934065934066,0.3786407766990291,0.5555555555555556
93XyRBd_HqU.003.1.jpg,0.7570093457943926,0.6875,0.6593406593406592,0.7281553398058251,0.6555555555555556
93XyRBd_HqU.003.2.jpg,0.7570093457943926,0.6875,0.6593406593406592,0.7281553398058251,0.6555555555555556
93XyRBd_HqU.003.3.jpg,0.7570093457943926,0.6875,0.6593406593406592,0.7281553398058251,0.6555555555555556
93XyRBd_HqU.003.4.jpg,0.7570093457943926,0.6875,0.6593406593406592,0.7281553398058251,0.6555555555555556
SRjhmQTPOmA.003.1.jpg,0.2897196261682243,0.42708333333333337,0.5274725274725275,0.5145631067961165,0.5333333333333333
SRjhmQTPOmA.003.2.jpg,0.2897196261682243,0.42708333333333337,0.5274725274725275,0.5145631067961165,0.5333333333333333
SRjhmQTPOmA.003.3.jpg,0.2897196261682243,0.42708333333333337,0.5274725274725275,0.5145631067961165,0.5333333333333333
SRjhmQTPOmA.003.4.jpg,0.2897196261682243,0.42708333333333337,0.5274725274725275,0.5145631067961165,0.5333333333333333
adBtc3XrSsg.003.1.jpg,0.35514018691588783,0.40625000000000006,0.5384615384615384,0.2912621359223301,0.5111111111111111
adBtc3XrSsg.003.2.jpg,0.35514018691588783,0.40625000000000006,0.5384615384615384,0.2912621359223301,0.5111111111111111
adBtc3XrSsg.003.3.jpg,0.35514018691588783,0.40625000000000006,0.5384615384615384,0.2912621359223301,0.5111111111111111
adBtc3XrSsg.003.4.jpg,0.35514018691588783,0.40625000000000006,0.5384615384615384,0.2912621359223301,0.5111111111111111
4yogPbHFQ9o.000.1.jpg,0.3177570093457944,0.39583333333333337,0.4725274725274725,0.5728155339805825,0.4
4yogPbHFQ9o.000.2.jpg,0.3177570093457944,0.39583333333333337,0.4725274725274725,0.5728155339805825,0.4
4yogPbHFQ9o.000.3.jpg,0.3177570093457944,0.39583333333333337,0.4725274725274725,0.5728155339805825,0.4
4yogPbHFQ9o.000.4.jpg,0.3177570093457944,0.39583333333333337,0.4725274725274725,0.5728155339805825,0.4
4OKYywIqnqg.004.1.jpg,0.4953271028037384,0.5104166666666666,0.3406593406593406,0.5145631067961165,0.6444444444444444
4OKYywIqnqg.004.2.jpg,0.4953271028037384,0.5104166666666666,0.3406593406593406,0.5145631067961165,0.6444444444444444
4OKYywIqnqg.004.3.jpg,0.4953271028037384,0.5104166666666666,0.3406593406593406,0.5145631067961165,0.6444444444444444
4OKYywIqnqg.004.4.jpg,0.4953271028037384,0.5104166666666666,0.3406593406593406,0.5145631067961165,0.6444444444444444
f7togdqxEoo.002.1.jpg,0.25233644859813087,0.25,0.25274725274725274,0.18446601941747573,0.1777777777777778
f7togdqxEoo.002.2.jpg,0.25233644859813087,0.25,0.25274725274725274,0.18446601941747573,0.1777777777777778
f7togdqxEoo.002.3.jpg,0.25233644859813087,0.25,0.25274725274725274,0.18446601941747573,0.1777777777777778
f7togdqxEoo.002.4.jpg,0.25233644859813087,0.25,0.25274725274725274,0.18446601941747573,0.1777777777777778
CV930dFsubs.004.1.jpg,0.3271028037383178,0.42708333333333337,0.4615384615384615,0.3495145631067961,0.4444444444444445
CV930dFsubs.004.2.jpg,0.3271028037383178,0.42708333333333337,0.4615384615384615,0.3495145631067961,0.4444444444444445
CV930dFsubs.004.3.jpg,0.3271028037383178,0.42708333333333337,0.4615384615384615,0.3495145631067961,0.4444444444444445
CV930dFsubs.004.4.jpg,0.3271028037383178,0.42708333333333337,0.4615384615384615,0.3495145631067961,0.4444444444444445
jKHaHWuaU14.005.1.jpg,0.35514018691588783,0.40625000000000006,0.4725274725274725,0.33980582524271846,0.3555555555555556
jKHaHWuaU14.005.2.jpg,0.35514018691588783,0.40625000000000006,0.4725274725274725,0.33980582524271846,0.3555555555555556
jKHaHWuaU14.005.3.jpg,0.35514018691588783,0.40625000000000006,0.4725274725274725,0.33980582524271846,0.3555555555555556
jKHaHWuaU14.005.4.jpg,0.35514018691588783,0.40625000000000006,0.4725274725274725,0.33980582524271846,0.3555555555555556
C2MEPH7x9m0.000.1.jpg,0.4392523364485981,0.39583333333333337,0.4615384615384615,0.6213592233009709,0.5111111111111111
C2MEPH7x9m0.000.2.jpg,0.4392523364485981,0.39583333333333337,0.4615384615384615,0.6213592233009709,0.5111111111111111
C2MEPH7x9m0.000.3.jpg,0.4392523364485981,0.39583333333333337,0.4615384615384615,0.6213592233009709,0.5111111111111111
C2MEPH7x9m0.000.4.jpg,0.4392523364485981,0.39583333333333337,0.4615384615384615,0.6213592233009709,0.5111111111111111
LNM1i-a9q_A.005.1.jpg,0.5514018691588786,0.7708333333333334,0.5494505494505494,0.6699029126213591,0.5777777777777777
LNM1i-a9q_A.005.2.jpg,0.5514018691588786,0.7708333333333334,0.5494505494505494,0.6699029126213591,0.5777777777777777
LNM1i-a9q_A.005.3.jpg,0.5514018691588786,0.7708333333333334,0.5494505494505494,0.6699029126213591,0.5777777777777777
LNM1i-a9q_A.005.4.jpg,0.5514018691588786,0.7708333333333334,0.5494505494505494,0.6699029126213591,0.5777777777777777
Z_STuUHKQTg.000.1.jpg,0.691588785046729,0.7291666666666667,0.6703296703296703,0.6310679611650486,0.6444444444444444
Z_STuUHKQTg.000.2.jpg,0.691588785046729,0.7291666666666667,0.6703296703296703,0.6310679611650486,0.6444444444444444
Z_STuUHKQTg.000.3.jpg,0.691588785046729,0.7291666666666667,0.6703296703296703,0.6310679611650486,0.6444444444444444
Z_STuUHKQTg.000.4.jpg,0.691588785046729,0.7291666666666667,0.6703296703296703,0.6310679611650486,0.6444444444444444
PsqpkFKX8co.000.1.jpg,0.7196261682242993,0.8229166666666667,0.824175824175824,0.9223300970873788,0.7222222222222221
PsqpkFKX8co.000.2.jpg,0.7196261682242993,0.8229166666666667,0.824175824175824,0.9223300970873788,0.7222222222222221
PsqpkFKX8co.000.3.jpg,0.7196261682242993,0.8229166666666667,0.824175824175824,0.9223300970873788,0.7222222222222221
PsqpkFKX8co.000.4.jpg,0.7196261682242993,0.8229166666666667,0.824175824175824,0.9223300970873788,0.7222222222222221
FNHMXPaHll0.002.1.jpg,0.691588785046729,0.7291666666666667,0.6813186813186812,0.7475728155339806,0.7444444444444444
FNHMXPaHll0.002.2.jpg,0.691588785046729,0.7291666666666667,0.6813186813186812,0.7475728155339806,0.7444444444444444
FNHMXPaHll0.002.3.jpg,0.691588785046729,0.7291666666666667,0.6813186813186812,0.7475728155339806,0.7444444444444444
FNHMXPaHll0.002.4.jpg,0.691588785046729,0.7291666666666667,0.6813186813186812,0.7475728155339806,0.7444444444444444
8OckVmEZ8X8.005.1.jpg,0.4299065420560748,0.5104166666666666,0.6923076923076923,0.4077669902912622,0.6777777777777777
8OckVmEZ8X8.005.2.jpg,0.4299065420560748,0.5104166666666666,0.6923076923076923,0.4077669902912622,0.6777777777777777
8OckVmEZ8X8.005.3.jpg,0.4299065420560748,0.5104166666666666,0.6923076923076923,0.4077669902912622,0.6777777777777777
8OckVmEZ8X8.005.4.jpg,0.4299065420560748,0.5104166666666666,0.6923076923076923,0.4077669902912622,0.6777777777777777
qoztP0w5-Vo.003.1.jpg,0.4485981308411215,0.46875,0.4835164835164835,0.5048543689320388,0.6333333333333333
qoztP0w5-Vo.003.2.jpg,0.4485981308411215,0.46875,0.4835164835164835,0.5048543689320388,0.6333333333333333
qoztP0w5-Vo.003.3.jpg,0.4485981308411215,0.46875,0.4835164835164835,0.5048543689320388,0.6333333333333333
qoztP0w5-Vo.003.4.jpg,0.4485981308411215,0.46875,0.4835164835164835,0.5048543689320388,0.6333333333333333
qMARpi60Hhs.005.1.jpg,0.4018691588785047,0.5416666666666666,0.5384615384615384,0.4466019417475728,0.5555555555555556
qMARpi60Hhs.005.2.jpg,0.4018691588785047,0.5416666666666666,0.5384615384615384,0.4466019417475728,0.5555555555555556
qMARpi60Hhs.005.3.jpg,0.4018691588785047,0.5416666666666666,0.5384615384615384,0.4466019417475728,0.5555555555555556
qMARpi60Hhs.005.4.jpg,0.4018691588785047,0.5416666666666666,0.5384615384615384,0.4466019417475728,0.5555555555555556
O3_j0d7mq7k.003.1.jpg,0.5794392523364487,0.5520833333333334,0.6593406593406592,0.4951456310679611,0.7555555555555554
O3_j0d7mq7k.003.2.jpg,0.5794392523364487,0.5520833333333334,0.6593406593406592,0.4951456310679611,0.7555555555555554
O3_j0d7mq7k.003.3.jpg,0.5794392523364487,0.5520833333333334,0.6593406593406592,0.4951456310679611,0.7555555555555554
O3_j0d7mq7k.003.4.jpg,0.5794392523364487,0.5520833333333334,0.6593406593406592,0.4951456310679611,0.7555555555555554
jpRnHWTLDUs.001.1.jpg,0.5327102803738318,0.6354166666666666,0.5714285714285714,0.4951456310679611,0.6666666666666666
jpRnHWTLDUs.001.2.jpg,0.5327102803738318,0.6354166666666666,0.5714285714285714,0.4951456310679611,0.6666666666666666
jpRnHWTLDUs.001.3.jpg,0.5327102803738318,0.6354166666666666,0.5714285714285714,0.4951456310679611,0.6666666666666666
jpRnHWTLDUs.001.4.jpg,0.5327102803738318,0.6354166666666666,0.5714285714285714,0.4951456310679611,0.6666666666666666
uE2U_Y7QrIw.004.1.jpg,0.3271028037383178,0.40625000000000006,0.25274725274725274,0.4077669902912622,0.34444444444444444
uE2U_Y7QrIw.004.2.jpg,0.3271028037383178,0.40625000000000006,0.25274725274725274,0.4077669902912622,0.34444444444444444
uE2U_Y7QrIw.004.3.jpg,0.3271028037383178,0.40625000000000006,0.25274725274725274,0.4077669902912622,0.34444444444444444
uE2U_Y7QrIw.004.4.jpg,0.3271028037383178,0.40625000000000006,0.25274725274725274,0.4077669902912622,0.34444444444444444
QiPb8vlGDFo.005.1.jpg,0.4672897196261683,0.40625000000000006,0.4065934065934066,0.4077669902912622,0.4
QiPb8vlGDFo.005.2.jpg,0.4672897196261683,0.40625000000000006,0.4065934065934066,0.4077669902912622,0.4
QiPb8vlGDFo.005.3.jpg,0.4672897196261683,0.40625000000000006,0.4065934065934066,0.4077669902912622,0.4
QiPb8vlGDFo.005.4.jpg,0.4672897196261683,0.40625000000000006,0.4065934065934066,0.4077669902912622,0.4
XvV4YdhpC2w.005.1.jpg,0.48598130841121495,0.5625,0.6263736263736264,0.3883495145631068,0.5222222222222223
XvV4YdhpC2w.005.2.jpg,0.48598130841121495,0.5625,0.6263736263736264,0.3883495145631068,0.5222222222222223
XvV4YdhpC2w.005.3.jpg,0.48598130841121495,0.5625,0.6263736263736264,0.3883495145631068,0.5222222222222223
XvV4YdhpC2w.005.4.jpg,0.48598130841121495,0.5625,0.6263736263736264,0.3883495145631068,0.5222222222222223
jd9_8OPxM3A.002.1.jpg,0.5420560747663552,0.6770833333333334,0.7252747252747254,0.6990291262135921,0.6888888888888889
jd9_8OPxM3A.002.2.jpg,0.5420560747663552,0.6770833333333334,0.7252747252747254,0.6990291262135921,0.6888888888888889
jd9_8OPxM3A.002.3.jpg,0.5420560747663552,0.6770833333333334,0.7252747252747254,0.6990291262135921,0.6888888888888889
jd9_8OPxM3A.002.4.jpg,0.5420560747663552,0.6770833333333334,0.7252747252747254,0.6990291262135921,0.6888888888888889
mQpNe8f5xA8.001.1.jpg,0.5046728971962617,0.5729166666666666,0.5494505494505494,0.5145631067961165,0.7333333333333333
mQpNe8f5xA8.001.2.jpg,0.5046728971962617,0.5729166666666666,0.5494505494505494,0.5145631067961165,0.7333333333333333
mQpNe8f5xA8.001.3.jpg,0.5046728971962617,0.5729166666666666,0.5494505494505494,0.5145631067961165,0.7333333333333333
mQpNe8f5xA8.001.4.jpg,0.5046728971962617,0.5729166666666666,0.5494505494505494,0.5145631067961165,0.7333333333333333
lK1HFH7j93c.002.1.jpg,0.5607476635514019,0.65625,0.5604395604395604,0.7475728155339806,0.7999999999999999
lK1HFH7j93c.002.2.jpg,0.5607476635514019,0.65625,0.5604395604395604,0.7475728155339806,0.7999999999999999
lK1HFH7j93c.002.3.jpg,0.5607476635514019,0.65625,0.5604395604395604,0.7475728155339806,0.7999999999999999
lK1HFH7j93c.002.4.jpg,0.5607476635514019,0.65625,0.5604395604395604,0.7475728155339806,0.7999999999999999
5CRqN54uejE.003.1.jpg,0.7196261682242993,0.6354166666666666,0.6263736263736264,0.5631067961165048,0.611111111111111
5CRqN54uejE.003.2.jpg,0.7196261682242993,0.6354166666666666,0.6263736263736264,0.5631067961165048,0.611111111111111
5CRqN54uejE.003.3.jpg,0.7196261682242993,0.6354166666666666,0.6263736263736264,0.5631067961165048,0.611111111111111
5CRqN54uejE.003.4.jpg,0.7196261682242993,0.6354166666666666,0.6263736263736264,0.5631067961165048,0.611111111111111
pHCPbKprJGY.004.1.jpg,0.4485981308411215,0.3645833333333333,0.5494505494505494,0.6213592233009709,0.45555555555555555
pHCPbKprJGY.004.2.jpg,0.4485981308411215,0.3645833333333333,0.5494505494505494,0.6213592233009709,0.45555555555555555
pHCPbKprJGY.004.3.jpg,0.4485981308411215,0.3645833333333333,0.5494505494505494,0.6213592233009709,0.45555555555555555
pHCPbKprJGY.004.4.jpg,0.4485981308411215,0.3645833333333333,0.5494505494505494,0.6213592233009709,0.45555555555555555
8s0R8r6UsU0.001.1.jpg,0.7476635514018694,0.65625,0.3406593406593406,0.5631067961165048,0.7
8s0R8r6UsU0.001.2.jpg,0.7476635514018694,0.65625,0.3406593406593406,0.5631067961165048,0.7
8s0R8r6UsU0.001.3.jpg,0.7476635514018694,0.65625,0.3406593406593406,0.5631067961165048,0.7
8s0R8r6UsU0.001.4.jpg,0.7476635514018694,0.65625,0.3406593406593406,0.5631067961165048,0.7
TyE0bVJZZto.001.1.jpg,0.4579439252336449,0.3333333333333333,0.4945054945054945,0.42718446601941745,0.5333333333333333
TyE0bVJZZto.001.2.jpg,0.4579439252336449,0.3333333333333333,0.4945054945054945,0.42718446601941745,0.5333333333333333
TyE0bVJZZto.001.3.jpg,0.4579439252336449,0.3333333333333333,0.4945054945054945,0.42718446601941745,0.5333333333333333
TyE0bVJZZto.001.4.jpg,0.4579439252336449,0.3333333333333333,0.4945054945054945,0.42718446601941745,0.5333333333333333
m04e9ylCoK0.004.1.jpg,0.2897196261682243,0.2708333333333333,0.3956043956043956,0.3495145631067961,0.4666666666666667
m04e9ylCoK0.004.2.jpg,0.2897196261682243,0.2708333333333333,0.3956043956043956,0.3495145631067961,0.4666666666666667
m04e9ylCoK0.004.3.jpg,0.2897196261682243,0.2708333333333333,0.3956043956043956,0.3495145631067961,0.4666666666666667
m04e9ylCoK0.004.4.jpg,0.2897196261682243,0.2708333333333333,0.3956043956043956,0.3495145631067961,0.4666666666666667
d9_YDJdF-7I.004.1.jpg,0.5327102803738318,0.6666666666666667,0.6923076923076923,0.7281553398058251,0.6333333333333333
d9_YDJdF-7I.004.2.jpg,0.5327102803738318,0.6666666666666667,0.6923076923076923,0.7281553398058251,0.6333333333333333
d9_YDJdF-7I.004.3.jpg,0.5327102803738318,0.6666666666666667,0.6923076923076923,0.7281553398058251,0.6333333333333333
d9_YDJdF-7I.004.4.jpg,0.5327102803738318,0.6666666666666667,0.6923076923076923,0.7281553398058251,0.6333333333333333
MI_GQLbnoew.005.1.jpg,0.5420560747663552,0.5104166666666666,0.6813186813186812,0.6699029126213591,0.5444444444444444
MI_GQLbnoew.005.2.jpg,0.5420560747663552,0.5104166666666666,0.6813186813186812,0.6699029126213591,0.5444444444444444
MI_GQLbnoew.005.3.jpg,0.5420560747663552,0.5104166666666666,0.6813186813186812,0.6699029126213591,0.5444444444444444
MI_GQLbnoew.005.4.jpg,0.5420560747663552,0.5104166666666666,0.6813186813186812,0.6699029126213591,0.5444444444444444
cQRFb-xa4Vc.000.1.jpg,0.4953271028037384,0.5416666666666666,0.6813186813186812,0.6990291262135921,0.4888888888888889
cQRFb-xa4Vc.000.2.jpg,0.4953271028037384,0.5416666666666666,0.6813186813186812,0.6990291262135921,0.4888888888888889
cQRFb-xa4Vc.000.3.jpg,0.4953271028037384,0.5416666666666666,0.6813186813186812,0.6990291262135921,0.4888888888888889
cQRFb-xa4Vc.000.4.jpg,0.4953271028037384,0.5416666666666666,0.6813186813186812,0.6990291262135921,0.4888888888888889
vUo6wnBOBpo.003.1.jpg,0.5327102803738318,0.6041666666666666,0.7032967032967032,0.4660194174757281,0.711111111111111
vUo6wnBOBpo.003.2.jpg,0.5327102803738318,0.6041666666666666,0.7032967032967032,0.4660194174757281,0.711111111111111
vUo6wnBOBpo.003.3.jpg,0.5327102803738318,0.6041666666666666,0.7032967032967032,0.4660194174757281,0.711111111111111
vUo6wnBOBpo.003.4.jpg,0.5327102803738318,0.6041666666666666,0.7032967032967032,0.4660194174757281,0.711111111111111
1ajEXdEsJ-k.002.1.jpg,0.35514018691588783,0.45833333333333337,0.4835164835164835,0.42718446601941745,0.4888888888888889
1ajEXdEsJ-k.002.2.jpg,0.35514018691588783,0.45833333333333337,0.4835164835164835,0.42718446601941745,0.4888888888888889
1ajEXdEsJ-k.002.3.jpg,0.35514018691588783,0.45833333333333337,0.4835164835164835,0.42718446601941745,0.4888888888888889
1ajEXdEsJ-k.002.4.jpg,0.35514018691588783,0.45833333333333337,0.4835164835164835,0.42718446601941745,0.4888888888888889
hqe-8SMJGmc.002.1.jpg,0.5327102803738318,0.59375,0.6263736263736264,0.5533980582524272,0.6666666666666666
hqe-8SMJGmc.002.2.jpg,0.5327102803738318,0.59375,0.6263736263736264,0.5533980582524272,0.6666666666666666
hqe-8SMJGmc.002.3.jpg,0.5327102803738318,0.59375,0.6263736263736264,0.5533980582524272,0.6666666666666666
hqe-8SMJGmc.002.4.jpg,0.5327102803738318,0.59375,0.6263736263736264,0.5533980582524272,0.6666666666666666
CESTtNvDpww.001.1.jpg,0.8411214953271028,0.7187499999999999,0.7802197802197802,0.7475728155339806,0.7777777777777777
CESTtNvDpww.001.2.jpg,0.8411214953271028,0.7187499999999999,0.7802197802197802,0.7475728155339806,0.7777777777777777
CESTtNvDpww.001.3.jpg,0.8411214953271028,0.7187499999999999,0.7802197802197802,0.7475728155339806,0.7777777777777777
CESTtNvDpww.001.4.jpg,0.8411214953271028,0.7187499999999999,0.7802197802197802,0.7475728155339806,0.7777777777777777
vIW7gDmhYMk.002.1.jpg,0.2710280373831776,0.39583333333333337,0.5494505494505494,0.5339805825242718,0.4222222222222222
vIW7gDmhYMk.002.2.jpg,0.2710280373831776,0.39583333333333337,0.5494505494505494,0.5339805825242718,0.4222222222222222
vIW7gDmhYMk.002.3.jpg,0.2710280373831776,0.39583333333333337,0.5494505494505494,0.5339805825242718,0.4222222222222222
vIW7gDmhYMk.002.4.jpg,0.2710280373831776,0.39583333333333337,0.5494505494505494,0.5339805825242718,0.4222222222222222
_ZAqTHlu2ts.002.1.jpg,0.2336448598130841,0.21874999999999997,0.3626373626373627,0.27184466019417475,0.3666666666666667
_ZAqTHlu2ts.002.2.jpg,0.2336448598130841,0.21874999999999997,0.3626373626373627,0.27184466019417475,0.3666666666666667
_ZAqTHlu2ts.002.3.jpg,0.2336448598130841,0.21874999999999997,0.3626373626373627,0.27184466019417475,0.3666666666666667
_ZAqTHlu2ts.002.4.jpg,0.2336448598130841,0.21874999999999997,0.3626373626373627,0.27184466019417475,0.3666666666666667
3Q3SB1dVAng.004.1.jpg,0.33644859813084116,0.3125,0.5824175824175825,0.6213592233009709,0.4
3Q3SB1dVAng.004.2.jpg,0.33644859813084116,0.3125,0.5824175824175825,0.6213592233009709,0.4
3Q3SB1dVAng.004.3.jpg,0.33644859813084116,0.3125,0.5824175824175825,0.6213592233009709,0.4
3Q3SB1dVAng.004.4.jpg,0.33644859813084116,0.3125,0.5824175824175825,0.6213592233009709,0.4
Jp-Hu7yxqR8.002.1.jpg,0.24299065420560748,0.29166666666666663,0.32967032967032966,0.14563106796116504,0.26666666666666666
Jp-Hu7yxqR8.002.2.jpg,0.24299065420560748,0.29166666666666663,0.32967032967032966,0.14563106796116504,0.26666666666666666
Jp-Hu7yxqR8.002.3.jpg,0.24299065420560748,0.29166666666666663,0.32967032967032966,0.14563106796116504,0.26666666666666666
Jp-Hu7yxqR8.002.4.jpg,0.24299065420560748,0.29166666666666663,0.32967032967032966,0.14563106796116504,0.26666666666666666
tcmYlyeqwuI.002.1.jpg,0.48598130841121495,0.3645833333333333,0.5384615384615384,0.4174757281553398,0.45555555555555555
tcmYlyeqwuI.002.2.jpg,0.48598130841121495,0.3645833333333333,0.5384615384615384,0.4174757281553398,0.45555555555555555
tcmYlyeqwuI.002.3.jpg,0.48598130841121495,0.3645833333333333,0.5384615384615384,0.4174757281553398,0.45555555555555555
tcmYlyeqwuI.002.4.jpg,0.48598130841121495,0.3645833333333333,0.5384615384615384,0.4174757281553398,0.45555555555555555
rTG9gtci67c.000.1.jpg,0.4672897196261683,0.4375,0.6153846153846153,0.6019417475728155,0.5111111111111111
rTG9gtci67c.000.2.jpg,0.4672897196261683,0.4375,0.6153846153846153,0.6019417475728155,0.5111111111111111
rTG9gtci67c.000.3.jpg,0.4672897196261683,0.4375,0.6153846153846153,0.6019417475728155,0.5111111111111111
rTG9gtci67c.000.4.jpg,0.4672897196261683,0.4375,0.6153846153846153,0.6019417475728155,0.5111111111111111
XPV4pavXh94.000.1.jpg,0.6728971962616823,0.6875,0.5054945054945055,0.7669902912621359,0.6444444444444444
XPV4pavXh94.000.2.jpg,0.6728971962616823,0.6875,0.5054945054945055,0.7669902912621359,0.6444444444444444
XPV4pavXh94.000.3.jpg,0.6728971962616823,0.6875,0.5054945054945055,0.7669902912621359,0.6444444444444444
XPV4pavXh94.000.4.jpg,0.6728971962616823,0.6875,0.5054945054945055,0.7669902912621359,0.6444444444444444
vCY4uvfrWXA.001.1.jpg,0.6261682242990655,0.6041666666666666,0.4945054945054945,0.47572815533980584,0.888888888888889
vCY4uvfrWXA.001.2.jpg,0.6261682242990655,0.6041666666666666,0.4945054945054945,0.47572815533980584,0.888888888888889
vCY4uvfrWXA.001.3.jpg,0.6261682242990655,0.6041666666666666,0.4945054945054945,0.47572815533980584,0.888888888888889
vCY4uvfrWXA.001.4.jpg,0.6261682242990655,0.6041666666666666,0.4945054945054945,0.47572815533980584,0.888888888888889
6oL9yyc9iJc.005.1.jpg,0.4953271028037384,0.5208333333333334,0.5494505494505494,0.5145631067961165,0.5555555555555556
6oL9yyc9iJc.005.2.jpg,0.4953271028037384,0.5208333333333334,0.5494505494505494,0.5145631067961165,0.5555555555555556
6oL9yyc9iJc.005.3.jpg,0.4953271028037384,0.5208333333333334,0.5494505494505494,0.5145631067961165,0.5555555555555556
6oL9yyc9iJc.005.4.jpg,0.4953271028037384,0.5208333333333334,0.5494505494505494,0.5145631067961165,0.5555555555555556
7PYAn9njCHI.003.1.jpg,0.3271028037383178,0.42708333333333337,0.5164835164835165,0.6019417475728155,0.5222222222222223
7PYAn9njCHI.003.2.jpg,0.3271028037383178,0.42708333333333337,0.5164835164835165,0.6019417475728155,0.5222222222222223
7PYAn9njCHI.003.3.jpg,0.3271028037383178,0.42708333333333337,0.5164835164835165,0.6019417475728155,0.5222222222222223
7PYAn9njCHI.003.4.jpg,0.3271028037383178,0.42708333333333337,0.5164835164835165,0.6019417475728155,0.5222222222222223
s1DOqsQoN5s.000.1.jpg,0.2710280373831776,0.25,0.1978021978021978,0.30097087378640774,0.33333333333333337
s1DOqsQoN5s.000.2.jpg,0.2710280373831776,0.25,0.1978021978021978,0.30097087378640774,0.33333333333333337
s1DOqsQoN5s.000.3.jpg,0.2710280373831776,0.25,0.1978021978021978,0.30097087378640774,0.33333333333333337
s1DOqsQoN5s.000.4.jpg,0.2710280373831776,0.25,0.1978021978021978,0.30097087378640774,0.33333333333333337
omeHsKF7InA.002.1.jpg,0.17757009345794392,0.22916666666666663,0.5384615384615384,0.3203883495145631,0.26666666666666666
omeHsKF7InA.002.2.jpg,0.17757009345794392,0.22916666666666663,0.5384615384615384,0.3203883495145631,0.26666666666666666
omeHsKF7InA.002.3.jpg,0.17757009345794392,0.22916666666666663,0.5384615384615384,0.3203883495145631,0.26666666666666666
omeHsKF7InA.002.4.jpg,0.17757009345794392,0.22916666666666663,0.5384615384615384,0.3203883495145631,0.26666666666666666
VmXZ2jMWuvk.002.1.jpg,0.18691588785046728,0.39583333333333337,0.29670329670329665,0.5436893203883495,0.28888888888888886
VmXZ2jMWuvk.002.2.jpg,0.18691588785046728,0.39583333333333337,0.29670329670329665,0.5436893203883495,0.28888888888888886
VmXZ2jMWuvk.002.3.jpg,0.18691588785046728,0.39583333333333337,0.29670329670329665,0.5436893203883495,0.28888888888888886
VmXZ2jMWuvk.002.4.jpg,0.18691588785046728,0.39583333333333337,0.29670329670329665,0.5436893203883495,0.28888888888888886
s1DOqsQoN5s.005.1.jpg,0.33644859813084116,0.29166666666666663,0.3516483516483516,0.3300970873786408,0.34444444444444444
s1DOqsQoN5s.005.2.jpg,0.33644859813084116,0.29166666666666663,0.3516483516483516,0.3300970873786408,0.34444444444444444
s1DOqsQoN5s.005.3.jpg,0.33644859813084116,0.29166666666666663,0.3516483516483516,0.3300970873786408,0.34444444444444444
s1DOqsQoN5s.005.4.jpg,0.33644859813084116,0.29166666666666663,0.3516483516483516,0.3300970873786408,0.34444444444444444
PXJfSp2WvVY.001.1.jpg,0.7476635514018694,0.7916666666666667,0.7692307692307692,0.6601941747572816,0.9777777777777777
PXJfSp2WvVY.001.2.jpg,0.7476635514018694,0.7916666666666667,0.7692307692307692,0.6601941747572816,0.9777777777777777
PXJfSp2WvVY.001.3.jpg,0.7476635514018694,0.7916666666666667,0.7692307692307692,0.6601941747572816,0.9777777777777777
PXJfSp2WvVY.001.4.jpg,0.7476635514018694,0.7916666666666667,0.7692307692307692,0.6601941747572816,0.9777777777777777
OcS4H_dFeOc.000.1.jpg,0.5794392523364487,0.5104166666666666,0.5274725274725275,0.36893203883495146,0.5777777777777777
OcS4H_dFeOc.000.2.jpg,0.5794392523364487,0.5104166666666666,0.5274725274725275,0.36893203883495146,0.5777777777777777
OcS4H_dFeOc.000.3.jpg,0.5794392523364487,0.5104166666666666,0.5274725274725275,0.36893203883495146,0.5777777777777777
OcS4H_dFeOc.000.4.jpg,0.5794392523364487,0.5104166666666666,0.5274725274725275,0.36893203883495146,0.5777777777777777
iqs7mZbg5UI.003.1.jpg,0.4392523364485981,0.5,0.3956043956043956,0.4466019417475728,0.5777777777777777
iqs7mZbg5UI.003.2.jpg,0.4392523364485981,0.5,0.3956043956043956,0.4466019417475728,0.5777777777777777
iqs7mZbg5UI.003.3.jpg,0.4392523364485981,0.5,0.3956043956043956,0.4466019417475728,0.5777777777777777
iqs7mZbg5UI.003.4.jpg,0.4392523364485981,0.5,0.3956043956043956,0.4466019417475728,0.5777777777777777
MRquWhqw4Jw.001.1.jpg,0.5327102803738318,0.6041666666666666,0.5934065934065933,0.5339805825242718,0.6777777777777777
MRquWhqw4Jw.001.2.jpg,0.5327102803738318,0.6041666666666666,0.5934065934065933,0.5339805825242718,0.6777777777777777
MRquWhqw4Jw.001.3.jpg,0.5327102803738318,0.6041666666666666,0.5934065934065933,0.5339805825242718,0.6777777777777777
MRquWhqw4Jw.001.4.jpg,0.5327102803738318,0.6041666666666666,0.5934065934065933,0.5339805825242718,0.6777777777777777
9SGTRbePKLI.000.1.jpg,0.4392523364485981,0.4166666666666667,0.4065934065934066,0.4854368932038835,0.3777777777777778
9SGTRbePKLI.000.2.jpg,0.4392523364485981,0.4166666666666667,0.4065934065934066,0.4854368932038835,0.3777777777777778
9SGTRbePKLI.000.3.jpg,0.4392523364485981,0.4166666666666667,0.4065934065934066,0.4854368932038835,0.3777777777777778
9SGTRbePKLI.000.4.jpg,0.4392523364485981,0.4166666666666667,0.4065934065934066,0.4854368932038835,0.3777777777777778
tZiRqu8joX8.004.1.jpg,0.7757009345794394,0.8229166666666667,0.6373626373626373,0.7281553398058251,0.8666666666666667
tZiRqu8joX8.004.2.jpg,0.7757009345794394,0.8229166666666667,0.6373626373626373,0.7281553398058251,0.8666666666666667
tZiRqu8joX8.004.3.jpg,0.7757009345794394,0.8229166666666667,0.6373626373626373,0.7281553398058251,0.8666666666666667
tZiRqu8joX8.004.4.jpg,0.7757009345794394,0.8229166666666667,0.6373626373626373,0.7281553398058251,0.8666666666666667
CFK8ib0aWe8.005.1.jpg,0.26168224299065423,0.34374999999999994,0.5824175824175825,0.6019417475728155,0.45555555555555555
CFK8ib0aWe8.005.2.jpg,0.26168224299065423,0.34374999999999994,0.5824175824175825,0.6019417475728155,0.45555555555555555
CFK8ib0aWe8.005.3.jpg,0.26168224299065423,0.34374999999999994,0.5824175824175825,0.6019417475728155,0.45555555555555555
CFK8ib0aWe8.005.4.jpg,0.26168224299065423,0.34374999999999994,0.5824175824175825,0.6019417475728155,0.45555555555555555
okSmKH2k5lE.000.1.jpg,0.08411214953271029,0.21874999999999997,0.25274725274725274,0.35922330097087385,0.2777777777777778
okSmKH2k5lE.000.2.jpg,0.08411214953271029,0.21874999999999997,0.25274725274725274,0.35922330097087385,0.2777777777777778
okSmKH2k5lE.000.3.jpg,0.08411214953271029,0.21874999999999997,0.25274725274725274,0.35922330097087385,0.2777777777777778
okSmKH2k5lE.000.4.jpg,0.08411214953271029,0.21874999999999997,0.25274725274725274,0.35922330097087385,0.2777777777777778
-RhPxhfpg4U.004.1.jpg,0.4485981308411215,0.59375,0.6703296703296703,0.6699029126213591,0.5333333333333333
-RhPxhfpg4U.004.2.jpg,0.4485981308411215,0.59375,0.6703296703296703,0.6699029126213591,0.5333333333333333
-RhPxhfpg4U.004.3.jpg,0.4485981308411215,0.59375,0.6703296703296703,0.6699029126213591,0.5333333333333333
-RhPxhfpg4U.004.4.jpg,0.4485981308411215,0.59375,0.6703296703296703,0.6699029126213591,0.5333333333333333
BCNZ_j_kMB4.003.1.jpg,0.7009345794392524,0.5833333333333333,0.6593406593406592,0.5339805825242718,0.7888888888888888
BCNZ_j_kMB4.003.2.jpg,0.7009345794392524,0.5833333333333333,0.6593406593406592,0.5339805825242718,0.7888888888888888
BCNZ_j_kMB4.003.3.jpg,0.7009345794392524,0.5833333333333333,0.6593406593406592,0.5339805825242718,0.7888888888888888
BCNZ_j_kMB4.003.4.jpg,0.7009345794392524,0.5833333333333333,0.6593406593406592,0.5339805825242718,0.7888888888888888
CO7vZjYF6Zk.003.1.jpg,0.6261682242990655,0.5833333333333333,0.6153846153846153,0.6601941747572816,0.7666666666666666
CO7vZjYF6Zk.003.2.jpg,0.6261682242990655,0.5833333333333333,0.6153846153846153,0.6601941747572816,0.7666666666666666
CO7vZjYF6Zk.003.3.jpg,0.6261682242990655,0.5833333333333333,0.6153846153846153,0.6601941747572816,0.7666666666666666
CO7vZjYF6Zk.003.4.jpg,0.6261682242990655,0.5833333333333333,0.6153846153846153,0.6601941747572816,0.7666666666666666
fY4tctYZTz8.000.1.jpg,0.2897196261682243,0.28125,0.3736263736263736,0.5242718446601942,0.4
fY4tctYZTz8.000.2.jpg,0.2897196261682243,0.28125,0.3736263736263736,0.5242718446601942,0.4
fY4tctYZTz8.000.3.jpg,0.2897196261682243,0.28125,0.3736263736263736,0.5242718446601942,0.4
fY4tctYZTz8.000.4.jpg,0.2897196261682243,0.28125,0.3736263736263736,0.5242718446601942,0.4
PsqpkFKX8co.004.1.jpg,0.7009345794392524,0.7395833333333333,0.846153846153846,0.7669902912621359,0.7444444444444444
PsqpkFKX8co.004.2.jpg,0.7009345794392524,0.7395833333333333,0.846153846153846,0.7669902912621359,0.7444444444444444
PsqpkFKX8co.004.3.jpg,0.7009345794392524,0.7395833333333333,0.846153846153846,0.7669902912621359,0.7444444444444444
PsqpkFKX8co.004.4.jpg,0.7009345794392524,0.7395833333333333,0.846153846153846,0.7669902912621359,0.7444444444444444
2yUnXroXyeI.000.1.jpg,0.6168224299065421,0.6875,0.5824175824175825,0.4563106796116505,0.7
2yUnXroXyeI.000.2.jpg,0.6168224299065421,0.6875,0.5824175824175825,0.4563106796116505,0.7
2yUnXroXyeI.000.3.jpg,0.6168224299065421,0.6875,0.5824175824175825,0.4563106796116505,0.7
2yUnXroXyeI.000.4.jpg,0.6168224299065421,0.6875,0.5824175824175825,0.4563106796116505,0.7
P5HWmGQ1sbw.005.1.jpg,0.5514018691588786,0.6354166666666666,0.7582417582417583,0.7475728155339806,0.7777777777777777
P5HWmGQ1sbw.005.2.jpg,0.5514018691588786,0.6354166666666666,0.7582417582417583,0.7475728155339806,0.7777777777777777
P5HWmGQ1sbw.005.3.jpg,0.5514018691588786,0.6354166666666666,0.7582417582417583,0.7475728155339806,0.7777777777777777
P5HWmGQ1sbw.005.4.jpg,0.5514018691588786,0.6354166666666666,0.7582417582417583,0.7475728155339806,0.7777777777777777
8pM3X-xsD4s.002.1.jpg,0.48598130841121495,0.59375,0.6043956043956044,0.6407766990291262,0.5444444444444444
8pM3X-xsD4s.002.2.jpg,0.48598130841121495,0.59375,0.6043956043956044,0.6407766990291262,0.5444444444444444
8pM3X-xsD4s.002.3.jpg,0.48598130841121495,0.59375,0.6043956043956044,0.6407766990291262,0.5444444444444444
8pM3X-xsD4s.002.4.jpg,0.48598130841121495,0.59375,0.6043956043956044,0.6407766990291262,0.5444444444444444
JBiq9X_-r84.001.1.jpg,0.4392523364485981,0.5729166666666666,0.4725274725274725,0.5533980582524272,0.4666666666666667
JBiq9X_-r84.001.2.jpg,0.4392523364485981,0.5729166666666666,0.4725274725274725,0.5533980582524272,0.4666666666666667
JBiq9X_-r84.001.3.jpg,0.4392523364485981,0.5729166666666666,0.4725274725274725,0.5533980582524272,0.4666666666666667
JBiq9X_-r84.001.4.jpg,0.4392523364485981,0.5729166666666666,0.4725274725274725,0.5533980582524272,0.4666666666666667
kK534gUcRF4.003.1.jpg,0.7196261682242993,0.7604166666666666,0.813186813186813,0.8252427184466018,0.7444444444444444
kK534gUcRF4.003.2.jpg,0.7196261682242993,0.7604166666666666,0.813186813186813,0.8252427184466018,0.7444444444444444
kK534gUcRF4.003.3.jpg,0.7196261682242993,0.7604166666666666,0.813186813186813,0.8252427184466018,0.7444444444444444
kK534gUcRF4.003.4.jpg,0.7196261682242993,0.7604166666666666,0.813186813186813,0.8252427184466018,0.7444444444444444
UMMhvyjgRnM.005.1.jpg,0.5514018691588786,0.46875,0.5714285714285714,0.6116504854368932,0.5333333333333333
UMMhvyjgRnM.005.2.jpg,0.5514018691588786,0.46875,0.5714285714285714,0.6116504854368932,0.5333333333333333
UMMhvyjgRnM.005.3.jpg,0.5514018691588786,0.46875,0.5714285714285714,0.6116504854368932,0.5333333333333333
UMMhvyjgRnM.005.4.jpg,0.5514018691588786,0.46875,0.5714285714285714,0.6116504854368932,0.5333333333333333
Lu9UNCSpQZM.001.1.jpg,0.4205607476635514,0.45833333333333337,0.6593406593406592,0.5048543689320388,0.5333333333333333
Lu9UNCSpQZM.001.2.jpg,0.4205607476635514,0.45833333333333337,0.6593406593406592,0.5048543689320388,0.5333333333333333
Lu9UNCSpQZM.001.3.jpg,0.4205607476635514,0.45833333333333337,0.6593406593406592,0.5048543689320388,0.5333333333333333
Lu9UNCSpQZM.001.4.jpg,0.4205607476635514,0.45833333333333337,0.6593406593406592,0.5048543689320388,0.5333333333333333
LKvxVEI8uVA.000.1.jpg,0.5420560747663552,0.5,0.5164835164835165,0.3786407766990291,0.4777777777777778
LKvxVEI8uVA.000.2.jpg,0.5420560747663552,0.5,0.5164835164835165,0.3786407766990291,0.4777777777777778
LKvxVEI8uVA.000.3.jpg,0.5420560747663552,0.5,0.5164835164835165,0.3786407766990291,0.4777777777777778
LKvxVEI8uVA.000.4.jpg,0.5420560747663552,0.5,0.5164835164835165,0.3786407766990291,0.4777777777777778
mIQnQ8Nmj-c.000.1.jpg,0.5046728971962617,0.4166666666666667,0.5714285714285714,0.4854368932038835,0.6444444444444444
mIQnQ8Nmj-c.000.2.jpg,0.5046728971962617,0.4166666666666667,0.5714285714285714,0.4854368932038835,0.6444444444444444
mIQnQ8Nmj-c.000.3.jpg,0.5046728971962617,0.4166666666666667,0.5714285714285714,0.4854368932038835,0.6444444444444444
mIQnQ8Nmj-c.000.4.jpg,0.5046728971962617,0.4166666666666667,0.5714285714285714,0.4854368932038835,0.6444444444444444
Ft0ahViXZPc.005.1.jpg,0.5140186915887851,0.6145833333333333,0.5054945054945055,0.5339805825242718,0.5333333333333333
Ft0ahViXZPc.005.2.jpg,0.5140186915887851,0.6145833333333333,0.5054945054945055,0.5339805825242718,0.5333333333333333
Ft0ahViXZPc.005.3.jpg,0.5140186915887851,0.6145833333333333,0.5054945054945055,0.5339805825242718,0.5333333333333333
Ft0ahViXZPc.005.4.jpg,0.5140186915887851,0.6145833333333333,0.5054945054945055,0.5339805825242718,0.5333333333333333
NDC375coN1o.003.1.jpg,0.2897196261682243,0.3125,0.4285714285714285,0.35922330097087385,0.25555555555555554
NDC375coN1o.003.2.jpg,0.2897196261682243,0.3125,0.4285714285714285,0.35922330097087385,0.25555555555555554
NDC375coN1o.003.3.jpg,0.2897196261682243,0.3125,0.4285714285714285,0.35922330097087385,0.25555555555555554
NDC375coN1o.003.4.jpg,0.2897196261682243,0.3125,0.4285714285714285,0.35922330097087385,0.25555555555555554
7ZnijRlK5-E.001.1.jpg,0.4392523364485981,0.40625000000000006,0.4615384615384615,0.42718446601941745,0.4888888888888889
7ZnijRlK5-E.001.2.jpg,0.4392523364485981,0.40625000000000006,0.4615384615384615,0.42718446601941745,0.4888888888888889
7ZnijRlK5-E.001.3.jpg,0.4392523364485981,0.40625000000000006,0.4615384615384615,0.42718446601941745,0.4888888888888889
7ZnijRlK5-E.001.4.jpg,0.4392523364485981,0.40625000000000006,0.4615384615384615,0.42718446601941745,0.4888888888888889
XB81sertsYU.004.1.jpg,0.588785046728972,0.5104166666666666,0.6483516483516484,0.4660194174757281,0.6666666666666666
XB81sertsYU.004.2.jpg,0.588785046728972,0.5104166666666666,0.6483516483516484,0.4660194174757281,0.6666666666666666
XB81sertsYU.004.3.jpg,0.588785046728972,0.5104166666666666,0.6483516483516484,0.4660194174757281,0.6666666666666666
XB81sertsYU.004.4.jpg,0.588785046728972,0.5104166666666666,0.6483516483516484,0.4660194174757281,0.6666666666666666
WT1YjeADatU.004.1.jpg,0.5233644859813085,0.5729166666666666,0.5274725274725275,0.6019417475728155,0.5555555555555556
WT1YjeADatU.004.2.jpg,0.5233644859813085,0.5729166666666666,0.5274725274725275,0.6019417475728155,0.5555555555555556
WT1YjeADatU.004.3.jpg,0.5233644859813085,0.5729166666666666,0.5274725274725275,0.6019417475728155,0.5555555555555556
WT1YjeADatU.004.4.jpg,0.5233644859813085,0.5729166666666666,0.5274725274725275,0.6019417475728155,0.5555555555555556
y--uBBy7ebM.001.1.jpg,0.4953271028037384,0.6666666666666667,0.5054945054945055,0.5728155339805825,0.6888888888888889
y--uBBy7ebM.001.2.jpg,0.4953271028037384,0.6666666666666667,0.5054945054945055,0.5728155339805825,0.6888888888888889
y--uBBy7ebM.001.3.jpg,0.4953271028037384,0.6666666666666667,0.5054945054945055,0.5728155339805825,0.6888888888888889
y--uBBy7ebM.001.4.jpg,0.4953271028037384,0.6666666666666667,0.5054945054945055,0.5728155339805825,0.6888888888888889
y-0p6fGXLD0.001.1.jpg,0.4579439252336449,0.4895833333333333,0.6593406593406592,0.42718446601941745,0.6777777777777777
y-0p6fGXLD0.001.2.jpg,0.4579439252336449,0.4895833333333333,0.6593406593406592,0.42718446601941745,0.6777777777777777
y-0p6fGXLD0.001.3.jpg,0.4579439252336449,0.4895833333333333,0.6593406593406592,0.42718446601941745,0.6777777777777777
y-0p6fGXLD0.001.4.jpg,0.4579439252336449,0.4895833333333333,0.6593406593406592,0.42718446601941745,0.6777777777777777
KIhpjwf5uAA.004.1.jpg,0.5327102803738318,0.5729166666666666,0.6153846153846153,0.7475728155339806,0.5777777777777777
KIhpjwf5uAA.004.2.jpg,0.5327102803738318,0.5729166666666666,0.6153846153846153,0.7475728155339806,0.5777777777777777
KIhpjwf5uAA.004.3.jpg,0.5327102803738318,0.5729166666666666,0.6153846153846153,0.7475728155339806,0.5777777777777777
KIhpjwf5uAA.004.4.jpg,0.5327102803738318,0.5729166666666666,0.6153846153846153,0.7475728155339806,0.5777777777777777
DjfLWIZq3bo.002.1.jpg,0.36448598130841126,0.3854166666666667,0.24175824175824176,0.21359223300970873,0.45555555555555555
DjfLWIZq3bo.002.2.jpg,0.36448598130841126,0.3854166666666667,0.24175824175824176,0.21359223300970873,0.45555555555555555
DjfLWIZq3bo.002.3.jpg,0.36448598130841126,0.3854166666666667,0.24175824175824176,0.21359223300970873,0.45555555555555555
DjfLWIZq3bo.002.4.jpg,0.36448598130841126,0.3854166666666667,0.24175824175824176,0.21359223300970873,0.45555555555555555
aLvpOYqzErk.002.1.jpg,0.4299065420560748,0.4895833333333333,0.5274725274725275,0.47572815533980584,0.5666666666666667
aLvpOYqzErk.002.2.jpg,0.4299065420560748,0.4895833333333333,0.5274725274725275,0.47572815533980584,0.5666666666666667
aLvpOYqzErk.002.3.jpg,0.4299065420560748,0.4895833333333333,0.5274725274725275,0.47572815533980584,0.5666666666666667
aLvpOYqzErk.002.4.jpg,0.4299065420560748,0.4895833333333333,0.5274725274725275,0.47572815533980584,0.5666666666666667
VbiUhNAdzus.004.1.jpg,0.4205607476635514,0.4479166666666667,0.4065934065934066,0.4563106796116505,0.5333333333333333
VbiUhNAdzus.004.2.jpg,0.4205607476635514,0.4479166666666667,0.4065934065934066,0.4563106796116505,0.5333333333333333
VbiUhNAdzus.004.3.jpg,0.4205607476635514,0.4479166666666667,0.4065934065934066,0.4563106796116505,0.5333333333333333
VbiUhNAdzus.004.4.jpg,0.4205607476635514,0.4479166666666667,0.4065934065934066,0.4563106796116505,0.5333333333333333
vCV-5LypZCs.002.1.jpg,0.5981308411214954,0.8125000000000001,0.6593406593406592,0.7184466019417477,0.7444444444444444
vCV-5LypZCs.002.2.jpg,0.5981308411214954,0.8125000000000001,0.6593406593406592,0.7184466019417477,0.7444444444444444
vCV-5LypZCs.002.3.jpg,0.5981308411214954,0.8125000000000001,0.6593406593406592,0.7184466019417477,0.7444444444444444
vCV-5LypZCs.002.4.jpg,0.5981308411214954,0.8125000000000001,0.6593406593406592,0.7184466019417477,0.7444444444444444
NTSMogqhvBg.003.1.jpg,0.3457943925233645,0.4791666666666667,0.4945054945054945,0.35922330097087385,0.7666666666666666
NTSMogqhvBg.003.2.jpg,0.3457943925233645,0.4791666666666667,0.4945054945054945,0.35922330097087385,0.7666666666666666
NTSMogqhvBg.003.3.jpg,0.3457943925233645,0.4791666666666667,0.4945054945054945,0.35922330097087385,0.7666666666666666
NTSMogqhvBg.003.4.jpg,0.3457943925233645,0.4791666666666667,0.4945054945054945,0.35922330097087385,0.7666666666666666
dLltwqkvsNg.004.1.jpg,0.6822429906542057,0.59375,0.8021978021978021,0.4951456310679611,0.711111111111111
dLltwqkvsNg.004.2.jpg,0.6822429906542057,0.59375,0.8021978021978021,0.4951456310679611,0.711111111111111
dLltwqkvsNg.004.3.jpg,0.6822429906542057,0.59375,0.8021978021978021,0.4951456310679611,0.711111111111111
dLltwqkvsNg.004.4.jpg,0.6822429906542057,0.59375,0.8021978021978021,0.4951456310679611,0.711111111111111
NFAlff6GUpA.001.1.jpg,0.5607476635514019,0.5625,0.6813186813186812,0.5728155339805825,0.5333333333333333
NFAlff6GUpA.001.2.jpg,0.5607476635514019,0.5625,0.6813186813186812,0.5728155339805825,0.5333333333333333
NFAlff6GUpA.001.3.jpg,0.5607476635514019,0.5625,0.6813186813186812,0.5728155339805825,0.5333333333333333
NFAlff6GUpA.001.4.jpg,0.5607476635514019,0.5625,0.6813186813186812,0.5728155339805825,0.5333333333333333
yp-tfq1NxBk.005.1.jpg,0.5327102803738318,0.6041666666666666,0.5934065934065933,0.5242718446601942,0.6666666666666666
yp-tfq1NxBk.005.2.jpg,0.5327102803738318,0.6041666666666666,0.5934065934065933,0.5242718446601942,0.6666666666666666
yp-tfq1NxBk.005.3.jpg,0.5327102803738318,0.6041666666666666,0.5934065934065933,0.5242718446601942,0.6666666666666666
yp-tfq1NxBk.005.4.jpg,0.5327102803738318,0.6041666666666666,0.5934065934065933,0.5242718446601942,0.6666666666666666
r1v6EmZv7-o.000.1.jpg,0.4579439252336449,0.5104166666666666,0.6153846153846153,0.6019417475728155,0.5444444444444444
r1v6EmZv7-o.000.2.jpg,0.4579439252336449,0.5104166666666666,0.6153846153846153,0.6019417475728155,0.5444444444444444
r1v6EmZv7-o.000.3.jpg,0.4579439252336449,0.5104166666666666,0.6153846153846153,0.6019417475728155,0.5444444444444444
r1v6EmZv7-o.000.4.jpg,0.4579439252336449,0.5104166666666666,0.6153846153846153,0.6019417475728155,0.5444444444444444
siEnTktB4lQ.005.1.jpg,0.4112149532710281,0.5,0.4395604395604395,0.5728155339805825,0.7
siEnTktB4lQ.005.2.jpg,0.4112149532710281,0.5,0.4395604395604395,0.5728155339805825,0.7
siEnTktB4lQ.005.3.jpg,0.4112149532710281,0.5,0.4395604395604395,0.5728155339805825,0.7
siEnTktB4lQ.005.4.jpg,0.4112149532710281,0.5,0.4395604395604395,0.5728155339805825,0.7
04oq2yrBwMg.005.1.jpg,0.4205607476635514,0.40625000000000006,0.6043956043956044,0.3883495145631068,0.5555555555555556
04oq2yrBwMg.005.2.jpg,0.4205607476635514,0.40625000000000006,0.6043956043956044,0.3883495145631068,0.5555555555555556
04oq2yrBwMg.005.3.jpg,0.4205607476635514,0.40625000000000006,0.6043956043956044,0.3883495145631068,0.5555555555555556
04oq2yrBwMg.005.4.jpg,0.4205607476635514,0.40625000000000006,0.6043956043956044,0.3883495145631068,0.5555555555555556
7tlMys6MZ34.002.1.jpg,0.6542056074766356,0.6979166666666666,0.7802197802197802,0.6893203883495147,0.7555555555555554
7tlMys6MZ34.002.2.jpg,0.6542056074766356,0.6979166666666666,0.7802197802197802,0.6893203883495147,0.7555555555555554
7tlMys6MZ34.002.3.jpg,0.6542056074766356,0.6979166666666666,0.7802197802197802,0.6893203883495147,0.7555555555555554
7tlMys6MZ34.002.4.jpg,0.6542056074766356,0.6979166666666666,0.7802197802197802,0.6893203883495147,0.7555555555555554
CHkKv9TXm0g.002.1.jpg,0.20560747663551404,0.3125,0.5494505494505494,0.5339805825242718,0.3
CHkKv9TXm0g.002.2.jpg,0.20560747663551404,0.3125,0.5494505494505494,0.5339805825242718,0.3
CHkKv9TXm0g.002.3.jpg,0.20560747663551404,0.3125,0.5494505494505494,0.5339805825242718,0.3
CHkKv9TXm0g.002.4.jpg,0.20560747663551404,0.3125,0.5494505494505494,0.5339805825242718,0.3
rjS0PIwS47M.003.1.jpg,0.22429906542056074,0.2604166666666667,0.3736263736263736,0.4563106796116505,0.4666666666666667
rjS0PIwS47M.003.2.jpg,0.22429906542056074,0.2604166666666667,0.3736263736263736,0.4563106796116505,0.4666666666666667
rjS0PIwS47M.003.3.jpg,0.22429906542056074,0.2604166666666667,0.3736263736263736,0.4563106796116505,0.4666666666666667
rjS0PIwS47M.003.4.jpg,0.22429906542056074,0.2604166666666667,0.3736263736263736,0.4563106796116505,0.4666666666666667
04oq2yrBwMg.000.1.jpg,0.3177570093457944,0.18749999999999997,0.2747252747252747,0.2038834951456311,0.3666666666666667
04oq2yrBwMg.000.2.jpg,0.3177570093457944,0.18749999999999997,0.2747252747252747,0.2038834951456311,0.3666666666666667
04oq2yrBwMg.000.3.jpg,0.3177570093457944,0.18749999999999997,0.2747252747252747,0.2038834951456311,0.3666666666666667
04oq2yrBwMg.000.4.jpg,0.3177570093457944,0.18749999999999997,0.2747252747252747,0.2038834951456311,0.3666666666666667
2-LDYe7OXZU.004.1.jpg,0.5607476635514019,0.625,0.6373626373626373,0.6407766990291262,0.6666666666666666
2-LDYe7OXZU.004.2.jpg,0.5607476635514019,0.625,0.6373626373626373,0.6407766990291262,0.6666666666666666
2-LDYe7OXZU.004.3.jpg,0.5607476635514019,0.625,0.6373626373626373,0.6407766990291262,0.6666666666666666
2-LDYe7OXZU.004.4.jpg,0.5607476635514019,0.625,0.6373626373626373,0.6407766990291262,0.6666666666666666
LGdzP-r_G3U.003.1.jpg,0.4579439252336449,0.4895833333333333,0.5494505494505494,0.5728155339805825,0.4444444444444445
LGdzP-r_G3U.003.2.jpg,0.4579439252336449,0.4895833333333333,0.5494505494505494,0.5728155339805825,0.4444444444444445
LGdzP-r_G3U.003.3.jpg,0.4579439252336449,0.4895833333333333,0.5494505494505494,0.5728155339805825,0.4444444444444445
LGdzP-r_G3U.003.4.jpg,0.4579439252336449,0.4895833333333333,0.5494505494505494,0.5728155339805825,0.4444444444444445
LRczShwIVbM.002.1.jpg,0.6261682242990655,0.5833333333333333,0.4835164835164835,0.5339805825242718,0.6777777777777777
LRczShwIVbM.002.2.jpg,0.6261682242990655,0.5833333333333333,0.4835164835164835,0.5339805825242718,0.6777777777777777
LRczShwIVbM.002.3.jpg,0.6261682242990655,0.5833333333333333,0.4835164835164835,0.5339805825242718,0.6777777777777777
LRczShwIVbM.002.4.jpg,0.6261682242990655,0.5833333333333333,0.4835164835164835,0.5339805825242718,0.6777777777777777
jpPZVmzleAo.005.1.jpg,0.4205607476635514,0.45833333333333337,0.5274725274725275,0.6213592233009709,0.5222222222222223
jpPZVmzleAo.005.2.jpg,0.4205607476635514,0.45833333333333337,0.5274725274725275,0.6213592233009709,0.5222222222222223
jpPZVmzleAo.005.3.jpg,0.4205607476635514,0.45833333333333337,0.5274725274725275,0.6213592233009709,0.5222222222222223
jpPZVmzleAo.005.4.jpg,0.4205607476635514,0.45833333333333337,0.5274725274725275,0.6213592233009709,0.5222222222222223
ins5QQc2dR0.000.1.jpg,0.4205607476635514,0.35416666666666663,0.4175824175824176,0.31067961165048547,0.33333333333333337
ins5QQc2dR0.000.2.jpg,0.4205607476635514,0.35416666666666663,0.4175824175824176,0.31067961165048547,0.33333333333333337
ins5QQc2dR0.000.3.jpg,0.4205607476635514,0.35416666666666663,0.4175824175824176,0.31067961165048547,0.33333333333333337
ins5QQc2dR0.000.4.jpg,0.4205607476635514,0.35416666666666663,0.4175824175824176,0.31067961165048547,0.33333333333333337
mfGhtr0zy3k.005.1.jpg,0.3271028037383178,0.4479166666666667,0.3846153846153846,0.6796116504854369,0.3666666666666667
mfGhtr0zy3k.005.2.jpg,0.3271028037383178,0.4479166666666667,0.3846153846153846,0.6796116504854369,0.3666666666666667
mfGhtr0zy3k.005.3.jpg,0.3271028037383178,0.4479166666666667,0.3846153846153846,0.6796116504854369,0.3666666666666667
mfGhtr0zy3k.005.4.jpg,0.3271028037383178,0.4479166666666667,0.3846153846153846,0.6796116504854369,0.3666666666666667
fSDA4eEyGHk.001.1.jpg,0.4672897196261683,0.53125,0.5934065934065933,0.3980582524271845,0.4888888888888889
fSDA4eEyGHk.001.2.jpg,0.4672897196261683,0.53125,0.5934065934065933,0.3980582524271845,0.4888888888888889
fSDA4eEyGHk.001.3.jpg,0.4672897196261683,0.53125,0.5934065934065933,0.3980582524271845,0.4888888888888889
fSDA4eEyGHk.001.4.jpg,0.4672897196261683,0.53125,0.5934065934065933,0.3980582524271845,0.4888888888888889
mKsGK9nCTxw.004.1.jpg,0.4299065420560748,0.5833333333333333,0.6483516483516484,0.5922330097087379,0.5888888888888889
mKsGK9nCTxw.004.2.jpg,0.4299065420560748,0.5833333333333333,0.6483516483516484,0.5922330097087379,0.5888888888888889
mKsGK9nCTxw.004.3.jpg,0.4299065420560748,0.5833333333333333,0.6483516483516484,0.5922330097087379,0.5888888888888889
mKsGK9nCTxw.004.4.jpg,0.4299065420560748,0.5833333333333333,0.6483516483516484,0.5922330097087379,0.5888888888888889
y4w-PiVPfjI.001.1.jpg,0.6355140186915887,0.7291666666666667,0.6593406593406592,0.42718446601941745,0.711111111111111
y4w-PiVPfjI.001.2.jpg,0.6355140186915887,0.7291666666666667,0.6593406593406592,0.42718446601941745,0.711111111111111
y4w-PiVPfjI.001.3.jpg,0.6355140186915887,0.7291666666666667,0.6593406593406592,0.42718446601941745,0.711111111111111
y4w-PiVPfjI.001.4.jpg,0.6355140186915887,0.7291666666666667,0.6593406593406592,0.42718446601941745,0.711111111111111
0zJcYnsh55g.002.1.jpg,0.48598130841121495,0.5,0.6153846153846153,0.4174757281553398,0.5444444444444444
0zJcYnsh55g.002.2.jpg,0.48598130841121495,0.5,0.6153846153846153,0.4174757281553398,0.5444444444444444
0zJcYnsh55g.002.3.jpg,0.48598130841121495,0.5,0.6153846153846153,0.4174757281553398,0.5444444444444444
0zJcYnsh55g.002.4.jpg,0.48598130841121495,0.5,0.6153846153846153,0.4174757281553398,0.5444444444444444
YygvfVxOWP8.004.1.jpg,0.5607476635514019,0.6354166666666666,0.4945054945054945,0.7184466019417477,0.7
YygvfVxOWP8.004.2.jpg,0.5607476635514019,0.6354166666666666,0.4945054945054945,0.7184466019417477,0.7
YygvfVxOWP8.004.3.jpg,0.5607476635514019,0.6354166666666666,0.4945054945054945,0.7184466019417477,0.7
YygvfVxOWP8.004.4.jpg,0.5607476635514019,0.6354166666666666,0.4945054945054945,0.7184466019417477,0.7
DvWzedL3QCk.002.1.jpg,0.5700934579439253,0.7187499999999999,0.5054945054945055,0.6116504854368932,0.7
DvWzedL3QCk.002.2.jpg,0.5700934579439253,0.7187499999999999,0.5054945054945055,0.6116504854368932,0.7
DvWzedL3QCk.002.3.jpg,0.5700934579439253,0.7187499999999999,0.5054945054945055,0.6116504854368932,0.7
DvWzedL3QCk.002.4.jpg,0.5700934579439253,0.7187499999999999,0.5054945054945055,0.6116504854368932,0.7
JzXnxQDnwWE.005.1.jpg,0.7102803738317757,0.6354166666666666,0.5384615384615384,0.7378640776699029,0.7444444444444444
JzXnxQDnwWE.005.2.jpg,0.7102803738317757,0.6354166666666666,0.5384615384615384,0.7378640776699029,0.7444444444444444
JzXnxQDnwWE.005.3.jpg,0.7102803738317757,0.6354166666666666,0.5384615384615384,0.7378640776699029,0.7444444444444444
JzXnxQDnwWE.005.4.jpg,0.7102803738317757,0.6354166666666666,0.5384615384615384,0.7378640776699029,0.7444444444444444
qkmEt0ofGq8.001.1.jpg,0.48598130841121495,0.6666666666666667,0.4395604395604395,0.5242718446601942,0.5666666666666667
qkmEt0ofGq8.001.2.jpg,0.48598130841121495,0.6666666666666667,0.4395604395604395,0.5242718446601942,0.5666666666666667
qkmEt0ofGq8.001.3.jpg,0.48598130841121495,0.6666666666666667,0.4395604395604395,0.5242718446601942,0.5666666666666667
qkmEt0ofGq8.001.4.jpg,0.48598130841121495,0.6666666666666667,0.4395604395604395,0.5242718446601942,0.5666666666666667
hquzfo9MVDo.004.1.jpg,0.3457943925233645,0.42708333333333337,0.31868131868131866,0.4368932038834952,0.4444444444444445
hquzfo9MVDo.004.2.jpg,0.3457943925233645,0.42708333333333337,0.31868131868131866,0.4368932038834952,0.4444444444444445
hquzfo9MVDo.004.3.jpg,0.3457943925233645,0.42708333333333337,0.31868131868131866,0.4368932038834952,0.4444444444444445
hquzfo9MVDo.004.4.jpg,0.3457943925233645,0.42708333333333337,0.31868131868131866,0.4368932038834952,0.4444444444444445
IV01x2GS61g.002.1.jpg,0.5420560747663552,0.6354166666666666,0.7142857142857143,0.8446601941747574,0.6444444444444444
IV01x2GS61g.002.2.jpg,0.5420560747663552,0.6354166666666666,0.7142857142857143,0.8446601941747574,0.6444444444444444
IV01x2GS61g.002.3.jpg,0.5420560747663552,0.6354166666666666,0.7142857142857143,0.8446601941747574,0.6444444444444444
IV01x2GS61g.002.4.jpg,0.5420560747663552,0.6354166666666666,0.7142857142857143,0.8446601941747574,0.6444444444444444
_TbRQa4InvM.004.1.jpg,0.5233644859813085,0.5104166666666666,0.5274725274725275,0.47572815533980584,0.5666666666666667
_TbRQa4InvM.004.2.jpg,0.5233644859813085,0.5104166666666666,0.5274725274725275,0.47572815533980584,0.5666666666666667
_TbRQa4InvM.004.3.jpg,0.5233644859813085,0.5104166666666666,0.5274725274725275,0.47572815533980584,0.5666666666666667
_TbRQa4InvM.004.4.jpg,0.5233644859813085,0.5104166666666666,0.5274725274725275,0.47572815533980584,0.5666666666666667
MrYEK0nvnAo.005.1.jpg,0.5514018691588786,0.5729166666666666,0.5934065934065933,0.6116504854368932,0.5111111111111111
MrYEK0nvnAo.005.2.jpg,0.5514018691588786,0.5729166666666666,0.5934065934065933,0.6116504854368932,0.5111111111111111
MrYEK0nvnAo.005.3.jpg,0.5514018691588786,0.5729166666666666,0.5934065934065933,0.6116504854368932,0.5111111111111111
MrYEK0nvnAo.005.4.jpg,0.5514018691588786,0.5729166666666666,0.5934065934065933,0.6116504854368932,0.5111111111111111
Ui1ajQU5Ib8.004.1.jpg,0.6074766355140188,0.7187499999999999,0.7472527472527474,0.7766990291262136,0.7555555555555554
Ui1ajQU5Ib8.004.2.jpg,0.6074766355140188,0.7187499999999999,0.7472527472527474,0.7766990291262136,0.7555555555555554
Ui1ajQU5Ib8.004.3.jpg,0.6074766355140188,0.7187499999999999,0.7472527472527474,0.7766990291262136,0.7555555555555554
Ui1ajQU5Ib8.004.4.jpg,0.6074766355140188,0.7187499999999999,0.7472527472527474,0.7766990291262136,0.7555555555555554
4sCa35TOxgs.003.1.jpg,0.3457943925233645,0.32291666666666663,0.4065934065934066,0.23300970873786406,0.4222222222222222
4sCa35TOxgs.003.2.jpg,0.3457943925233645,0.32291666666666663,0.4065934065934066,0.23300970873786406,0.4222222222222222
4sCa35TOxgs.003.3.jpg,0.3457943925233645,0.32291666666666663,0.4065934065934066,0.23300970873786406,0.4222222222222222
4sCa35TOxgs.003.4.jpg,0.3457943925233645,0.32291666666666663,0.4065934065934066,0.23300970873786406,0.4222222222222222
jVGTEDAYWZ8.002.1.jpg,0.6074766355140188,0.7083333333333334,0.5934065934065933,0.6213592233009709,0.6777777777777777
jVGTEDAYWZ8.002.2.jpg,0.6074766355140188,0.7083333333333334,0.5934065934065933,0.6213592233009709,0.6777777777777777
jVGTEDAYWZ8.002.3.jpg,0.6074766355140188,0.7083333333333334,0.5934065934065933,0.6213592233009709,0.6777777777777777
jVGTEDAYWZ8.002.4.jpg,0.6074766355140188,0.7083333333333334,0.5934065934065933,0.6213592233009709,0.6777777777777777
0u56Q_QmxIM.003.1.jpg,0.38317757009345793,0.6145833333333333,0.6813186813186812,0.8640776699029126,0.4444444444444445
0u56Q_QmxIM.003.2.jpg,0.38317757009345793,0.6145833333333333,0.6813186813186812,0.8640776699029126,0.4444444444444445
0u56Q_QmxIM.003.3.jpg,0.38317757009345793,0.6145833333333333,0.6813186813186812,0.8640776699029126,0.4444444444444445
0u56Q_QmxIM.003.4.jpg,0.38317757009345793,0.6145833333333333,0.6813186813186812,0.8640776699029126,0.4444444444444445
cJs_LosR-u8.005.1.jpg,0.4579439252336449,0.53125,0.5824175824175825,0.6116504854368932,0.5333333333333333
cJs_LosR-u8.005.2.jpg,0.4579439252336449,0.53125,0.5824175824175825,0.6116504854368932,0.5333333333333333
cJs_LosR-u8.005.3.jpg,0.4579439252336449,0.53125,0.5824175824175825,0.6116504854368932,0.5333333333333333
cJs_LosR-u8.005.4.jpg,0.4579439252336449,0.53125,0.5824175824175825,0.6116504854368932,0.5333333333333333
wuhoIm_jPc0.000.1.jpg,0.4299065420560748,0.4375,0.5164835164835165,0.5533980582524272,0.5444444444444444
wuhoIm_jPc0.000.2.jpg,0.4299065420560748,0.4375,0.5164835164835165,0.5533980582524272,0.5444444444444444
wuhoIm_jPc0.000.3.jpg,0.4299065420560748,0.4375,0.5164835164835165,0.5533980582524272,0.5444444444444444
wuhoIm_jPc0.000.4.jpg,0.4299065420560748,0.4375,0.5164835164835165,0.5533980582524272,0.5444444444444444
OhHg1lyxe4I.005.1.jpg,0.08411214953271029,0.20833333333333331,0.2747252747252747,0.22330097087378642,0.33333333333333337
OhHg1lyxe4I.005.2.jpg,0.08411214953271029,0.20833333333333331,0.2747252747252747,0.22330097087378642,0.33333333333333337
OhHg1lyxe4I.005.3.jpg,0.08411214953271029,0.20833333333333331,0.2747252747252747,0.22330097087378642,0.33333333333333337
OhHg1lyxe4I.005.4.jpg,0.08411214953271029,0.20833333333333331,0.2747252747252747,0.22330097087378642,0.33333333333333337
Oe7ItP7gS4w.003.1.jpg,0.5700934579439253,0.625,0.6263736263736264,0.5048543689320388,0.7444444444444444
Oe7ItP7gS4w.003.2.jpg,0.5700934579439253,0.625,0.6263736263736264,0.5048543689320388,0.7444444444444444
Oe7ItP7gS4w.003.3.jpg,0.5700934579439253,0.625,0.6263736263736264,0.5048543689320388,0.7444444444444444
Oe7ItP7gS4w.003.4.jpg,0.5700934579439253,0.625,0.6263736263736264,0.5048543689320388,0.7444444444444444
RZgTERiRDjA.000.1.jpg,0.5420560747663552,0.53125,0.5604395604395604,0.6601941747572816,0.6444444444444444
RZgTERiRDjA.000.2.jpg,0.5420560747663552,0.53125,0.5604395604395604,0.6601941747572816,0.6444444444444444
RZgTERiRDjA.000.3.jpg,0.5420560747663552,0.53125,0.5604395604395604,0.6601941747572816,0.6444444444444444
RZgTERiRDjA.000.4.jpg,0.5420560747663552,0.53125,0.5604395604395604,0.6601941747572816,0.6444444444444444
gggp205gPMI.000.1.jpg,0.36448598130841126,0.6770833333333334,0.5714285714285714,0.6796116504854369,0.5333333333333333
gggp205gPMI.000.2.jpg,0.36448598130841126,0.6770833333333334,0.5714285714285714,0.6796116504854369,0.5333333333333333
gggp205gPMI.000.3.jpg,0.36448598130841126,0.6770833333333334,0.5714285714285714,0.6796116504854369,0.5333333333333333
gggp205gPMI.000.4.jpg,0.36448598130841126,0.6770833333333334,0.5714285714285714,0.6796116504854369,0.5333333333333333
P9WDAY-MFzk.005.1.jpg,0.5140186915887851,0.53125,0.5384615384615384,0.7184466019417477,0.5888888888888889
P9WDAY-MFzk.005.2.jpg,0.5140186915887851,0.53125,0.5384615384615384,0.7184466019417477,0.5888888888888889
P9WDAY-MFzk.005.3.jpg,0.5140186915887851,0.53125,0.5384615384615384,0.7184466019417477,0.5888888888888889
P9WDAY-MFzk.005.4.jpg,0.5140186915887851,0.53125,0.5384615384615384,0.7184466019417477,0.5888888888888889
2WuhWF4fAOQ.005.1.jpg,0.4485981308411215,0.3333333333333333,0.5274725274725275,0.4077669902912622,0.6555555555555556
2WuhWF4fAOQ.005.2.jpg,0.4485981308411215,0.3333333333333333,0.5274725274725275,0.4077669902912622,0.6555555555555556
2WuhWF4fAOQ.005.3.jpg,0.4485981308411215,0.3333333333333333,0.5274725274725275,0.4077669902912622,0.6555555555555556
2WuhWF4fAOQ.005.4.jpg,0.4485981308411215,0.3333333333333333,0.5274725274725275,0.4077669902912622,0.6555555555555556
FGkS4vJYOpM.003.1.jpg,0.39252336448598135,0.3854166666666667,0.4395604395604395,0.5631067961165048,0.4
FGkS4vJYOpM.003.2.jpg,0.39252336448598135,0.3854166666666667,0.4395604395604395,0.5631067961165048,0.4
FGkS4vJYOpM.003.3.jpg,0.39252336448598135,0.3854166666666667,0.4395604395604395,0.5631067961165048,0.4
FGkS4vJYOpM.003.4.jpg,0.39252336448598135,0.3854166666666667,0.4395604395604395,0.5631067961165048,0.4
lLObIVKYDUI.001.1.jpg,0.20560747663551404,0.3020833333333333,0.3406593406593406,0.3980582524271845,0.3555555555555556
lLObIVKYDUI.001.2.jpg,0.20560747663551404,0.3020833333333333,0.3406593406593406,0.3980582524271845,0.3555555555555556
lLObIVKYDUI.001.3.jpg,0.20560747663551404,0.3020833333333333,0.3406593406593406,0.3980582524271845,0.3555555555555556
lLObIVKYDUI.001.4.jpg,0.20560747663551404,0.3020833333333333,0.3406593406593406,0.3980582524271845,0.3555555555555556
MnARi5OWW9Q.003.1.jpg,0.28037383177570097,0.3645833333333333,0.3736263736263736,0.3786407766990291,0.4888888888888889
MnARi5OWW9Q.003.2.jpg,0.28037383177570097,0.3645833333333333,0.3736263736263736,0.3786407766990291,0.4888888888888889
MnARi5OWW9Q.003.3.jpg,0.28037383177570097,0.3645833333333333,0.3736263736263736,0.3786407766990291,0.4888888888888889
MnARi5OWW9Q.003.4.jpg,0.28037383177570097,0.3645833333333333,0.3736263736263736,0.3786407766990291,0.4888888888888889
rCxlfusNJlY.004.1.jpg,0.35514018691588783,0.5833333333333333,0.4505494505494505,0.5825242718446602,0.5888888888888889
rCxlfusNJlY.004.2.jpg,0.35514018691588783,0.5833333333333333,0.4505494505494505,0.5825242718446602,0.5888888888888889
rCxlfusNJlY.004.3.jpg,0.35514018691588783,0.5833333333333333,0.4505494505494505,0.5825242718446602,0.5888888888888889
rCxlfusNJlY.004.4.jpg,0.35514018691588783,0.5833333333333333,0.4505494505494505,0.5825242718446602,0.5888888888888889
vLAHfIjmRMc.004.1.jpg,0.6822429906542057,0.53125,0.6263736263736264,0.4563106796116505,0.6666666666666666
vLAHfIjmRMc.004.2.jpg,0.6822429906542057,0.53125,0.6263736263736264,0.4563106796116505,0.6666666666666666
vLAHfIjmRMc.004.3.jpg,0.6822429906542057,0.53125,0.6263736263736264,0.4563106796116505,0.6666666666666666
vLAHfIjmRMc.004.4.jpg,0.6822429906542057,0.53125,0.6263736263736264,0.4563106796116505,0.6666666666666666
XNWN7ScxVIA.000.1.jpg,0.7383177570093458,0.5416666666666666,0.6483516483516484,0.7864077669902914,0.7999999999999999
XNWN7ScxVIA.000.2.jpg,0.7383177570093458,0.5416666666666666,0.6483516483516484,0.7864077669902914,0.7999999999999999
XNWN7ScxVIA.000.3.jpg,0.7383177570093458,0.5416666666666666,0.6483516483516484,0.7864077669902914,0.7999999999999999
XNWN7ScxVIA.000.4.jpg,0.7383177570093458,0.5416666666666666,0.6483516483516484,0.7864077669902914,0.7999999999999999
_IQX3zjINy4.003.1.jpg,0.26168224299065423,0.4166666666666667,0.3956043956043956,0.4563106796116505,0.41111111111111115
_IQX3zjINy4.003.2.jpg,0.26168224299065423,0.4166666666666667,0.3956043956043956,0.4563106796116505,0.41111111111111115
_IQX3zjINy4.003.3.jpg,0.26168224299065423,0.4166666666666667,0.3956043956043956,0.4563106796116505,0.41111111111111115
_IQX3zjINy4.003.4.jpg,0.26168224299065423,0.4166666666666667,0.3956043956043956,0.4563106796116505,0.41111111111111115
onbyz01BC_Y.002.1.jpg,0.4953271028037384,0.4375,0.5384615384615384,0.47572815533980584,0.5666666666666667
onbyz01BC_Y.002.2.jpg,0.4953271028037384,0.4375,0.5384615384615384,0.47572815533980584,0.5666666666666667
onbyz01BC_Y.002.3.jpg,0.4953271028037384,0.4375,0.5384615384615384,0.47572815533980584,0.5666666666666667
onbyz01BC_Y.002.4.jpg,0.4953271028037384,0.4375,0.5384615384615384,0.47572815533980584,0.5666666666666667
H523MhINmbA.000.1.jpg,0.35514018691588783,0.3854166666666667,0.4505494505494505,0.2524271844660194,0.4
H523MhINmbA.000.2.jpg,0.35514018691588783,0.3854166666666667,0.4505494505494505,0.2524271844660194,0.4
H523MhINmbA.000.3.jpg,0.35514018691588783,0.3854166666666667,0.4505494505494505,0.2524271844660194,0.4
H523MhINmbA.000.4.jpg,0.35514018691588783,0.3854166666666667,0.4505494505494505,0.2524271844660194,0.4
7nJPNkWZDOY.004.1.jpg,0.691588785046729,0.65625,0.6593406593406592,0.6601941747572816,0.711111111111111
7nJPNkWZDOY.004.2.jpg,0.691588785046729,0.65625,0.6593406593406592,0.6601941747572816,0.711111111111111
7nJPNkWZDOY.004.3.jpg,0.691588785046729,0.65625,0.6593406593406592,0.6601941747572816,0.711111111111111
7nJPNkWZDOY.004.4.jpg,0.691588785046729,0.65625,0.6593406593406592,0.6601941747572816,0.711111111111111
fBMKlYUjA9E.005.1.jpg,0.7196261682242993,0.8020833333333334,0.7142857142857143,0.7281553398058251,0.7333333333333333
fBMKlYUjA9E.005.2.jpg,0.7196261682242993,0.8020833333333334,0.7142857142857143,0.7281553398058251,0.7333333333333333
fBMKlYUjA9E.005.3.jpg,0.7196261682242993,0.8020833333333334,0.7142857142857143,0.7281553398058251,0.7333333333333333
fBMKlYUjA9E.005.4.jpg,0.7196261682242993,0.8020833333333334,0.7142857142857143,0.7281553398058251,0.7333333333333333
4lj66h4CXI8.001.1.jpg,0.6355140186915887,0.6666666666666667,0.6043956043956044,0.6699029126213591,0.7555555555555554
4lj66h4CXI8.001.2.jpg,0.6355140186915887,0.6666666666666667,0.6043956043956044,0.6699029126213591,0.7555555555555554
4lj66h4CXI8.001.3.jpg,0.6355140186915887,0.6666666666666667,0.6043956043956044,0.6699029126213591,0.7555555555555554
4lj66h4CXI8.001.4.jpg,0.6355140186915887,0.6666666666666667,0.6043956043956044,0.6699029126213591,0.7555555555555554
7fOxteINSUg.002.1.jpg,0.2336448598130841,0.19791666666666666,0.31868131868131866,0.21359223300970873,0.28888888888888886
7fOxteINSUg.002.2.jpg,0.2336448598130841,0.19791666666666666,0.31868131868131866,0.21359223300970873,0.28888888888888886
7fOxteINSUg.002.3.jpg,0.2336448598130841,0.19791666666666666,0.31868131868131866,0.21359223300970873,0.28888888888888886
7fOxteINSUg.002.4.jpg,0.2336448598130841,0.19791666666666666,0.31868131868131866,0.21359223300970873,0.28888888888888886
ygUEI08LgcM.000.1.jpg,0.33644859813084116,0.3854166666666667,0.4835164835164835,0.4077669902912622,0.45555555555555555
ygUEI08LgcM.000.2.jpg,0.33644859813084116,0.3854166666666667,0.4835164835164835,0.4077669902912622,0.45555555555555555
ygUEI08LgcM.000.3.jpg,0.33644859813084116,0.3854166666666667,0.4835164835164835,0.4077669902912622,0.45555555555555555
ygUEI08LgcM.000.4.jpg,0.33644859813084116,0.3854166666666667,0.4835164835164835,0.4077669902912622,0.45555555555555555
7A7gav98tW4.000.1.jpg,0.2710280373831776,0.3125,0.31868131868131866,0.30097087378640774,0.32222222222222224
7A7gav98tW4.000.2.jpg,0.2710280373831776,0.3125,0.31868131868131866,0.30097087378640774,0.32222222222222224
7A7gav98tW4.000.3.jpg,0.2710280373831776,0.3125,0.31868131868131866,0.30097087378640774,0.32222222222222224
7A7gav98tW4.000.4.jpg,0.2710280373831776,0.3125,0.31868131868131866,0.30097087378640774,0.32222222222222224
yEY_2BYZhnQ.003.1.jpg,0.6261682242990655,0.5208333333333334,0.6373626373626373,0.42718446601941745,0.6333333333333333
yEY_2BYZhnQ.003.2.jpg,0.6261682242990655,0.5208333333333334,0.6373626373626373,0.42718446601941745,0.6333333333333333
yEY_2BYZhnQ.003.3.jpg,0.6261682242990655,0.5208333333333334,0.6373626373626373,0.42718446601941745,0.6333333333333333
yEY_2BYZhnQ.003.4.jpg,0.6261682242990655,0.5208333333333334,0.6373626373626373,0.42718446601941745,0.6333333333333333
r93dLeVRk3U.001.1.jpg,0.4672897196261683,0.6354166666666666,0.6153846153846153,0.4660194174757281,0.6777777777777777
r93dLeVRk3U.001.2.jpg,0.4672897196261683,0.6354166666666666,0.6153846153846153,0.4660194174757281,0.6777777777777777
r93dLeVRk3U.001.3.jpg,0.4672897196261683,0.6354166666666666,0.6153846153846153,0.4660194174757281,0.6777777777777777
r93dLeVRk3U.001.4.jpg,0.4672897196261683,0.6354166666666666,0.6153846153846153,0.4660194174757281,0.6777777777777777
WZnLayQeIZ0.001.1.jpg,0.6448598130841123,0.6458333333333333,0.4395604395604395,0.5436893203883495,0.6555555555555556
WZnLayQeIZ0.001.2.jpg,0.6448598130841123,0.6458333333333333,0.4395604395604395,0.5436893203883495,0.6555555555555556
WZnLayQeIZ0.001.3.jpg,0.6448598130841123,0.6458333333333333,0.4395604395604395,0.5436893203883495,0.6555555555555556
WZnLayQeIZ0.001.4.jpg,0.6448598130841123,0.6458333333333333,0.4395604395604395,0.5436893203883495,0.6555555555555556
bzaOB8BoWPU.001.1.jpg,0.48598130841121495,0.5416666666666666,0.4945054945054945,0.6213592233009709,0.7555555555555554
bzaOB8BoWPU.001.2.jpg,0.48598130841121495,0.5416666666666666,0.4945054945054945,0.6213592233009709,0.7555555555555554
bzaOB8BoWPU.001.3.jpg,0.48598130841121495,0.5416666666666666,0.4945054945054945,0.6213592233009709,0.7555555555555554
bzaOB8BoWPU.001.4.jpg,0.48598130841121495,0.5416666666666666,0.4945054945054945,0.6213592233009709,0.7555555555555554
OLFhKCgexRU.003.1.jpg,0.4018691588785047,0.65625,0.5274725274725275,0.6699029126213591,0.611111111111111
OLFhKCgexRU.003.2.jpg,0.4018691588785047,0.65625,0.5274725274725275,0.6699029126213591,0.611111111111111
OLFhKCgexRU.003.3.jpg,0.4018691588785047,0.65625,0.5274725274725275,0.6699029126213591,0.611111111111111
OLFhKCgexRU.003.4.jpg,0.4018691588785047,0.65625,0.5274725274725275,0.6699029126213591,0.611111111111111
N0s2M3bJkUk.004.1.jpg,0.6074766355140188,0.6145833333333333,0.6263736263736264,0.6407766990291262,0.6
N0s2M3bJkUk.004.2.jpg,0.6074766355140188,0.6145833333333333,0.6263736263736264,0.6407766990291262,0.6
N0s2M3bJkUk.004.3.jpg,0.6074766355140188,0.6145833333333333,0.6263736263736264,0.6407766990291262,0.6
N0s2M3bJkUk.004.4.jpg,0.6074766355140188,0.6145833333333333,0.6263736263736264,0.6407766990291262,0.6
TJJJfJfj46M.003.1.jpg,0.47663551401869164,0.3854166666666667,0.5164835164835165,0.4077669902912622,0.3666666666666667
TJJJfJfj46M.003.2.jpg,0.47663551401869164,0.3854166666666667,0.5164835164835165,0.4077669902912622,0.3666666666666667
TJJJfJfj46M.003.3.jpg,0.47663551401869164,0.3854166666666667,0.5164835164835165,0.4077669902912622,0.3666666666666667
TJJJfJfj46M.003.4.jpg,0.47663551401869164,0.3854166666666667,0.5164835164835165,0.4077669902912622,0.3666666666666667
1XqMZQu_pP4.003.1.jpg,0.37383177570093457,0.3645833333333333,0.4615384615384615,0.5048543689320388,0.5111111111111111
1XqMZQu_pP4.003.2.jpg,0.37383177570093457,0.3645833333333333,0.4615384615384615,0.5048543689320388,0.5111111111111111
1XqMZQu_pP4.003.3.jpg,0.37383177570093457,0.3645833333333333,0.4615384615384615,0.5048543689320388,0.5111111111111111
1XqMZQu_pP4.003.4.jpg,0.37383177570093457,0.3645833333333333,0.4615384615384615,0.5048543689320388,0.5111111111111111
OSDlyk5ZgAk.000.1.jpg,0.39252336448598135,0.5104166666666666,0.5934065934065933,0.30097087378640774,0.5444444444444444
OSDlyk5ZgAk.000.2.jpg,0.39252336448598135,0.5104166666666666,0.5934065934065933,0.30097087378640774,0.5444444444444444
OSDlyk5ZgAk.000.3.jpg,0.39252336448598135,0.5104166666666666,0.5934065934065933,0.30097087378640774,0.5444444444444444
OSDlyk5ZgAk.000.4.jpg,0.39252336448598135,0.5104166666666666,0.5934065934065933,0.30097087378640774,0.5444444444444444
FTk2SCmJI_w.005.1.jpg,0.4299065420560748,0.5520833333333334,0.3956043956043956,0.5339805825242718,0.5111111111111111
FTk2SCmJI_w.005.2.jpg,0.4299065420560748,0.5520833333333334,0.3956043956043956,0.5339805825242718,0.5111111111111111
FTk2SCmJI_w.005.3.jpg,0.4299065420560748,0.5520833333333334,0.3956043956043956,0.5339805825242718,0.5111111111111111
FTk2SCmJI_w.005.4.jpg,0.4299065420560748,0.5520833333333334,0.3956043956043956,0.5339805825242718,0.5111111111111111
9n8dNi-ERQ0.000.1.jpg,0.5514018691588786,0.6458333333333333,0.5934065934065933,0.5631067961165048,0.7777777777777777
9n8dNi-ERQ0.000.2.jpg,0.5514018691588786,0.6458333333333333,0.5934065934065933,0.5631067961165048,0.7777777777777777
9n8dNi-ERQ0.000.3.jpg,0.5514018691588786,0.6458333333333333,0.5934065934065933,0.5631067961165048,0.7777777777777777
9n8dNi-ERQ0.000.4.jpg,0.5514018691588786,0.6458333333333333,0.5934065934065933,0.5631067961165048,0.7777777777777777
ibawV2tqKug.002.1.jpg,0.5233644859813085,0.5625,0.5604395604395604,0.31067961165048547,0.6444444444444444
ibawV2tqKug.002.2.jpg,0.5233644859813085,0.5625,0.5604395604395604,0.31067961165048547,0.6444444444444444
ibawV2tqKug.002.3.jpg,0.5233644859813085,0.5625,0.5604395604395604,0.31067961165048547,0.6444444444444444
ibawV2tqKug.002.4.jpg,0.5233644859813085,0.5625,0.5604395604395604,0.31067961165048547,0.6444444444444444
wBCSJVBr4ZE.002.1.jpg,0.5327102803738318,0.5520833333333334,0.6923076923076923,0.6504854368932039,0.7444444444444444
wBCSJVBr4ZE.002.2.jpg,0.5327102803738318,0.5520833333333334,0.6923076923076923,0.6504854368932039,0.7444444444444444
wBCSJVBr4ZE.002.3.jpg,0.5327102803738318,0.5520833333333334,0.6923076923076923,0.6504854368932039,0.7444444444444444
wBCSJVBr4ZE.002.4.jpg,0.5327102803738318,0.5520833333333334,0.6923076923076923,0.6504854368932039,0.7444444444444444
O7ke1Wjb1ZM.000.1.jpg,0.37383177570093457,0.4375,0.4175824175824176,0.4951456310679611,0.3666666666666667
O7ke1Wjb1ZM.000.2.jpg,0.37383177570093457,0.4375,0.4175824175824176,0.4951456310679611,0.3666666666666667
O7ke1Wjb1ZM.000.3.jpg,0.37383177570093457,0.4375,0.4175824175824176,0.4951456310679611,0.3666666666666667
O7ke1Wjb1ZM.000.4.jpg,0.37383177570093457,0.4375,0.4175824175824176,0.4951456310679611,0.3666666666666667
Qzu9b49qvKo.000.1.jpg,0.36448598130841126,0.25,0.3956043956043956,0.36893203883495146,0.38888888888888895
Qzu9b49qvKo.000.2.jpg,0.36448598130841126,0.25,0.3956043956043956,0.36893203883495146,0.38888888888888895
Qzu9b49qvKo.000.3.jpg,0.36448598130841126,0.25,0.3956043956043956,0.36893203883495146,0.38888888888888895
Qzu9b49qvKo.000.4.jpg,0.36448598130841126,0.25,0.3956043956043956,0.36893203883495146,0.38888888888888895
TSGpD2NBeCQ.003.1.jpg,0.4392523364485981,0.5625,0.6483516483516484,0.5825242718446602,0.6222222222222222
TSGpD2NBeCQ.003.2.jpg,0.4392523364485981,0.5625,0.6483516483516484,0.5825242718446602,0.6222222222222222
TSGpD2NBeCQ.003.3.jpg,0.4392523364485981,0.5625,0.6483516483516484,0.5825242718446602,0.6222222222222222
TSGpD2NBeCQ.003.4.jpg,0.4392523364485981,0.5625,0.6483516483516484,0.5825242718446602,0.6222222222222222
ED70UxZkohc.004.1.jpg,0.2897196261682243,0.4375,0.4065934065934066,0.4466019417475728,0.32222222222222224
ED70UxZkohc.004.2.jpg,0.2897196261682243,0.4375,0.4065934065934066,0.4466019417475728,0.32222222222222224
ED70UxZkohc.004.3.jpg,0.2897196261682243,0.4375,0.4065934065934066,0.4466019417475728,0.32222222222222224
ED70UxZkohc.004.4.jpg,0.2897196261682243,0.4375,0.4065934065934066,0.4466019417475728,0.32222222222222224
siEnTktB4lQ.003.1.jpg,0.4112149532710281,0.4166666666666667,0.5164835164835165,0.47572815533980584,0.7222222222222221
siEnTktB4lQ.003.2.jpg,0.4112149532710281,0.4166666666666667,0.5164835164835165,0.47572815533980584,0.7222222222222221
siEnTktB4lQ.003.3.jpg,0.4112149532710281,0.4166666666666667,0.5164835164835165,0.47572815533980584,0.7222222222222221
siEnTktB4lQ.003.4.jpg,0.4112149532710281,0.4166666666666667,0.5164835164835165,0.47572815533980584,0.7222222222222221
cA3KzjBNr4M.001.1.jpg,0.29906542056074764,0.3333333333333333,0.3846153846153846,0.27184466019417475,0.4888888888888889
cA3KzjBNr4M.001.2.jpg,0.29906542056074764,0.3333333333333333,0.3846153846153846,0.27184466019417475,0.4888888888888889
cA3KzjBNr4M.001.3.jpg,0.29906542056074764,0.3333333333333333,0.3846153846153846,0.27184466019417475,0.4888888888888889
cA3KzjBNr4M.001.4.jpg,0.29906542056074764,0.3333333333333333,0.3846153846153846,0.27184466019417475,0.4888888888888889
9QGTbcqb2tM.005.1.jpg,0.37383177570093457,0.5625,0.4835164835164835,0.3786407766990291,0.41111111111111115
9QGTbcqb2tM.005.2.jpg,0.37383177570093457,0.5625,0.4835164835164835,0.3786407766990291,0.41111111111111115
9QGTbcqb2tM.005.3.jpg,0.37383177570093457,0.5625,0.4835164835164835,0.3786407766990291,0.41111111111111115
9QGTbcqb2tM.005.4.jpg,0.37383177570093457,0.5625,0.4835164835164835,0.3786407766990291,0.41111111111111115
d4cPiUXpGbc.004.1.jpg,0.5233644859813085,0.5208333333333334,0.5934065934065933,0.5436893203883495,0.5666666666666667
d4cPiUXpGbc.004.2.jpg,0.5233644859813085,0.5208333333333334,0.5934065934065933,0.5436893203883495,0.5666666666666667
d4cPiUXpGbc.004.3.jpg,0.5233644859813085,0.5208333333333334,0.5934065934065933,0.5436893203883495,0.5666666666666667
d4cPiUXpGbc.004.4.jpg,0.5233644859813085,0.5208333333333334,0.5934065934065933,0.5436893203883495,0.5666666666666667
qAisk1lgv2I.002.1.jpg,0.5327102803738318,0.4479166666666667,0.6703296703296703,0.5533980582524272,0.5
qAisk1lgv2I.002.2.jpg,0.5327102803738318,0.4479166666666667,0.6703296703296703,0.5533980582524272,0.5
qAisk1lgv2I.002.3.jpg,0.5327102803738318,0.4479166666666667,0.6703296703296703,0.5533980582524272,0.5
qAisk1lgv2I.002.4.jpg,0.5327102803738318,0.4479166666666667,0.6703296703296703,0.5533980582524272,0.5
8qG1sMihtPA.001.1.jpg,0.48598130841121495,0.5729166666666666,0.4505494505494505,0.5242718446601942,0.5777777777777777
8qG1sMihtPA.001.2.jpg,0.48598130841121495,0.5729166666666666,0.4505494505494505,0.5242718446601942,0.5777777777777777
8qG1sMihtPA.001.3.jpg,0.48598130841121495,0.5729166666666666,0.4505494505494505,0.5242718446601942,0.5777777777777777
8qG1sMihtPA.001.4.jpg,0.48598130841121495,0.5729166666666666,0.4505494505494505,0.5242718446601942,0.5777777777777777
aLAqJkRWKuk.001.1.jpg,0.47663551401869164,0.4895833333333333,0.6813186813186812,0.5242718446601942,0.4888888888888889
aLAqJkRWKuk.001.2.jpg,0.47663551401869164,0.4895833333333333,0.6813186813186812,0.5242718446601942,0.4888888888888889
aLAqJkRWKuk.001.3.jpg,0.47663551401869164,0.4895833333333333,0.6813186813186812,0.5242718446601942,0.4888888888888889
aLAqJkRWKuk.001.4.jpg,0.47663551401869164,0.4895833333333333,0.6813186813186812,0.5242718446601942,0.4888888888888889
rJgbslC72gw.002.1.jpg,0.2897196261682243,0.37499999999999994,0.4175824175824176,0.47572815533980584,0.4
rJgbslC72gw.002.2.jpg,0.2897196261682243,0.37499999999999994,0.4175824175824176,0.47572815533980584,0.4
rJgbslC72gw.002.3.jpg,0.2897196261682243,0.37499999999999994,0.4175824175824176,0.47572815533980584,0.4
rJgbslC72gw.002.4.jpg,0.2897196261682243,0.37499999999999994,0.4175824175824176,0.47572815533980584,0.4
0u56Q_QmxIM.005.1.jpg,0.4299065420560748,0.5833333333333333,0.6813186813186812,0.8543689320388351,0.5111111111111111
0u56Q_QmxIM.005.2.jpg,0.4299065420560748,0.5833333333333333,0.6813186813186812,0.8543689320388351,0.5111111111111111
0u56Q_QmxIM.005.3.jpg,0.4299065420560748,0.5833333333333333,0.6813186813186812,0.8543689320388351,0.5111111111111111
0u56Q_QmxIM.005.4.jpg,0.4299065420560748,0.5833333333333333,0.6813186813186812,0.8543689320388351,0.5111111111111111
m6JOFpKvkE0.005.1.jpg,0.4672897196261683,0.625,0.4725274725274725,0.7281553398058251,0.6444444444444444
m6JOFpKvkE0.005.2.jpg,0.4672897196261683,0.625,0.4725274725274725,0.7281553398058251,0.6444444444444444
m6JOFpKvkE0.005.3.jpg,0.4672897196261683,0.625,0.4725274725274725,0.7281553398058251,0.6444444444444444
m6JOFpKvkE0.005.4.jpg,0.4672897196261683,0.625,0.4725274725274725,0.7281553398058251,0.6444444444444444
_hR9AD-eIy8.001.1.jpg,0.5607476635514019,0.6666666666666667,0.6923076923076923,0.6213592233009709,0.6666666666666666
_hR9AD-eIy8.001.2.jpg,0.5607476635514019,0.6666666666666667,0.6923076923076923,0.6213592233009709,0.6666666666666666
_hR9AD-eIy8.001.3.jpg,0.5607476635514019,0.6666666666666667,0.6923076923076923,0.6213592233009709,0.6666666666666666
_hR9AD-eIy8.001.4.jpg,0.5607476635514019,0.6666666666666667,0.6923076923076923,0.6213592233009709,0.6666666666666666
ZNymNgd5EuQ.005.1.jpg,0.588785046728972,0.5833333333333333,0.6703296703296703,0.6699029126213591,0.5333333333333333
ZNymNgd5EuQ.005.2.jpg,0.588785046728972,0.5833333333333333,0.6703296703296703,0.6699029126213591,0.5333333333333333
ZNymNgd5EuQ.005.3.jpg,0.588785046728972,0.5833333333333333,0.6703296703296703,0.6699029126213591,0.5333333333333333
ZNymNgd5EuQ.005.4.jpg,0.588785046728972,0.5833333333333333,0.6703296703296703,0.6699029126213591,0.5333333333333333
81f9t2HMNas.000.1.jpg,0.26168224299065423,0.40625000000000006,0.3736263736263736,0.23300970873786406,0.6444444444444444
81f9t2HMNas.000.2.jpg,0.26168224299065423,0.40625000000000006,0.3736263736263736,0.23300970873786406,0.6444444444444444
81f9t2HMNas.000.3.jpg,0.26168224299065423,0.40625000000000006,0.3736263736263736,0.23300970873786406,0.6444444444444444
81f9t2HMNas.000.4.jpg,0.26168224299065423,0.40625000000000006,0.3736263736263736,0.23300970873786406,0.6444444444444444
CuGuiOZ48Ig.003.1.jpg,0.4953271028037384,0.5520833333333334,0.5714285714285714,0.6407766990291262,0.5222222222222223
CuGuiOZ48Ig.003.2.jpg,0.4953271028037384,0.5520833333333334,0.5714285714285714,0.6407766990291262,0.5222222222222223
CuGuiOZ48Ig.003.3.jpg,0.4953271028037384,0.5520833333333334,0.5714285714285714,0.6407766990291262,0.5222222222222223
CuGuiOZ48Ig.003.4.jpg,0.4953271028037384,0.5520833333333334,0.5714285714285714,0.6407766990291262,0.5222222222222223
nKx64KH7Xks.000.1.jpg,0.47663551401869164,0.6875,0.6263736263736264,0.6116504854368932,0.611111111111111
nKx64KH7Xks.000.2.jpg,0.47663551401869164,0.6875,0.6263736263736264,0.6116504854368932,0.611111111111111
nKx64KH7Xks.000.3.jpg,0.47663551401869164,0.6875,0.6263736263736264,0.6116504854368932,0.611111111111111
nKx64KH7Xks.000.4.jpg,0.47663551401869164,0.6875,0.6263736263736264,0.6116504854368932,0.611111111111111
e6YTvjDXEl0.000.1.jpg,0.5140186915887851,0.5104166666666666,0.5384615384615384,0.5339805825242718,0.6
e6YTvjDXEl0.000.2.jpg,0.5140186915887851,0.5104166666666666,0.5384615384615384,0.5339805825242718,0.6
e6YTvjDXEl0.000.3.jpg,0.5140186915887851,0.5104166666666666,0.5384615384615384,0.5339805825242718,0.6
e6YTvjDXEl0.000.4.jpg,0.5140186915887851,0.5104166666666666,0.5384615384615384,0.5339805825242718,0.6
Jcw9NZkMn6I.002.1.jpg,0.36448598130841126,0.39583333333333337,0.3736263736263736,0.6213592233009709,0.5
Jcw9NZkMn6I.002.2.jpg,0.36448598130841126,0.39583333333333337,0.3736263736263736,0.6213592233009709,0.5
Jcw9NZkMn6I.002.3.jpg,0.36448598130841126,0.39583333333333337,0.3736263736263736,0.6213592233009709,0.5
Jcw9NZkMn6I.002.4.jpg,0.36448598130841126,0.39583333333333337,0.3736263736263736,0.6213592233009709,0.5
w989xx44UQI.005.1.jpg,0.6261682242990655,0.7395833333333333,0.5824175824175825,0.6310679611650486,0.7777777777777777
w989xx44UQI.005.2.jpg,0.6261682242990655,0.7395833333333333,0.5824175824175825,0.6310679611650486,0.7777777777777777
w989xx44UQI.005.3.jpg,0.6261682242990655,0.7395833333333333,0.5824175824175825,0.6310679611650486,0.7777777777777777
w989xx44UQI.005.4.jpg,0.6261682242990655,0.7395833333333333,0.5824175824175825,0.6310679611650486,0.7777777777777777
z-CV743owek.002.1.jpg,0.5700934579439253,0.53125,0.5824175824175825,0.4854368932038835,0.5
z-CV743owek.002.2.jpg,0.5700934579439253,0.53125,0.5824175824175825,0.4854368932038835,0.5
z-CV743owek.002.3.jpg,0.5700934579439253,0.53125,0.5824175824175825,0.4854368932038835,0.5
z-CV743owek.002.4.jpg,0.5700934579439253,0.53125,0.5824175824175825,0.4854368932038835,0.5
lsXw8u4QXIU.005.1.jpg,0.5140186915887851,0.6666666666666667,0.6373626373626373,0.5922330097087379,0.4444444444444445
lsXw8u4QXIU.005.2.jpg,0.5140186915887851,0.6666666666666667,0.6373626373626373,0.5922330097087379,0.4444444444444445
lsXw8u4QXIU.005.3.jpg,0.5140186915887851,0.6666666666666667,0.6373626373626373,0.5922330097087379,0.4444444444444445
lsXw8u4QXIU.005.4.jpg,0.5140186915887851,0.6666666666666667,0.6373626373626373,0.5922330097087379,0.4444444444444445
YZp79VcnY0w.005.1.jpg,0.5514018691588786,0.5520833333333334,0.6813186813186812,0.6019417475728155,0.6333333333333333
YZp79VcnY0w.005.2.jpg,0.5514018691588786,0.5520833333333334,0.6813186813186812,0.6019417475728155,0.6333333333333333
YZp79VcnY0w.005.3.jpg,0.5514018691588786,0.5520833333333334,0.6813186813186812,0.6019417475728155,0.6333333333333333
YZp79VcnY0w.005.4.jpg,0.5514018691588786,0.5520833333333334,0.6813186813186812,0.6019417475728155,0.6333333333333333
B2riMsP8LD8.002.1.jpg,0.6168224299065421,0.6770833333333334,0.6483516483516484,0.6990291262135921,0.6777777777777777
B2riMsP8LD8.002.2.jpg,0.6168224299065421,0.6770833333333334,0.6483516483516484,0.6990291262135921,0.6777777777777777
B2riMsP8LD8.002.3.jpg,0.6168224299065421,0.6770833333333334,0.6483516483516484,0.6990291262135921,0.6777777777777777
B2riMsP8LD8.002.4.jpg,0.6168224299065421,0.6770833333333334,0.6483516483516484,0.6990291262135921,0.6777777777777777
7Y3S4nfQHeo.004.1.jpg,0.24299065420560748,0.59375,0.4285714285714285,0.6407766990291262,0.34444444444444444
7Y3S4nfQHeo.004.2.jpg,0.24299065420560748,0.59375,0.4285714285714285,0.6407766990291262,0.34444444444444444
7Y3S4nfQHeo.004.3.jpg,0.24299065420560748,0.59375,0.4285714285714285,0.6407766990291262,0.34444444444444444
7Y3S4nfQHeo.004.4.jpg,0.24299065420560748,0.59375,0.4285714285714285,0.6407766990291262,0.34444444444444444
keW8-eSiQ70.001.1.jpg,0.5514018691588786,0.5104166666666666,0.5824175824175825,0.4368932038834952,0.6777777777777777
keW8-eSiQ70.001.2.jpg,0.5514018691588786,0.5104166666666666,0.5824175824175825,0.4368932038834952,0.6777777777777777
keW8-eSiQ70.001.3.jpg,0.5514018691588786,0.5104166666666666,0.5824175824175825,0.4368932038834952,0.6777777777777777
keW8-eSiQ70.001.4.jpg,0.5514018691588786,0.5104166666666666,0.5824175824175825,0.4368932038834952,0.6777777777777777
3lV-sr3NOUo.000.1.jpg,0.39252336448598135,0.4375,0.3406593406593406,0.4466019417475728,0.5555555555555556
3lV-sr3NOUo.000.2.jpg,0.39252336448598135,0.4375,0.3406593406593406,0.4466019417475728,0.5555555555555556
3lV-sr3NOUo.000.3.jpg,0.39252336448598135,0.4375,0.3406593406593406,0.4466019417475728,0.5555555555555556
3lV-sr3NOUo.000.4.jpg,0.39252336448598135,0.4375,0.3406593406593406,0.4466019417475728,0.5555555555555556
rrdSLfnU2pg.004.1.jpg,0.36448598130841126,0.53125,0.5384615384615384,0.5728155339805825,0.3777777777777778
rrdSLfnU2pg.004.2.jpg,0.36448598130841126,0.53125,0.5384615384615384,0.5728155339805825,0.3777777777777778
rrdSLfnU2pg.004.3.jpg,0.36448598130841126,0.53125,0.5384615384615384,0.5728155339805825,0.3777777777777778
rrdSLfnU2pg.004.4.jpg,0.36448598130841126,0.53125,0.5384615384615384,0.5728155339805825,0.3777777777777778
M0O87_LiyMw.003.1.jpg,0.4392523364485981,0.4479166666666667,0.4725274725274725,0.4854368932038835,0.4666666666666667
M0O87_LiyMw.003.2.jpg,0.4392523364485981,0.4479166666666667,0.4725274725274725,0.4854368932038835,0.4666666666666667
M0O87_LiyMw.003.3.jpg,0.4392523364485981,0.4479166666666667,0.4725274725274725,0.4854368932038835,0.4666666666666667
M0O87_LiyMw.003.4.jpg,0.4392523364485981,0.4479166666666667,0.4725274725274725,0.4854368932038835,0.4666666666666667
9RfE2-aTvaM.005.1.jpg,0.33644859813084116,0.4479166666666667,0.4285714285714285,0.3980582524271845,0.26666666666666666
9RfE2-aTvaM.005.2.jpg,0.33644859813084116,0.4479166666666667,0.4285714285714285,0.3980582524271845,0.26666666666666666
9RfE2-aTvaM.005.3.jpg,0.33644859813084116,0.4479166666666667,0.4285714285714285,0.3980582524271845,0.26666666666666666
9RfE2-aTvaM.005.4.jpg,0.33644859813084116,0.4479166666666667,0.4285714285714285,0.3980582524271845,0.26666666666666666
QKcx5msA7iA.002.1.jpg,0.7570093457943926,0.7812499999999999,0.6153846153846153,0.7087378640776699,0.7777777777777777
QKcx5msA7iA.002.2.jpg,0.7570093457943926,0.7812499999999999,0.6153846153846153,0.7087378640776699,0.7777777777777777
QKcx5msA7iA.002.3.jpg,0.7570093457943926,0.7812499999999999,0.6153846153846153,0.7087378640776699,0.7777777777777777
QKcx5msA7iA.002.4.jpg,0.7570093457943926,0.7812499999999999,0.6153846153846153,0.7087378640776699,0.7777777777777777
_QXI4n_FRN4.003.1.jpg,0.36448598130841126,0.35416666666666663,0.4835164835164835,0.6990291262135921,0.4444444444444445
_QXI4n_FRN4.003.2.jpg,0.36448598130841126,0.35416666666666663,0.4835164835164835,0.6990291262135921,0.4444444444444445
_QXI4n_FRN4.003.3.jpg,0.36448598130841126,0.35416666666666663,0.4835164835164835,0.6990291262135921,0.4444444444444445
_QXI4n_FRN4.003.4.jpg,0.36448598130841126,0.35416666666666663,0.4835164835164835,0.6990291262135921,0.4444444444444445
5kaqMZ7SB9w.004.1.jpg,0.5327102803738318,0.59375,0.6153846153846153,0.6601941747572816,0.6888888888888889
5kaqMZ7SB9w.004.2.jpg,0.5327102803738318,0.59375,0.6153846153846153,0.6601941747572816,0.6888888888888889
5kaqMZ7SB9w.004.3.jpg,0.5327102803738318,0.59375,0.6153846153846153,0.6601941747572816,0.6888888888888889
5kaqMZ7SB9w.004.4.jpg,0.5327102803738318,0.59375,0.6153846153846153,0.6601941747572816,0.6888888888888889
slE2PWIwzus.005.1.jpg,0.588785046728972,0.6041666666666666,0.5824175824175825,0.5922330097087379,0.611111111111111
slE2PWIwzus.005.2.jpg,0.588785046728972,0.6041666666666666,0.5824175824175825,0.5922330097087379,0.611111111111111
slE2PWIwzus.005.3.jpg,0.588785046728972,0.6041666666666666,0.5824175824175825,0.5922330097087379,0.611111111111111
slE2PWIwzus.005.4.jpg,0.588785046728972,0.6041666666666666,0.5824175824175825,0.5922330097087379,0.611111111111111
fUIWjaZCYwM.002.1.jpg,0.2897196261682243,0.3020833333333333,0.29670329670329665,0.2038834951456311,0.22222222222222224
fUIWjaZCYwM.002.2.jpg,0.2897196261682243,0.3020833333333333,0.29670329670329665,0.2038834951456311,0.22222222222222224
fUIWjaZCYwM.002.3.jpg,0.2897196261682243,0.3020833333333333,0.29670329670329665,0.2038834951456311,0.22222222222222224
fUIWjaZCYwM.002.4.jpg,0.2897196261682243,0.3020833333333333,0.29670329670329665,0.2038834951456311,0.22222222222222224
3WoXkI06zGk.004.1.jpg,0.2897196261682243,0.19791666666666666,0.5274725274725275,0.4368932038834952,0.6222222222222222
3WoXkI06zGk.004.2.jpg,0.2897196261682243,0.19791666666666666,0.5274725274725275,0.4368932038834952,0.6222222222222222
3WoXkI06zGk.004.3.jpg,0.2897196261682243,0.19791666666666666,0.5274725274725275,0.4368932038834952,0.6222222222222222
3WoXkI06zGk.004.4.jpg,0.2897196261682243,0.19791666666666666,0.5274725274725275,0.4368932038834952,0.6222222222222222
K9h_wA30XgM.000.1.jpg,0.39252336448598135,0.35416666666666663,0.29670329670329665,0.5825242718446602,0.4
K9h_wA30XgM.000.2.jpg,0.39252336448598135,0.35416666666666663,0.29670329670329665,0.5825242718446602,0.4
K9h_wA30XgM.000.3.jpg,0.39252336448598135,0.35416666666666663,0.29670329670329665,0.5825242718446602,0.4
K9h_wA30XgM.000.4.jpg,0.39252336448598135,0.35416666666666663,0.29670329670329665,0.5825242718446602,0.4
TTx4lC7LLcI.002.1.jpg,0.4112149532710281,0.5416666666666666,0.4285714285714285,0.3495145631067961,0.5555555555555556
TTx4lC7LLcI.002.2.jpg,0.4112149532710281,0.5416666666666666,0.4285714285714285,0.3495145631067961,0.5555555555555556
TTx4lC7LLcI.002.3.jpg,0.4112149532710281,0.5416666666666666,0.4285714285714285,0.3495145631067961,0.5555555555555556
TTx4lC7LLcI.002.4.jpg,0.4112149532710281,0.5416666666666666,0.4285714285714285,0.3495145631067961,0.5555555555555556
cJs_LosR-u8.003.1.jpg,0.4205607476635514,0.4895833333333333,0.7032967032967032,0.7087378640776699,0.5555555555555556
cJs_LosR-u8.003.2.jpg,0.4205607476635514,0.4895833333333333,0.7032967032967032,0.7087378640776699,0.5555555555555556
cJs_LosR-u8.003.3.jpg,0.4205607476635514,0.4895833333333333,0.7032967032967032,0.7087378640776699,0.5555555555555556
cJs_LosR-u8.003.4.jpg,0.4205607476635514,0.4895833333333333,0.7032967032967032,0.7087378640776699,0.5555555555555556
1dOaM7zWPo8.002.1.jpg,0.4392523364485981,0.4791666666666667,0.4835164835164835,0.4951456310679611,0.5555555555555556
1dOaM7zWPo8.002.2.jpg,0.4392523364485981,0.4791666666666667,0.4835164835164835,0.4951456310679611,0.5555555555555556
1dOaM7zWPo8.002.3.jpg,0.4392523364485981,0.4791666666666667,0.4835164835164835,0.4951456310679611,0.5555555555555556
1dOaM7zWPo8.002.4.jpg,0.4392523364485981,0.4791666666666667,0.4835164835164835,0.4951456310679611,0.5555555555555556
Zwu5Y5r3Lrs.002.1.jpg,0.3177570093457944,0.4479166666666667,0.4835164835164835,0.42718446601941745,0.41111111111111115
Zwu5Y5r3Lrs.002.2.jpg,0.3177570093457944,0.4479166666666667,0.4835164835164835,0.42718446601941745,0.41111111111111115
Zwu5Y5r3Lrs.002.3.jpg,0.3177570093457944,0.4479166666666667,0.4835164835164835,0.42718446601941745,0.41111111111111115
Zwu5Y5r3Lrs.002.4.jpg,0.3177570093457944,0.4479166666666667,0.4835164835164835,0.42718446601941745,0.41111111111111115
cpzY1b6wJqs.000.1.jpg,0.28037383177570097,0.39583333333333337,0.4065934065934066,0.4951456310679611,0.3777777777777778
cpzY1b6wJqs.000.2.jpg,0.28037383177570097,0.39583333333333337,0.4065934065934066,0.4951456310679611,0.3777777777777778
cpzY1b6wJqs.000.3.jpg,0.28037383177570097,0.39583333333333337,0.4065934065934066,0.4951456310679611,0.3777777777777778
cpzY1b6wJqs.000.4.jpg,0.28037383177570097,0.39583333333333337,0.4065934065934066,0.4951456310679611,0.3777777777777778
sqnW6xXYTKg.005.1.jpg,0.4579439252336449,0.4479166666666667,0.4835164835164835,0.27184466019417475,0.45555555555555555
sqnW6xXYTKg.005.2.jpg,0.4579439252336449,0.4479166666666667,0.4835164835164835,0.27184466019417475,0.45555555555555555
sqnW6xXYTKg.005.3.jpg,0.4579439252336449,0.4479166666666667,0.4835164835164835,0.27184466019417475,0.45555555555555555
sqnW6xXYTKg.005.4.jpg,0.4579439252336449,0.4479166666666667,0.4835164835164835,0.27184466019417475,0.45555555555555555
CV930dFsubs.005.1.jpg,0.37383177570093457,0.46875,0.25274725274725274,0.22330097087378642,0.4222222222222222
CV930dFsubs.005.2.jpg,0.37383177570093457,0.46875,0.25274725274725274,0.22330097087378642,0.4222222222222222
CV930dFsubs.005.3.jpg,0.37383177570093457,0.46875,0.25274725274725274,0.22330097087378642,0.4222222222222222
CV930dFsubs.005.4.jpg,0.37383177570093457,0.46875,0.25274725274725274,0.22330097087378642,0.4222222222222222
qP8YzH6LT9c.004.1.jpg,0.4953271028037384,0.59375,0.6373626373626373,0.5631067961165048,0.5777777777777777
qP8YzH6LT9c.004.2.jpg,0.4953271028037384,0.59375,0.6373626373626373,0.5631067961165048,0.5777777777777777
qP8YzH6LT9c.004.3.jpg,0.4953271028037384,0.59375,0.6373626373626373,0.5631067961165048,0.5777777777777777
qP8YzH6LT9c.004.4.jpg,0.4953271028037384,0.59375,0.6373626373626373,0.5631067961165048,0.5777777777777777
f7E26XfU8rw.001.1.jpg,0.30841121495327106,0.40625000000000006,0.4285714285714285,0.2621359223300971,0.4222222222222222
f7E26XfU8rw.001.2.jpg,0.30841121495327106,0.40625000000000006,0.4285714285714285,0.2621359223300971,0.4222222222222222
f7E26XfU8rw.001.3.jpg,0.30841121495327106,0.40625000000000006,0.4285714285714285,0.2621359223300971,0.4222222222222222
f7E26XfU8rw.001.4.jpg,0.30841121495327106,0.40625000000000006,0.4285714285714285,0.2621359223300971,0.4222222222222222
fUf2XzWpSVo.004.1.jpg,0.6168224299065421,0.625,0.5714285714285714,0.5436893203883495,0.7444444444444444
fUf2XzWpSVo.004.2.jpg,0.6168224299065421,0.625,0.5714285714285714,0.5436893203883495,0.7444444444444444
fUf2XzWpSVo.004.3.jpg,0.6168224299065421,0.625,0.5714285714285714,0.5436893203883495,0.7444444444444444
fUf2XzWpSVo.004.4.jpg,0.6168224299065421,0.625,0.5714285714285714,0.5436893203883495,0.7444444444444444
OIRq4d8IyKc.001.1.jpg,0.38317757009345793,0.4166666666666667,0.5164835164835165,0.47572815533980584,0.45555555555555555
OIRq4d8IyKc.001.2.jpg,0.38317757009345793,0.4166666666666667,0.5164835164835165,0.47572815533980584,0.45555555555555555
OIRq4d8IyKc.001.3.jpg,0.38317757009345793,0.4166666666666667,0.5164835164835165,0.47572815533980584,0.45555555555555555
OIRq4d8IyKc.001.4.jpg,0.38317757009345793,0.4166666666666667,0.5164835164835165,0.47572815533980584,0.45555555555555555
HX-3jJdK7HM.005.1.jpg,0.691588785046729,0.7187499999999999,0.7912087912087912,0.5339805825242718,0.811111111111111
HX-3jJdK7HM.005.2.jpg,0.691588785046729,0.7187499999999999,0.7912087912087912,0.5339805825242718,0.811111111111111
HX-3jJdK7HM.005.3.jpg,0.691588785046729,0.7187499999999999,0.7912087912087912,0.5339805825242718,0.811111111111111
HX-3jJdK7HM.005.4.jpg,0.691588785046729,0.7187499999999999,0.7912087912087912,0.5339805825242718,0.811111111111111
d_POf1pikX0.004.1.jpg,0.4205607476635514,0.39583333333333337,0.4175824175824176,0.24271844660194175,0.43333333333333335
d_POf1pikX0.004.2.jpg,0.4205607476635514,0.39583333333333337,0.4175824175824176,0.24271844660194175,0.43333333333333335
d_POf1pikX0.004.3.jpg,0.4205607476635514,0.39583333333333337,0.4175824175824176,0.24271844660194175,0.43333333333333335
d_POf1pikX0.004.4.jpg,0.4205607476635514,0.39583333333333337,0.4175824175824176,0.24271844660194175,0.43333333333333335
xEmwNv4OxGE.000.1.jpg,0.4299065420560748,0.6458333333333333,0.7032967032967032,0.6019417475728155,0.6333333333333333
xEmwNv4OxGE.000.2.jpg,0.4299065420560748,0.6458333333333333,0.7032967032967032,0.6019417475728155,0.6333333333333333
xEmwNv4OxGE.000.3.jpg,0.4299065420560748,0.6458333333333333,0.7032967032967032,0.6019417475728155,0.6333333333333333
xEmwNv4OxGE.000.4.jpg,0.4299065420560748,0.6458333333333333,0.7032967032967032,0.6019417475728155,0.6333333333333333
2hhqEWiv4eI.003.1.jpg,0.16822429906542055,0.2708333333333333,0.32967032967032966,0.3203883495145631,0.26666666666666666
2hhqEWiv4eI.003.2.jpg,0.16822429906542055,0.2708333333333333,0.32967032967032966,0.3203883495145631,0.26666666666666666
2hhqEWiv4eI.003.3.jpg,0.16822429906542055,0.2708333333333333,0.32967032967032966,0.3203883495145631,0.26666666666666666
2hhqEWiv4eI.003.4.jpg,0.16822429906542055,0.2708333333333333,0.32967032967032966,0.3203883495145631,0.26666666666666666
SR1Q5M2urxY.005.1.jpg,0.5046728971962617,0.6458333333333333,0.5274725274725275,0.4854368932038835,0.6555555555555556
SR1Q5M2urxY.005.2.jpg,0.5046728971962617,0.6458333333333333,0.5274725274725275,0.4854368932038835,0.6555555555555556
SR1Q5M2urxY.005.3.jpg,0.5046728971962617,0.6458333333333333,0.5274725274725275,0.4854368932038835,0.6555555555555556
SR1Q5M2urxY.005.4.jpg,0.5046728971962617,0.6458333333333333,0.5274725274725275,0.4854368932038835,0.6555555555555556
Jf8lqSpAjZ8.003.1.jpg,0.4018691588785047,0.3333333333333333,0.4395604395604395,0.31067961165048547,0.5333333333333333
Jf8lqSpAjZ8.003.2.jpg,0.4018691588785047,0.3333333333333333,0.4395604395604395,0.31067961165048547,0.5333333333333333
Jf8lqSpAjZ8.003.3.jpg,0.4018691588785047,0.3333333333333333,0.4395604395604395,0.31067961165048547,0.5333333333333333
Jf8lqSpAjZ8.003.4.jpg,0.4018691588785047,0.3333333333333333,0.4395604395604395,0.31067961165048547,0.5333333333333333
F0VbEO_0Ybc.004.1.jpg,0.7102803738317757,0.6979166666666666,0.7142857142857143,0.6601941747572816,0.5777777777777777
F0VbEO_0Ybc.004.2.jpg,0.7102803738317757,0.6979166666666666,0.7142857142857143,0.6601941747572816,0.5777777777777777
F0VbEO_0Ybc.004.3.jpg,0.7102803738317757,0.6979166666666666,0.7142857142857143,0.6601941747572816,0.5777777777777777
F0VbEO_0Ybc.004.4.jpg,0.7102803738317757,0.6979166666666666,0.7142857142857143,0.6601941747572816,0.5777777777777777
vOEQlAMABWM.005.1.jpg,0.5981308411214954,0.7916666666666667,0.7472527472527474,0.5922330097087379,0.7
vOEQlAMABWM.005.2.jpg,0.5981308411214954,0.7916666666666667,0.7472527472527474,0.5922330097087379,0.7
vOEQlAMABWM.005.3.jpg,0.5981308411214954,0.7916666666666667,0.7472527472527474,0.5922330097087379,0.7
vOEQlAMABWM.005.4.jpg,0.5981308411214954,0.7916666666666667,0.7472527472527474,0.5922330097087379,0.7
8OckVmEZ8X8.002.1.jpg,0.28037383177570097,0.2708333333333333,0.3626373626373627,0.3203883495145631,0.3555555555555556
8OckVmEZ8X8.002.2.jpg,0.28037383177570097,0.2708333333333333,0.3626373626373627,0.3203883495145631,0.3555555555555556
8OckVmEZ8X8.002.3.jpg,0.28037383177570097,0.2708333333333333,0.3626373626373627,0.3203883495145631,0.3555555555555556
8OckVmEZ8X8.002.4.jpg,0.28037383177570097,0.2708333333333333,0.3626373626373627,0.3203883495145631,0.3555555555555556
simc6hmrUOE.003.1.jpg,0.38317757009345793,0.34374999999999994,0.4615384615384615,0.4563106796116505,0.43333333333333335
simc6hmrUOE.003.2.jpg,0.38317757009345793,0.34374999999999994,0.4615384615384615,0.4563106796116505,0.43333333333333335
simc6hmrUOE.003.3.jpg,0.38317757009345793,0.34374999999999994,0.4615384615384615,0.4563106796116505,0.43333333333333335
simc6hmrUOE.003.4.jpg,0.38317757009345793,0.34374999999999994,0.4615384615384615,0.4563106796116505,0.43333333333333335
k4eeYoHtnnI.002.1.jpg,0.4579439252336449,0.6458333333333333,0.5934065934065933,0.5242718446601942,0.5
k4eeYoHtnnI.002.2.jpg,0.4579439252336449,0.6458333333333333,0.5934065934065933,0.5242718446601942,0.5
k4eeYoHtnnI.002.3.jpg,0.4579439252336449,0.6458333333333333,0.5934065934065933,0.5242718446601942,0.5
k4eeYoHtnnI.002.4.jpg,0.4579439252336449,0.6458333333333333,0.5934065934065933,0.5242718446601942,0.5
Cvuu76B-bxA.004.1.jpg,0.48598130841121495,0.6354166666666666,0.6043956043956044,0.5048543689320388,0.5555555555555556
Cvuu76B-bxA.004.2.jpg,0.48598130841121495,0.6354166666666666,0.6043956043956044,0.5048543689320388,0.5555555555555556
Cvuu76B-bxA.004.3.jpg,0.48598130841121495,0.6354166666666666,0.6043956043956044,0.5048543689320388,0.5555555555555556
Cvuu76B-bxA.004.4.jpg,0.48598130841121495,0.6354166666666666,0.6043956043956044,0.5048543689320388,0.5555555555555556
xsLvl2qGrxU.004.1.jpg,0.6728971962616823,0.59375,0.6483516483516484,0.7087378640776699,0.611111111111111
xsLvl2qGrxU.004.2.jpg,0.6728971962616823,0.59375,0.6483516483516484,0.7087378640776699,0.611111111111111
xsLvl2qGrxU.004.3.jpg,0.6728971962616823,0.59375,0.6483516483516484,0.7087378640776699,0.611111111111111
xsLvl2qGrxU.004.4.jpg,0.6728971962616823,0.59375,0.6483516483516484,0.7087378640776699,0.611111111111111
vUo6wnBOBpo.000.1.jpg,0.7663551401869159,0.6875,0.6813186813186812,0.5145631067961165,0.7777777777777777
vUo6wnBOBpo.000.2.jpg,0.7663551401869159,0.6875,0.6813186813186812,0.5145631067961165,0.7777777777777777
vUo6wnBOBpo.000.3.jpg,0.7663551401869159,0.6875,0.6813186813186812,0.5145631067961165,0.7777777777777777
vUo6wnBOBpo.000.4.jpg,0.7663551401869159,0.6875,0.6813186813186812,0.5145631067961165,0.7777777777777777
qmiBcHJpKR0.004.1.jpg,0.4485981308411215,0.5416666666666666,0.4285714285714285,0.6504854368932039,0.6555555555555556
qmiBcHJpKR0.004.2.jpg,0.4485981308411215,0.5416666666666666,0.4285714285714285,0.6504854368932039,0.6555555555555556
qmiBcHJpKR0.004.3.jpg,0.4485981308411215,0.5416666666666666,0.4285714285714285,0.6504854368932039,0.6555555555555556
qmiBcHJpKR0.004.4.jpg,0.4485981308411215,0.5416666666666666,0.4285714285714285,0.6504854368932039,0.6555555555555556
PHmkN1cPl10.002.1.jpg,0.2336448598130841,0.3645833333333333,0.5164835164835165,0.7184466019417477,0.33333333333333337
PHmkN1cPl10.002.2.jpg,0.2336448598130841,0.3645833333333333,0.5164835164835165,0.7184466019417477,0.33333333333333337
PHmkN1cPl10.002.3.jpg,0.2336448598130841,0.3645833333333333,0.5164835164835165,0.7184466019417477,0.33333333333333337
PHmkN1cPl10.002.4.jpg,0.2336448598130841,0.3645833333333333,0.5164835164835165,0.7184466019417477,0.33333333333333337
iqs7mZbg5UI.002.1.jpg,0.39252336448598135,0.4375,0.5274725274725275,0.3883495145631068,0.5555555555555556
iqs7mZbg5UI.002.2.jpg,0.39252336448598135,0.4375,0.5274725274725275,0.3883495145631068,0.5555555555555556
iqs7mZbg5UI.002.3.jpg,0.39252336448598135,0.4375,0.5274725274725275,0.3883495145631068,0.5555555555555556
iqs7mZbg5UI.002.4.jpg,0.39252336448598135,0.4375,0.5274725274725275,0.3883495145631068,0.5555555555555556
V9roK_mLM-w.001.1.jpg,0.6822429906542057,0.6875,0.835164835164835,0.6601941747572816,0.6888888888888889
V9roK_mLM-w.001.2.jpg,0.6822429906542057,0.6875,0.835164835164835,0.6601941747572816,0.6888888888888889
V9roK_mLM-w.001.3.jpg,0.6822429906542057,0.6875,0.835164835164835,0.6601941747572816,0.6888888888888889
V9roK_mLM-w.001.4.jpg,0.6822429906542057,0.6875,0.835164835164835,0.6601941747572816,0.6888888888888889
aPTNxA43WHY.001.1.jpg,0.6728971962616823,0.53125,0.7252747252747254,0.6893203883495147,0.7222222222222221
aPTNxA43WHY.001.2.jpg,0.6728971962616823,0.53125,0.7252747252747254,0.6893203883495147,0.7222222222222221
aPTNxA43WHY.001.3.jpg,0.6728971962616823,0.53125,0.7252747252747254,0.6893203883495147,0.7222222222222221
aPTNxA43WHY.001.4.jpg,0.6728971962616823,0.53125,0.7252747252747254,0.6893203883495147,0.7222222222222221
I01_ubtktEQ.000.1.jpg,0.4112149532710281,0.32291666666666663,0.5054945054945055,0.3883495145631068,0.4666666666666667
I01_ubtktEQ.000.2.jpg,0.4112149532710281,0.32291666666666663,0.5054945054945055,0.3883495145631068,0.4666666666666667
I01_ubtktEQ.000.3.jpg,0.4112149532710281,0.32291666666666663,0.5054945054945055,0.3883495145631068,0.4666666666666667
I01_ubtktEQ.000.4.jpg,0.4112149532710281,0.32291666666666663,0.5054945054945055,0.3883495145631068,0.4666666666666667
zyGz_H1UTnQ.005.1.jpg,0.24299065420560748,0.45833333333333337,0.5604395604395604,0.6893203883495147,0.43333333333333335
zyGz_H1UTnQ.005.2.jpg,0.24299065420560748,0.45833333333333337,0.5604395604395604,0.6893203883495147,0.43333333333333335
zyGz_H1UTnQ.005.3.jpg,0.24299065420560748,0.45833333333333337,0.5604395604395604,0.6893203883495147,0.43333333333333335
zyGz_H1UTnQ.005.4.jpg,0.24299065420560748,0.45833333333333337,0.5604395604395604,0.6893203883495147,0.43333333333333335
XvV4YdhpC2w.000.1.jpg,0.4112149532710281,0.5208333333333334,0.5274725274725275,0.5922330097087379,0.5444444444444444
XvV4YdhpC2w.000.2.jpg,0.4112149532710281,0.5208333333333334,0.5274725274725275,0.5922330097087379,0.5444444444444444
XvV4YdhpC2w.000.3.jpg,0.4112149532710281,0.5208333333333334,0.5274725274725275,0.5922330097087379,0.5444444444444444
XvV4YdhpC2w.000.4.jpg,0.4112149532710281,0.5208333333333334,0.5274725274725275,0.5922330097087379,0.5444444444444444
6wHQsN5g2RM.005.1.jpg,0.36448598130841126,0.28125,0.32967032967032966,0.3300970873786408,0.3777777777777778
6wHQsN5g2RM.005.2.jpg,0.36448598130841126,0.28125,0.32967032967032966,0.3300970873786408,0.3777777777777778
6wHQsN5g2RM.005.3.jpg,0.36448598130841126,0.28125,0.32967032967032966,0.3300970873786408,0.3777777777777778
6wHQsN5g2RM.005.4.jpg,0.36448598130841126,0.28125,0.32967032967032966,0.3300970873786408,0.3777777777777778
fKrX-KXgXYM.001.1.jpg,0.5514018691588786,0.5104166666666666,0.5274725274725275,0.2621359223300971,0.4777777777777778
fKrX-KXgXYM.001.2.jpg,0.5514018691588786,0.5104166666666666,0.5274725274725275,0.2621359223300971,0.4777777777777778
fKrX-KXgXYM.001.3.jpg,0.5514018691588786,0.5104166666666666,0.5274725274725275,0.2621359223300971,0.4777777777777778
fKrX-KXgXYM.001.4.jpg,0.5514018691588786,0.5104166666666666,0.5274725274725275,0.2621359223300971,0.4777777777777778
a_HpQgY5vb4.000.1.jpg,0.47663551401869164,0.6354166666666666,0.6923076923076923,0.7281553398058251,0.6333333333333333
a_HpQgY5vb4.000.2.jpg,0.47663551401869164,0.6354166666666666,0.6923076923076923,0.7281553398058251,0.6333333333333333
a_HpQgY5vb4.000.3.jpg,0.47663551401869164,0.6354166666666666,0.6923076923076923,0.7281553398058251,0.6333333333333333
a_HpQgY5vb4.000.4.jpg,0.47663551401869164,0.6354166666666666,0.6923076923076923,0.7281553398058251,0.6333333333333333
ciWUq6iQTIE.001.1.jpg,0.3177570093457944,0.39583333333333337,0.4835164835164835,0.35922330097087385,0.5444444444444444
ciWUq6iQTIE.001.2.jpg,0.3177570093457944,0.39583333333333337,0.4835164835164835,0.35922330097087385,0.5444444444444444
ciWUq6iQTIE.001.3.jpg,0.3177570093457944,0.39583333333333337,0.4835164835164835,0.35922330097087385,0.5444444444444444
ciWUq6iQTIE.001.4.jpg,0.3177570093457944,0.39583333333333337,0.4835164835164835,0.35922330097087385,0.5444444444444444
Qz_cjgCtDcM.000.1.jpg,0.5514018691588786,0.65625,0.5054945054945055,0.6116504854368932,0.6222222222222222
Qz_cjgCtDcM.000.2.jpg,0.5514018691588786,0.65625,0.5054945054945055,0.6116504854368932,0.6222222222222222
Qz_cjgCtDcM.000.3.jpg,0.5514018691588786,0.65625,0.5054945054945055,0.6116504854368932,0.6222222222222222
Qz_cjgCtDcM.000.4.jpg,0.5514018691588786,0.65625,0.5054945054945055,0.6116504854368932,0.6222222222222222
VmXZ2jMWuvk.000.1.jpg,0.1588785046728972,0.28125,0.3516483516483516,0.4368932038834952,0.41111111111111115
VmXZ2jMWuvk.000.2.jpg,0.1588785046728972,0.28125,0.3516483516483516,0.4368932038834952,0.41111111111111115
VmXZ2jMWuvk.000.3.jpg,0.1588785046728972,0.28125,0.3516483516483516,0.4368932038834952,0.41111111111111115
VmXZ2jMWuvk.000.4.jpg,0.1588785046728972,0.28125,0.3516483516483516,0.4368932038834952,0.41111111111111115
YdxS3f4HXaA.003.1.jpg,0.4579439252336449,0.5104166666666666,0.4835164835164835,0.30097087378640774,0.5111111111111111
YdxS3f4HXaA.003.2.jpg,0.4579439252336449,0.5104166666666666,0.4835164835164835,0.30097087378640774,0.5111111111111111
YdxS3f4HXaA.003.3.jpg,0.4579439252336449,0.5104166666666666,0.4835164835164835,0.30097087378640774,0.5111111111111111
YdxS3f4HXaA.003.4.jpg,0.4579439252336449,0.5104166666666666,0.4835164835164835,0.30097087378640774,0.5111111111111111
jd9_8OPxM3A.004.1.jpg,0.4299065420560748,0.34374999999999994,0.4175824175824176,0.5145631067961165,0.5
jd9_8OPxM3A.004.2.jpg,0.4299065420560748,0.34374999999999994,0.4175824175824176,0.5145631067961165,0.5
jd9_8OPxM3A.004.3.jpg,0.4299065420560748,0.34374999999999994,0.4175824175824176,0.5145631067961165,0.5
jd9_8OPxM3A.004.4.jpg,0.4299065420560748,0.34374999999999994,0.4175824175824176,0.5145631067961165,0.5
zFVjcb45pjI.004.1.jpg,0.4299065420560748,0.34374999999999994,0.3846153846153846,0.23300970873786406,0.45555555555555555
zFVjcb45pjI.004.2.jpg,0.4299065420560748,0.34374999999999994,0.3846153846153846,0.23300970873786406,0.45555555555555555
zFVjcb45pjI.004.3.jpg,0.4299065420560748,0.34374999999999994,0.3846153846153846,0.23300970873786406,0.45555555555555555
zFVjcb45pjI.004.4.jpg,0.4299065420560748,0.34374999999999994,0.3846153846153846,0.23300970873786406,0.45555555555555555
X1kqn3XDFRw.000.1.jpg,0.4392523364485981,0.39583333333333337,0.5824175824175825,0.3300970873786408,0.5222222222222223
X1kqn3XDFRw.000.2.jpg,0.4392523364485981,0.39583333333333337,0.5824175824175825,0.3300970873786408,0.5222222222222223
X1kqn3XDFRw.000.3.jpg,0.4392523364485981,0.39583333333333337,0.5824175824175825,0.3300970873786408,0.5222222222222223
X1kqn3XDFRw.000.4.jpg,0.4392523364485981,0.39583333333333337,0.5824175824175825,0.3300970873786408,0.5222222222222223
AFQz-qy0FkY.005.1.jpg,0.7383177570093458,0.65625,0.6593406593406592,0.6504854368932039,0.7666666666666666
AFQz-qy0FkY.005.2.jpg,0.7383177570093458,0.65625,0.6593406593406592,0.6504854368932039,0.7666666666666666
AFQz-qy0FkY.005.3.jpg,0.7383177570093458,0.65625,0.6593406593406592,0.6504854368932039,0.7666666666666666
AFQz-qy0FkY.005.4.jpg,0.7383177570093458,0.65625,0.6593406593406592,0.6504854368932039,0.7666666666666666
qJ6_xSx9kCM.004.1.jpg,0.35514018691588783,0.37499999999999994,0.4615384615384615,0.4466019417475728,0.5111111111111111
qJ6_xSx9kCM.004.2.jpg,0.35514018691588783,0.37499999999999994,0.4615384615384615,0.4466019417475728,0.5111111111111111
qJ6_xSx9kCM.004.3.jpg,0.35514018691588783,0.37499999999999994,0.4615384615384615,0.4466019417475728,0.5111111111111111
qJ6_xSx9kCM.004.4.jpg,0.35514018691588783,0.37499999999999994,0.4615384615384615,0.4466019417475728,0.5111111111111111
9XqeGs2MMic.001.1.jpg,0.24299065420560748,0.34374999999999994,0.25274725274725274,0.23300970873786406,0.34444444444444444
9XqeGs2MMic.001.2.jpg,0.24299065420560748,0.34374999999999994,0.25274725274725274,0.23300970873786406,0.34444444444444444
9XqeGs2MMic.001.3.jpg,0.24299065420560748,0.34374999999999994,0.25274725274725274,0.23300970873786406,0.34444444444444444
9XqeGs2MMic.001.4.jpg,0.24299065420560748,0.34374999999999994,0.25274725274725274,0.23300970873786406,0.34444444444444444
pzfDth6nFQE.002.1.jpg,0.17757009345794392,0.17708333333333331,0.2747252747252747,0.3203883495145631,0.3666666666666667
pzfDth6nFQE.002.2.jpg,0.17757009345794392,0.17708333333333331,0.2747252747252747,0.3203883495145631,0.3666666666666667
pzfDth6nFQE.002.3.jpg,0.17757009345794392,0.17708333333333331,0.2747252747252747,0.3203883495145631,0.3666666666666667
pzfDth6nFQE.002.4.jpg,0.17757009345794392,0.17708333333333331,0.2747252747252747,0.3203883495145631,0.3666666666666667
fkDqn2muw-A.004.1.jpg,0.5981308411214954,0.8229166666666667,0.6373626373626373,0.7281553398058251,0.7555555555555554
fkDqn2muw-A.004.2.jpg,0.5981308411214954,0.8229166666666667,0.6373626373626373,0.7281553398058251,0.7555555555555554
fkDqn2muw-A.004.3.jpg,0.5981308411214954,0.8229166666666667,0.6373626373626373,0.7281553398058251,0.7555555555555554
fkDqn2muw-A.004.4.jpg,0.5981308411214954,0.8229166666666667,0.6373626373626373,0.7281553398058251,0.7555555555555554
8AnIttmflwI.004.1.jpg,0.6261682242990655,0.6458333333333333,0.7252747252747254,0.6407766990291262,0.5777777777777777
8AnIttmflwI.004.2.jpg,0.6261682242990655,0.6458333333333333,0.7252747252747254,0.6407766990291262,0.5777777777777777
8AnIttmflwI.004.3.jpg,0.6261682242990655,0.6458333333333333,0.7252747252747254,0.6407766990291262,0.5777777777777777
8AnIttmflwI.004.4.jpg,0.6261682242990655,0.6458333333333333,0.7252747252747254,0.6407766990291262,0.5777777777777777
MsGTYOOp4hE.001.1.jpg,0.5607476635514019,0.5833333333333333,0.5274725274725275,0.4951456310679611,0.8666666666666667
MsGTYOOp4hE.001.2.jpg,0.5607476635514019,0.5833333333333333,0.5274725274725275,0.4951456310679611,0.8666666666666667
MsGTYOOp4hE.001.3.jpg,0.5607476635514019,0.5833333333333333,0.5274725274725275,0.4951456310679611,0.8666666666666667
MsGTYOOp4hE.001.4.jpg,0.5607476635514019,0.5833333333333333,0.5274725274725275,0.4951456310679611,0.8666666666666667
5PsD_NFMWpQ.001.1.jpg,0.4205607476635514,0.4375,0.5824175824175825,0.42718446601941745,0.5
5PsD_NFMWpQ.001.2.jpg,0.4205607476635514,0.4375,0.5824175824175825,0.42718446601941745,0.5
5PsD_NFMWpQ.001.3.jpg,0.4205607476635514,0.4375,0.5824175824175825,0.42718446601941745,0.5
5PsD_NFMWpQ.001.4.jpg,0.4205607476635514,0.4375,0.5824175824175825,0.42718446601941745,0.5
TkCDs7NlXyU.002.1.jpg,0.8037383177570094,0.8020833333333334,0.6593406593406592,0.6990291262135921,0.888888888888889
TkCDs7NlXyU.002.2.jpg,0.8037383177570094,0.8020833333333334,0.6593406593406592,0.6990291262135921,0.888888888888889
TkCDs7NlXyU.002.3.jpg,0.8037383177570094,0.8020833333333334,0.6593406593406592,0.6990291262135921,0.888888888888889
TkCDs7NlXyU.002.4.jpg,0.8037383177570094,0.8020833333333334,0.6593406593406592,0.6990291262135921,0.888888888888889
_uNup91ZYw0.000.1.jpg,0.7009345794392524,0.7604166666666666,0.7692307692307692,0.6310679611650486,0.7444444444444444
_uNup91ZYw0.000.2.jpg,0.7009345794392524,0.7604166666666666,0.7692307692307692,0.6310679611650486,0.7444444444444444
_uNup91ZYw0.000.3.jpg,0.7009345794392524,0.7604166666666666,0.7692307692307692,0.6310679611650486,0.7444444444444444
_uNup91ZYw0.000.4.jpg,0.7009345794392524,0.7604166666666666,0.7692307692307692,0.6310679611650486,0.7444444444444444
75XbCb7G8kw.005.1.jpg,0.5046728971962617,0.5416666666666666,0.6373626373626373,0.6990291262135921,0.4
75XbCb7G8kw.005.2.jpg,0.5046728971962617,0.5416666666666666,0.6373626373626373,0.6990291262135921,0.4
75XbCb7G8kw.005.3.jpg,0.5046728971962617,0.5416666666666666,0.6373626373626373,0.6990291262135921,0.4
75XbCb7G8kw.005.4.jpg,0.5046728971962617,0.5416666666666666,0.6373626373626373,0.6990291262135921,0.4
JBiq9X_-r84.003.1.jpg,0.4018691588785047,0.4166666666666667,0.5494505494505494,0.4174757281553398,0.5222222222222223
JBiq9X_-r84.003.2.jpg,0.4018691588785047,0.4166666666666667,0.5494505494505494,0.4174757281553398,0.5222222222222223
JBiq9X_-r84.003.3.jpg,0.4018691588785047,0.4166666666666667,0.5494505494505494,0.4174757281553398,0.5222222222222223
JBiq9X_-r84.003.4.jpg,0.4018691588785047,0.4166666666666667,0.5494505494505494,0.4174757281553398,0.5222222222222223
kxJVM1-pYxc.005.1.jpg,0.663551401869159,0.625,0.5384615384615384,0.6213592233009709,0.611111111111111
kxJVM1-pYxc.005.2.jpg,0.663551401869159,0.625,0.5384615384615384,0.6213592233009709,0.611111111111111
kxJVM1-pYxc.005.3.jpg,0.663551401869159,0.625,0.5384615384615384,0.6213592233009709,0.611111111111111
kxJVM1-pYxc.005.4.jpg,0.663551401869159,0.625,0.5384615384615384,0.6213592233009709,0.611111111111111
I53JQFtiQxM.001.1.jpg,0.35514018691588783,0.4895833333333333,0.4615384615384615,0.5922330097087379,0.5777777777777777
I53JQFtiQxM.001.2.jpg,0.35514018691588783,0.4895833333333333,0.4615384615384615,0.5922330097087379,0.5777777777777777
I53JQFtiQxM.001.3.jpg,0.35514018691588783,0.4895833333333333,0.4615384615384615,0.5922330097087379,0.5777777777777777
I53JQFtiQxM.001.4.jpg,0.35514018691588783,0.4895833333333333,0.4615384615384615,0.5922330097087379,0.5777777777777777
spodWGLGBiw.001.1.jpg,0.3271028037383178,0.34374999999999994,0.3626373626373627,0.24271844660194175,0.3666666666666667
spodWGLGBiw.001.2.jpg,0.3271028037383178,0.34374999999999994,0.3626373626373627,0.24271844660194175,0.3666666666666667
spodWGLGBiw.001.3.jpg,0.3271028037383178,0.34374999999999994,0.3626373626373627,0.24271844660194175,0.3666666666666667
spodWGLGBiw.001.4.jpg,0.3271028037383178,0.34374999999999994,0.3626373626373627,0.24271844660194175,0.3666666666666667
LtTR6elruhU.000.1.jpg,0.5140186915887851,0.4791666666666667,0.4725274725274725,0.4854368932038835,0.6555555555555556
LtTR6elruhU.000.2.jpg,0.5140186915887851,0.4791666666666667,0.4725274725274725,0.4854368932038835,0.6555555555555556
LtTR6elruhU.000.3.jpg,0.5140186915887851,0.4791666666666667,0.4725274725274725,0.4854368932038835,0.6555555555555556
LtTR6elruhU.000.4.jpg,0.5140186915887851,0.4791666666666667,0.4725274725274725,0.4854368932038835,0.6555555555555556
OmXuhT4yJpo.003.1.jpg,0.7289719626168225,0.7083333333333334,0.6703296703296703,0.7184466019417477,0.811111111111111
OmXuhT4yJpo.003.2.jpg,0.7289719626168225,0.7083333333333334,0.6703296703296703,0.7184466019417477,0.811111111111111
OmXuhT4yJpo.003.3.jpg,0.7289719626168225,0.7083333333333334,0.6703296703296703,0.7184466019417477,0.811111111111111
OmXuhT4yJpo.003.4.jpg,0.7289719626168225,0.7083333333333334,0.6703296703296703,0.7184466019417477,0.811111111111111
zupxsNi2er8.000.1.jpg,0.25233644859813087,0.35416666666666663,0.4285714285714285,0.4368932038834952,0.3666666666666667
zupxsNi2er8.000.2.jpg,0.25233644859813087,0.35416666666666663,0.4285714285714285,0.4368932038834952,0.3666666666666667
zupxsNi2er8.000.3.jpg,0.25233644859813087,0.35416666666666663,0.4285714285714285,0.4368932038834952,0.3666666666666667
zupxsNi2er8.000.4.jpg,0.25233644859813087,0.35416666666666663,0.4285714285714285,0.4368932038834952,0.3666666666666667
P2B2K7DvUC8.004.1.jpg,0.4953271028037384,0.5520833333333334,0.4615384615384615,0.4563106796116505,0.5444444444444444
P2B2K7DvUC8.004.2.jpg,0.4953271028037384,0.5520833333333334,0.4615384615384615,0.4563106796116505,0.5444444444444444
P2B2K7DvUC8.004.3.jpg,0.4953271028037384,0.5520833333333334,0.4615384615384615,0.4563106796116505,0.5444444444444444
P2B2K7DvUC8.004.4.jpg,0.4953271028037384,0.5520833333333334,0.4615384615384615,0.4563106796116505,0.5444444444444444
PK0EPT3k4RM.003.1.jpg,0.663551401869159,0.5416666666666666,0.5934065934065933,0.6019417475728155,0.7333333333333333
PK0EPT3k4RM.003.2.jpg,0.663551401869159,0.5416666666666666,0.5934065934065933,0.6019417475728155,0.7333333333333333
PK0EPT3k4RM.003.3.jpg,0.663551401869159,0.5416666666666666,0.5934065934065933,0.6019417475728155,0.7333333333333333
PK0EPT3k4RM.003.4.jpg,0.663551401869159,0.5416666666666666,0.5934065934065933,0.6019417475728155,0.7333333333333333
sHafPWyXs6k.002.1.jpg,0.5794392523364487,0.5416666666666666,0.4505494505494505,0.3980582524271845,0.6
sHafPWyXs6k.002.2.jpg,0.5794392523364487,0.5416666666666666,0.4505494505494505,0.3980582524271845,0.6
sHafPWyXs6k.002.3.jpg,0.5794392523364487,0.5416666666666666,0.4505494505494505,0.3980582524271845,0.6
sHafPWyXs6k.002.4.jpg,0.5794392523364487,0.5416666666666666,0.4505494505494505,0.3980582524271845,0.6
zDRQAU7MtjA.002.1.jpg,0.30841121495327106,0.35416666666666663,0.31868131868131866,0.42718446601941745,0.4888888888888889
zDRQAU7MtjA.002.2.jpg,0.30841121495327106,0.35416666666666663,0.31868131868131866,0.42718446601941745,0.4888888888888889
zDRQAU7MtjA.002.3.jpg,0.30841121495327106,0.35416666666666663,0.31868131868131866,0.42718446601941745,0.4888888888888889
zDRQAU7MtjA.002.4.jpg,0.30841121495327106,0.35416666666666663,0.31868131868131866,0.42718446601941745,0.4888888888888889
7IegDaeNlik.001.1.jpg,0.5046728971962617,0.4479166666666667,0.5054945054945055,0.4854368932038835,0.4888888888888889
7IegDaeNlik.001.2.jpg,0.5046728971962617,0.4479166666666667,0.5054945054945055,0.4854368932038835,0.4888888888888889
7IegDaeNlik.001.3.jpg,0.5046728971962617,0.4479166666666667,0.5054945054945055,0.4854368932038835,0.4888888888888889
7IegDaeNlik.001.4.jpg,0.5046728971962617,0.4479166666666667,0.5054945054945055,0.4854368932038835,0.4888888888888889
Z3E1jkaNRKs.005.1.jpg,0.4579439252336449,0.4895833333333333,0.5604395604395604,0.5728155339805825,0.5111111111111111
Z3E1jkaNRKs.005.2.jpg,0.4579439252336449,0.4895833333333333,0.5604395604395604,0.5728155339805825,0.5111111111111111
Z3E1jkaNRKs.005.3.jpg,0.4579439252336449,0.4895833333333333,0.5604395604395604,0.5728155339805825,0.5111111111111111
Z3E1jkaNRKs.005.4.jpg,0.4579439252336449,0.4895833333333333,0.5604395604395604,0.5728155339805825,0.5111111111111111
jdli4DDP7XM.000.1.jpg,0.822429906542056,0.7291666666666667,0.7582417582417583,0.7766990291262136,0.7777777777777777
jdli4DDP7XM.000.2.jpg,0.822429906542056,0.7291666666666667,0.7582417582417583,0.7766990291262136,0.7777777777777777
jdli4DDP7XM.000.3.jpg,0.822429906542056,0.7291666666666667,0.7582417582417583,0.7766990291262136,0.7777777777777777
jdli4DDP7XM.000.4.jpg,0.822429906542056,0.7291666666666667,0.7582417582417583,0.7766990291262136,0.7777777777777777
squHxV3QXlQ.005.1.jpg,0.4299065420560748,0.5104166666666666,0.6043956043956044,0.4951456310679611,0.4666666666666667
squHxV3QXlQ.005.2.jpg,0.4299065420560748,0.5104166666666666,0.6043956043956044,0.4951456310679611,0.4666666666666667
squHxV3QXlQ.005.3.jpg,0.4299065420560748,0.5104166666666666,0.6043956043956044,0.4951456310679611,0.4666666666666667
squHxV3QXlQ.005.4.jpg,0.4299065420560748,0.5104166666666666,0.6043956043956044,0.4951456310679611,0.4666666666666667
YbxdeEd7wq4.000.1.jpg,0.8785046728971965,0.6875,0.824175824175824,0.6990291262135921,0.6222222222222222
YbxdeEd7wq4.000.2.jpg,0.8785046728971965,0.6875,0.824175824175824,0.6990291262135921,0.6222222222222222
YbxdeEd7wq4.000.3.jpg,0.8785046728971965,0.6875,0.824175824175824,0.6990291262135921,0.6222222222222222
YbxdeEd7wq4.000.4.jpg,0.8785046728971965,0.6875,0.824175824175824,0.6990291262135921,0.6222222222222222
n0acEDmc0mA.004.1.jpg,0.7383177570093458,0.6770833333333334,0.835164835164835,0.5242718446601942,0.7222222222222221
n0acEDmc0mA.004.2.jpg,0.7383177570093458,0.6770833333333334,0.835164835164835,0.5242718446601942,0.7222222222222221
n0acEDmc0mA.004.3.jpg,0.7383177570093458,0.6770833333333334,0.835164835164835,0.5242718446601942,0.7222222222222221
n0acEDmc0mA.004.4.jpg,0.7383177570093458,0.6770833333333334,0.835164835164835,0.5242718446601942,0.7222222222222221
o7rFDFvW300.000.1.jpg,0.4018691588785047,0.40625000000000006,0.4395604395604395,0.3203883495145631,0.5555555555555556
o7rFDFvW300.000.2.jpg,0.4018691588785047,0.40625000000000006,0.4395604395604395,0.3203883495145631,0.5555555555555556
o7rFDFvW300.000.3.jpg,0.4018691588785047,0.40625000000000006,0.4395604395604395,0.3203883495145631,0.5555555555555556
o7rFDFvW300.000.4.jpg,0.4018691588785047,0.40625000000000006,0.4395604395604395,0.3203883495145631,0.5555555555555556
euRnmvd_dus.000.1.jpg,0.6822429906542057,0.5729166666666666,0.6813186813186812,0.6116504854368932,0.7444444444444444
euRnmvd_dus.000.2.jpg,0.6822429906542057,0.5729166666666666,0.6813186813186812,0.6116504854368932,0.7444444444444444
euRnmvd_dus.000.3.jpg,0.6822429906542057,0.5729166666666666,0.6813186813186812,0.6116504854368932,0.7444444444444444
euRnmvd_dus.000.4.jpg,0.6822429906542057,0.5729166666666666,0.6813186813186812,0.6116504854368932,0.7444444444444444
Y-YdRocu0os.002.1.jpg,0.5700934579439253,0.6458333333333333,0.4615384615384615,0.5339805825242718,0.7555555555555554
Y-YdRocu0os.002.2.jpg,0.5700934579439253,0.6458333333333333,0.4615384615384615,0.5339805825242718,0.7555555555555554
Y-YdRocu0os.002.3.jpg,0.5700934579439253,0.6458333333333333,0.4615384615384615,0.5339805825242718,0.7555555555555554
Y-YdRocu0os.002.4.jpg,0.5700934579439253,0.6458333333333333,0.4615384615384615,0.5339805825242718,0.7555555555555554
1hpZ2ecWqtI.001.1.jpg,0.5327102803738318,0.5,0.5384615384615384,0.5048543689320388,0.4222222222222222
1hpZ2ecWqtI.001.2.jpg,0.5327102803738318,0.5,0.5384615384615384,0.5048543689320388,0.4222222222222222
1hpZ2ecWqtI.001.3.jpg,0.5327102803738318,0.5,0.5384615384615384,0.5048543689320388,0.4222222222222222
1hpZ2ecWqtI.001.4.jpg,0.5327102803738318,0.5,0.5384615384615384,0.5048543689320388,0.4222222222222222
5wpoKhbt28c.002.1.jpg,0.6448598130841123,0.6458333333333333,0.6043956043956044,0.5339805825242718,0.6777777777777777
5wpoKhbt28c.002.2.jpg,0.6448598130841123,0.6458333333333333,0.6043956043956044,0.5339805825242718,0.6777777777777777
5wpoKhbt28c.002.3.jpg,0.6448598130841123,0.6458333333333333,0.6043956043956044,0.5339805825242718,0.6777777777777777
5wpoKhbt28c.002.4.jpg,0.6448598130841123,0.6458333333333333,0.6043956043956044,0.5339805825242718,0.6777777777777777
hqe-8SMJGmc.004.1.jpg,0.691588785046729,0.6979166666666666,0.6703296703296703,0.6893203883495147,0.8333333333333333
hqe-8SMJGmc.004.2.jpg,0.691588785046729,0.6979166666666666,0.6703296703296703,0.6893203883495147,0.8333333333333333
hqe-8SMJGmc.004.3.jpg,0.691588785046729,0.6979166666666666,0.6703296703296703,0.6893203883495147,0.8333333333333333
hqe-8SMJGmc.004.4.jpg,0.691588785046729,0.6979166666666666,0.6703296703296703,0.6893203883495147,0.8333333333333333
cNXnowQb7rs.001.1.jpg,0.39252336448598135,0.4895833333333333,0.4505494505494505,0.6019417475728155,0.7
cNXnowQb7rs.001.2.jpg,0.39252336448598135,0.4895833333333333,0.4505494505494505,0.6019417475728155,0.7
cNXnowQb7rs.001.3.jpg,0.39252336448598135,0.4895833333333333,0.4505494505494505,0.6019417475728155,0.7
cNXnowQb7rs.001.4.jpg,0.39252336448598135,0.4895833333333333,0.4505494505494505,0.6019417475728155,0.7
QqTw0lnrtBo.005.1.jpg,0.35514018691588783,0.32291666666666663,0.4285714285714285,0.5242718446601942,0.3555555555555556
QqTw0lnrtBo.005.2.jpg,0.35514018691588783,0.32291666666666663,0.4285714285714285,0.5242718446601942,0.3555555555555556
QqTw0lnrtBo.005.3.jpg,0.35514018691588783,0.32291666666666663,0.4285714285714285,0.5242718446601942,0.3555555555555556
QqTw0lnrtBo.005.4.jpg,0.35514018691588783,0.32291666666666663,0.4285714285714285,0.5242718446601942,0.3555555555555556
wDvZdcb00Bg.000.1.jpg,0.4205607476635514,0.59375,0.6043956043956044,0.42718446601941745,0.5444444444444444
wDvZdcb00Bg.000.2.jpg,0.4205607476635514,0.59375,0.6043956043956044,0.42718446601941745,0.5444444444444444
wDvZdcb00Bg.000.3.jpg,0.4205607476635514,0.59375,0.6043956043956044,0.42718446601941745,0.5444444444444444
wDvZdcb00Bg.000.4.jpg,0.4205607476635514,0.59375,0.6043956043956044,0.42718446601941745,0.5444444444444444
o2wtRccAgjE.005.1.jpg,0.4018691588785047,0.4166666666666667,0.4945054945054945,0.3786407766990291,0.4777777777777778
o2wtRccAgjE.005.2.jpg,0.4018691588785047,0.4166666666666667,0.4945054945054945,0.3786407766990291,0.4777777777777778
o2wtRccAgjE.005.3.jpg,0.4018691588785047,0.4166666666666667,0.4945054945054945,0.3786407766990291,0.4777777777777778
o2wtRccAgjE.005.4.jpg,0.4018691588785047,0.4166666666666667,0.4945054945054945,0.3786407766990291,0.4777777777777778
MZkDsB04kt8.005.1.jpg,0.47663551401869164,0.5520833333333334,0.4945054945054945,0.5728155339805825,0.7888888888888888
MZkDsB04kt8.005.2.jpg,0.47663551401869164,0.5520833333333334,0.4945054945054945,0.5728155339805825,0.7888888888888888
MZkDsB04kt8.005.3.jpg,0.47663551401869164,0.5520833333333334,0.4945054945054945,0.5728155339805825,0.7888888888888888
MZkDsB04kt8.005.4.jpg,0.47663551401869164,0.5520833333333334,0.4945054945054945,0.5728155339805825,0.7888888888888888
Ay7bZ7Sgx9Q.005.1.jpg,0.4579439252336449,0.5,0.4395604395604395,0.5048543689320388,0.4222222222222222
Ay7bZ7Sgx9Q.005.2.jpg,0.4579439252336449,0.5,0.4395604395604395,0.5048543689320388,0.4222222222222222
Ay7bZ7Sgx9Q.005.3.jpg,0.4579439252336449,0.5,0.4395604395604395,0.5048543689320388,0.4222222222222222
Ay7bZ7Sgx9Q.005.4.jpg,0.4579439252336449,0.5,0.4395604395604395,0.5048543689320388,0.4222222222222222
1W7XLdNpEgc.002.1.jpg,0.4953271028037384,0.5416666666666666,0.6153846153846153,0.5728155339805825,0.6
1W7XLdNpEgc.002.2.jpg,0.4953271028037384,0.5416666666666666,0.6153846153846153,0.5728155339805825,0.6
1W7XLdNpEgc.002.3.jpg,0.4953271028037384,0.5416666666666666,0.6153846153846153,0.5728155339805825,0.6
1W7XLdNpEgc.002.4.jpg,0.4953271028037384,0.5416666666666666,0.6153846153846153,0.5728155339805825,0.6
MOobNUpfWiY.003.1.jpg,0.28037383177570097,0.32291666666666663,0.4505494505494505,0.2815533980582524,0.3666666666666667
MOobNUpfWiY.003.2.jpg,0.28037383177570097,0.32291666666666663,0.4505494505494505,0.2815533980582524,0.3666666666666667
MOobNUpfWiY.003.3.jpg,0.28037383177570097,0.32291666666666663,0.4505494505494505,0.2815533980582524,0.3666666666666667
MOobNUpfWiY.003.4.jpg,0.28037383177570097,0.32291666666666663,0.4505494505494505,0.2815533980582524,0.3666666666666667
aenedH_X3Us.000.1.jpg,0.4579439252336449,0.2708333333333333,0.4395604395604395,0.2815533980582524,0.5333333333333333
aenedH_X3Us.000.2.jpg,0.4579439252336449,0.2708333333333333,0.4395604395604395,0.2815533980582524,0.5333333333333333
aenedH_X3Us.000.3.jpg,0.4579439252336449,0.2708333333333333,0.4395604395604395,0.2815533980582524,0.5333333333333333
aenedH_X3Us.000.4.jpg,0.4579439252336449,0.2708333333333333,0.4395604395604395,0.2815533980582524,0.5333333333333333
CDTo7WVyf5s.003.1.jpg,0.5981308411214954,0.6145833333333333,0.5604395604395604,0.3980582524271845,0.7333333333333333
CDTo7WVyf5s.003.2.jpg,0.5981308411214954,0.6145833333333333,0.5604395604395604,0.3980582524271845,0.7333333333333333
CDTo7WVyf5s.003.3.jpg,0.5981308411214954,0.6145833333333333,0.5604395604395604,0.3980582524271845,0.7333333333333333
CDTo7WVyf5s.003.4.jpg,0.5981308411214954,0.6145833333333333,0.5604395604395604,0.3980582524271845,0.7333333333333333
P2B2K7DvUC8.003.1.jpg,0.36448598130841126,0.4375,0.3846153846153846,0.4951456310679611,0.5
P2B2K7DvUC8.003.2.jpg,0.36448598130841126,0.4375,0.3846153846153846,0.4951456310679611,0.5
P2B2K7DvUC8.003.3.jpg,0.36448598130841126,0.4375,0.3846153846153846,0.4951456310679611,0.5
P2B2K7DvUC8.003.4.jpg,0.36448598130841126,0.4375,0.3846153846153846,0.4951456310679611,0.5
c70zW-HoZUA.001.1.jpg,0.4299065420560748,0.6041666666666666,0.5274725274725275,0.7087378640776699,0.4888888888888889
c70zW-HoZUA.001.2.jpg,0.4299065420560748,0.6041666666666666,0.5274725274725275,0.7087378640776699,0.4888888888888889
c70zW-HoZUA.001.3.jpg,0.4299065420560748,0.6041666666666666,0.5274725274725275,0.7087378640776699,0.4888888888888889
c70zW-HoZUA.001.4.jpg,0.4299065420560748,0.6041666666666666,0.5274725274725275,0.7087378640776699,0.4888888888888889
T1--98_78ns.000.1.jpg,0.37383177570093457,0.46875,0.4615384615384615,0.3495145631067961,0.5222222222222223
T1--98_78ns.000.2.jpg,0.37383177570093457,0.46875,0.4615384615384615,0.3495145631067961,0.5222222222222223
T1--98_78ns.000.3.jpg,0.37383177570093457,0.46875,0.4615384615384615,0.3495145631067961,0.5222222222222223
T1--98_78ns.000.4.jpg,0.37383177570093457,0.46875,0.4615384615384615,0.3495145631067961,0.5222222222222223
1pm5uoU85FI.002.1.jpg,0.29906542056074764,0.5104166666666666,0.5274725274725275,0.6601941747572816,0.45555555555555555
1pm5uoU85FI.002.2.jpg,0.29906542056074764,0.5104166666666666,0.5274725274725275,0.6601941747572816,0.45555555555555555
1pm5uoU85FI.002.3.jpg,0.29906542056074764,0.5104166666666666,0.5274725274725275,0.6601941747572816,0.45555555555555555
1pm5uoU85FI.002.4.jpg,0.29906542056074764,0.5104166666666666,0.5274725274725275,0.6601941747572816,0.45555555555555555
odRqijkG28U.002.1.jpg,0.6074766355140188,0.7812499999999999,0.6373626373626373,0.6893203883495147,0.711111111111111
odRqijkG28U.002.2.jpg,0.6074766355140188,0.7812499999999999,0.6373626373626373,0.6893203883495147,0.711111111111111
odRqijkG28U.002.3.jpg,0.6074766355140188,0.7812499999999999,0.6373626373626373,0.6893203883495147,0.711111111111111
odRqijkG28U.002.4.jpg,0.6074766355140188,0.7812499999999999,0.6373626373626373,0.6893203883495147,0.711111111111111
c5ZnKbaNCE8.001.1.jpg,0.3271028037383178,0.34374999999999994,0.3626373626373627,0.3495145631067961,0.3111111111111111
c5ZnKbaNCE8.001.2.jpg,0.3271028037383178,0.34374999999999994,0.3626373626373627,0.3495145631067961,0.3111111111111111
c5ZnKbaNCE8.001.3.jpg,0.3271028037383178,0.34374999999999994,0.3626373626373627,0.3495145631067961,0.3111111111111111
c5ZnKbaNCE8.001.4.jpg,0.3271028037383178,0.34374999999999994,0.3626373626373627,0.3495145631067961,0.3111111111111111
e3Y7na4SBh4.003.1.jpg,0.588785046728972,0.7708333333333334,0.6263736263736264,0.7961165048543688,0.6888888888888889
e3Y7na4SBh4.003.2.jpg,0.588785046728972,0.7708333333333334,0.6263736263736264,0.7961165048543688,0.6888888888888889
e3Y7na4SBh4.003.3.jpg,0.588785046728972,0.7708333333333334,0.6263736263736264,0.7961165048543688,0.6888888888888889
e3Y7na4SBh4.003.4.jpg,0.588785046728972,0.7708333333333334,0.6263736263736264,0.7961165048543688,0.6888888888888889
VqKQeFMo0pI.001.1.jpg,0.35514018691588783,0.5520833333333334,0.5714285714285714,0.4466019417475728,0.611111111111111
VqKQeFMo0pI.001.2.jpg,0.35514018691588783,0.5520833333333334,0.5714285714285714,0.4466019417475728,0.611111111111111
VqKQeFMo0pI.001.3.jpg,0.35514018691588783,0.5520833333333334,0.5714285714285714,0.4466019417475728,0.611111111111111
VqKQeFMo0pI.001.4.jpg,0.35514018691588783,0.5520833333333334,0.5714285714285714,0.4466019417475728,0.611111111111111
W7BbL3NZvrU.003.1.jpg,0.5140186915887851,0.5104166666666666,0.6043956043956044,0.5533980582524272,0.5777777777777777
W7BbL3NZvrU.003.2.jpg,0.5140186915887851,0.5104166666666666,0.6043956043956044,0.5533980582524272,0.5777777777777777
W7BbL3NZvrU.003.3.jpg,0.5140186915887851,0.5104166666666666,0.6043956043956044,0.5533980582524272,0.5777777777777777
W7BbL3NZvrU.003.4.jpg,0.5140186915887851,0.5104166666666666,0.6043956043956044,0.5533980582524272,0.5777777777777777
MLCIfM5jYlI.005.1.jpg,0.5700934579439253,0.5,0.5824175824175825,0.5436893203883495,0.6777777777777777
MLCIfM5jYlI.005.2.jpg,0.5700934579439253,0.5,0.5824175824175825,0.5436893203883495,0.6777777777777777
MLCIfM5jYlI.005.3.jpg,0.5700934579439253,0.5,0.5824175824175825,0.5436893203883495,0.6777777777777777
MLCIfM5jYlI.005.4.jpg,0.5700934579439253,0.5,0.5824175824175825,0.5436893203883495,0.6777777777777777
AwNVGShHjvw.003.1.jpg,0.36448598130841126,0.3333333333333333,0.3516483516483516,0.2524271844660194,0.4777777777777778
AwNVGShHjvw.003.2.jpg,0.36448598130841126,0.3333333333333333,0.3516483516483516,0.2524271844660194,0.4777777777777778
AwNVGShHjvw.003.3.jpg,0.36448598130841126,0.3333333333333333,0.3516483516483516,0.2524271844660194,0.4777777777777778
AwNVGShHjvw.003.4.jpg,0.36448598130841126,0.3333333333333333,0.3516483516483516,0.2524271844660194,0.4777777777777778
AuaQ0rtedRk.000.1.jpg,0.33644859813084116,0.4375,0.4615384615384615,0.24271844660194175,0.4444444444444445
AuaQ0rtedRk.000.2.jpg,0.33644859813084116,0.4375,0.4615384615384615,0.24271844660194175,0.4444444444444445
AuaQ0rtedRk.000.3.jpg,0.33644859813084116,0.4375,0.4615384615384615,0.24271844660194175,0.4444444444444445
AuaQ0rtedRk.000.4.jpg,0.33644859813084116,0.4375,0.4615384615384615,0.24271844660194175,0.4444444444444445
U4tSfXq-neQ.005.1.jpg,0.5140186915887851,0.3854166666666667,0.4285714285714285,0.3883495145631068,0.45555555555555555
U4tSfXq-neQ.005.2.jpg,0.5140186915887851,0.3854166666666667,0.4285714285714285,0.3883495145631068,0.45555555555555555
U4tSfXq-neQ.005.3.jpg,0.5140186915887851,0.3854166666666667,0.4285714285714285,0.3883495145631068,0.45555555555555555
U4tSfXq-neQ.005.4.jpg,0.5140186915887851,0.3854166666666667,0.4285714285714285,0.3883495145631068,0.45555555555555555
3ccY8jYkI5o.001.1.jpg,0.8130841121495327,0.7083333333333334,0.835164835164835,0.8058252427184466,0.8222222222222221
3ccY8jYkI5o.001.2.jpg,0.8130841121495327,0.7083333333333334,0.835164835164835,0.8058252427184466,0.8222222222222221
3ccY8jYkI5o.001.3.jpg,0.8130841121495327,0.7083333333333334,0.835164835164835,0.8058252427184466,0.8222222222222221
3ccY8jYkI5o.001.4.jpg,0.8130841121495327,0.7083333333333334,0.835164835164835,0.8058252427184466,0.8222222222222221
3GylAjrajHs.005.1.jpg,0.14953271028037385,0.15624999999999994,0.24175824175824176,0.24271844660194175,0.28888888888888886
3GylAjrajHs.005.2.jpg,0.14953271028037385,0.15624999999999994,0.24175824175824176,0.24271844660194175,0.28888888888888886
3GylAjrajHs.005.3.jpg,0.14953271028037385,0.15624999999999994,0.24175824175824176,0.24271844660194175,0.28888888888888886
3GylAjrajHs.005.4.jpg,0.14953271028037385,0.15624999999999994,0.24175824175824176,0.24271844660194175,0.28888888888888886
NpiglwrZzsA.000.1.jpg,0.4485981308411215,0.37499999999999994,0.5164835164835165,0.5533980582524272,0.6666666666666666
NpiglwrZzsA.000.2.jpg,0.4485981308411215,0.37499999999999994,0.5164835164835165,0.5533980582524272,0.6666666666666666
NpiglwrZzsA.000.3.jpg,0.4485981308411215,0.37499999999999994,0.5164835164835165,0.5533980582524272,0.6666666666666666
NpiglwrZzsA.000.4.jpg,0.4485981308411215,0.37499999999999994,0.5164835164835165,0.5533980582524272,0.6666666666666666
CyzKot0CNyU.002.1.jpg,0.38317757009345793,0.3854166666666667,0.4395604395604395,0.3883495145631068,0.5555555555555556
CyzKot0CNyU.002.2.jpg,0.38317757009345793,0.3854166666666667,0.4395604395604395,0.3883495145631068,0.5555555555555556
CyzKot0CNyU.002.3.jpg,0.38317757009345793,0.3854166666666667,0.4395604395604395,0.3883495145631068,0.5555555555555556
CyzKot0CNyU.002.4.jpg,0.38317757009345793,0.3854166666666667,0.4395604395604395,0.3883495145631068,0.5555555555555556
L5PkZA1ErYY.000.1.jpg,0.5140186915887851,0.42708333333333337,0.5494505494505494,0.2912621359223301,0.4444444444444445
L5PkZA1ErYY.000.2.jpg,0.5140186915887851,0.42708333333333337,0.5494505494505494,0.2912621359223301,0.4444444444444445
L5PkZA1ErYY.000.3.jpg,0.5140186915887851,0.42708333333333337,0.5494505494505494,0.2912621359223301,0.4444444444444445
L5PkZA1ErYY.000.4.jpg,0.5140186915887851,0.42708333333333337,0.5494505494505494,0.2912621359223301,0.4444444444444445
i3s5XtbhSrE.004.1.jpg,0.7102803738317757,0.6979166666666666,0.6483516483516484,0.7669902912621359,0.6555555555555556
i3s5XtbhSrE.004.2.jpg,0.7102803738317757,0.6979166666666666,0.6483516483516484,0.7669902912621359,0.6555555555555556
i3s5XtbhSrE.004.3.jpg,0.7102803738317757,0.6979166666666666,0.6483516483516484,0.7669902912621359,0.6555555555555556
i3s5XtbhSrE.004.4.jpg,0.7102803738317757,0.6979166666666666,0.6483516483516484,0.7669902912621359,0.6555555555555556
UQeuBvZNusI.005.1.jpg,0.3177570093457944,0.21874999999999997,0.4175824175824176,0.2621359223300971,0.26666666666666666
UQeuBvZNusI.005.2.jpg,0.3177570093457944,0.21874999999999997,0.4175824175824176,0.2621359223300971,0.26666666666666666
UQeuBvZNusI.005.3.jpg,0.3177570093457944,0.21874999999999997,0.4175824175824176,0.2621359223300971,0.26666666666666666
UQeuBvZNusI.005.4.jpg,0.3177570093457944,0.21874999999999997,0.4175824175824176,0.2621359223300971,0.26666666666666666
3K16KyiAZHw.000.1.jpg,0.4299065420560748,0.3333333333333333,0.5934065934065933,0.3883495145631068,0.4777777777777778
3K16KyiAZHw.000.2.jpg,0.4299065420560748,0.3333333333333333,0.5934065934065933,0.3883495145631068,0.4777777777777778
3K16KyiAZHw.000.3.jpg,0.4299065420560748,0.3333333333333333,0.5934065934065933,0.3883495145631068,0.4777777777777778
3K16KyiAZHw.000.4.jpg,0.4299065420560748,0.3333333333333333,0.5934065934065933,0.3883495145631068,0.4777777777777778
dB-kMg4t-V8.000.1.jpg,0.5514018691588786,0.42708333333333337,0.3516483516483516,0.5339805825242718,0.5555555555555556
dB-kMg4t-V8.000.2.jpg,0.5514018691588786,0.42708333333333337,0.3516483516483516,0.5339805825242718,0.5555555555555556
dB-kMg4t-V8.000.3.jpg,0.5514018691588786,0.42708333333333337,0.3516483516483516,0.5339805825242718,0.5555555555555556
dB-kMg4t-V8.000.4.jpg,0.5514018691588786,0.42708333333333337,0.3516483516483516,0.5339805825242718,0.5555555555555556
mpXOSY5dW7c.003.1.jpg,0.5514018691588786,0.4895833333333333,0.6703296703296703,0.6699029126213591,0.5
mpXOSY5dW7c.003.2.jpg,0.5514018691588786,0.4895833333333333,0.6703296703296703,0.6699029126213591,0.5
mpXOSY5dW7c.003.3.jpg,0.5514018691588786,0.4895833333333333,0.6703296703296703,0.6699029126213591,0.5
mpXOSY5dW7c.003.4.jpg,0.5514018691588786,0.4895833333333333,0.6703296703296703,0.6699029126213591,0.5
Af_F0IzHK6o.005.1.jpg,0.48598130841121495,0.6041666666666666,0.6153846153846153,0.4854368932038835,0.6888888888888889
Af_F0IzHK6o.005.2.jpg,0.48598130841121495,0.6041666666666666,0.6153846153846153,0.4854368932038835,0.6888888888888889
Af_F0IzHK6o.005.3.jpg,0.48598130841121495,0.6041666666666666,0.6153846153846153,0.4854368932038835,0.6888888888888889
Af_F0IzHK6o.005.4.jpg,0.48598130841121495,0.6041666666666666,0.6153846153846153,0.4854368932038835,0.6888888888888889
84Lz5a9yRZg.000.1.jpg,0.4485981308411215,0.6666666666666667,0.6923076923076923,0.7475728155339806,0.611111111111111
84Lz5a9yRZg.000.2.jpg,0.4485981308411215,0.6666666666666667,0.6923076923076923,0.7475728155339806,0.611111111111111
84Lz5a9yRZg.000.3.jpg,0.4485981308411215,0.6666666666666667,0.6923076923076923,0.7475728155339806,0.611111111111111
84Lz5a9yRZg.000.4.jpg,0.4485981308411215,0.6666666666666667,0.6923076923076923,0.7475728155339806,0.611111111111111
zMXIf66PPhU.000.1.jpg,0.26168224299065423,0.4479166666666667,0.4505494505494505,0.4466019417475728,0.43333333333333335
zMXIf66PPhU.000.2.jpg,0.26168224299065423,0.4479166666666667,0.4505494505494505,0.4466019417475728,0.43333333333333335
zMXIf66PPhU.000.3.jpg,0.26168224299065423,0.4479166666666667,0.4505494505494505,0.4466019417475728,0.43333333333333335
zMXIf66PPhU.000.4.jpg,0.26168224299065423,0.4479166666666667,0.4505494505494505,0.4466019417475728,0.43333333333333335
YuoLr4xDvbE.001.1.jpg,0.7196261682242993,0.6458333333333333,0.7032967032967032,0.6310679611650486,0.7888888888888888
YuoLr4xDvbE.001.2.jpg,0.7196261682242993,0.6458333333333333,0.7032967032967032,0.6310679611650486,0.7888888888888888
YuoLr4xDvbE.001.3.jpg,0.7196261682242993,0.6458333333333333,0.7032967032967032,0.6310679611650486,0.7888888888888888
YuoLr4xDvbE.001.4.jpg,0.7196261682242993,0.6458333333333333,0.7032967032967032,0.6310679611650486,0.7888888888888888
WuoQDp7pU24.004.1.jpg,0.5700934579439253,0.5833333333333333,0.4945054945054945,0.6407766990291262,0.7444444444444444
WuoQDp7pU24.004.2.jpg,0.5700934579439253,0.5833333333333333,0.4945054945054945,0.6407766990291262,0.7444444444444444
WuoQDp7pU24.004.3.jpg,0.5700934579439253,0.5833333333333333,0.4945054945054945,0.6407766990291262,0.7444444444444444
WuoQDp7pU24.004.4.jpg,0.5700934579439253,0.5833333333333333,0.4945054945054945,0.6407766990291262,0.7444444444444444
tYpxPqwle5k.004.1.jpg,0.35514018691588783,0.4791666666666667,0.3846153846153846,0.3883495145631068,0.5777777777777777
tYpxPqwle5k.004.2.jpg,0.35514018691588783,0.4791666666666667,0.3846153846153846,0.3883495145631068,0.5777777777777777
tYpxPqwle5k.004.3.jpg,0.35514018691588783,0.4791666666666667,0.3846153846153846,0.3883495145631068,0.5777777777777777
tYpxPqwle5k.004.4.jpg,0.35514018691588783,0.4791666666666667,0.3846153846153846,0.3883495145631068,0.5777777777777777
vxuBHsokOX4.001.1.jpg,0.2336448598130841,0.32291666666666663,0.32967032967032966,0.27184466019417475,0.33333333333333337
vxuBHsokOX4.001.2.jpg,0.2336448598130841,0.32291666666666663,0.32967032967032966,0.27184466019417475,0.33333333333333337
vxuBHsokOX4.001.3.jpg,0.2336448598130841,0.32291666666666663,0.32967032967032966,0.27184466019417475,0.33333333333333337
vxuBHsokOX4.001.4.jpg,0.2336448598130841,0.32291666666666663,0.32967032967032966,0.27184466019417475,0.33333333333333337
gCQT7zfS7sI.005.1.jpg,0.22429906542056074,0.5,0.6263736263736264,0.5339805825242718,0.4777777777777778
gCQT7zfS7sI.005.2.jpg,0.22429906542056074,0.5,0.6263736263736264,0.5339805825242718,0.4777777777777778
gCQT7zfS7sI.005.3.jpg,0.22429906542056074,0.5,0.6263736263736264,0.5339805825242718,0.4777777777777778
gCQT7zfS7sI.005.4.jpg,0.22429906542056074,0.5,0.6263736263736264,0.5339805825242718,0.4777777777777778
erjlIt61pUk.001.1.jpg,0.28037383177570097,0.4375,0.5164835164835165,0.4077669902912622,0.41111111111111115
erjlIt61pUk.001.2.jpg,0.28037383177570097,0.4375,0.5164835164835165,0.4077669902912622,0.41111111111111115
erjlIt61pUk.001.3.jpg,0.28037383177570097,0.4375,0.5164835164835165,0.4077669902912622,0.41111111111111115
erjlIt61pUk.001.4.jpg,0.28037383177570097,0.4375,0.5164835164835165,0.4077669902912622,0.41111111111111115
9uMpKla2OQM.003.1.jpg,0.4112149532710281,0.3333333333333333,0.4175824175824176,0.33980582524271846,0.3111111111111111
9uMpKla2OQM.003.2.jpg,0.4112149532710281,0.3333333333333333,0.4175824175824176,0.33980582524271846,0.3111111111111111
9uMpKla2OQM.003.3.jpg,0.4112149532710281,0.3333333333333333,0.4175824175824176,0.33980582524271846,0.3111111111111111
9uMpKla2OQM.003.4.jpg,0.4112149532710281,0.3333333333333333,0.4175824175824176,0.33980582524271846,0.3111111111111111
a84s1DYag-I.000.1.jpg,0.36448598130841126,0.4375,0.5714285714285714,0.5048543689320388,0.5
a84s1DYag-I.000.2.jpg,0.36448598130841126,0.4375,0.5714285714285714,0.5048543689320388,0.5
a84s1DYag-I.000.3.jpg,0.36448598130841126,0.4375,0.5714285714285714,0.5048543689320388,0.5
a84s1DYag-I.000.4.jpg,0.36448598130841126,0.4375,0.5714285714285714,0.5048543689320388,0.5
kPXVZD3ac8s.000.1.jpg,0.5981308411214954,0.7187499999999999,0.5934065934065933,0.4854368932038835,0.7
kPXVZD3ac8s.000.2.jpg,0.5981308411214954,0.7187499999999999,0.5934065934065933,0.4854368932038835,0.7
kPXVZD3ac8s.000.3.jpg,0.5981308411214954,0.7187499999999999,0.5934065934065933,0.4854368932038835,0.7
kPXVZD3ac8s.000.4.jpg,0.5981308411214954,0.7187499999999999,0.5934065934065933,0.4854368932038835,0.7
yIe7Rp54-bU.005.1.jpg,0.6355140186915887,0.59375,0.7582417582417583,0.5922330097087379,0.7
yIe7Rp54-bU.005.2.jpg,0.6355140186915887,0.59375,0.7582417582417583,0.5922330097087379,0.7
yIe7Rp54-bU.005.3.jpg,0.6355140186915887,0.59375,0.7582417582417583,0.5922330097087379,0.7
yIe7Rp54-bU.005.4.jpg,0.6355140186915887,0.59375,0.7582417582417583,0.5922330097087379,0.7
HQZD4j8_FR8.004.1.jpg,0.4953271028037384,0.59375,0.4285714285714285,0.4077669902912622,0.6222222222222222
HQZD4j8_FR8.004.2.jpg,0.4953271028037384,0.59375,0.4285714285714285,0.4077669902912622,0.6222222222222222
HQZD4j8_FR8.004.3.jpg,0.4953271028037384,0.59375,0.4285714285714285,0.4077669902912622,0.6222222222222222
HQZD4j8_FR8.004.4.jpg,0.4953271028037384,0.59375,0.4285714285714285,0.4077669902912622,0.6222222222222222
fwJykIyvS04.005.1.jpg,0.4953271028037384,0.5833333333333333,0.5494505494505494,0.5922330097087379,0.5
fwJykIyvS04.005.2.jpg,0.4953271028037384,0.5833333333333333,0.5494505494505494,0.5922330097087379,0.5
fwJykIyvS04.005.3.jpg,0.4953271028037384,0.5833333333333333,0.5494505494505494,0.5922330097087379,0.5
fwJykIyvS04.005.4.jpg,0.4953271028037384,0.5833333333333333,0.5494505494505494,0.5922330097087379,0.5
w7O2QJu2Wl4.000.1.jpg,0.4485981308411215,0.625,0.5494505494505494,0.5728155339805825,0.6444444444444444
w7O2QJu2Wl4.000.2.jpg,0.4485981308411215,0.625,0.5494505494505494,0.5728155339805825,0.6444444444444444
w7O2QJu2Wl4.000.3.jpg,0.4485981308411215,0.625,0.5494505494505494,0.5728155339805825,0.6444444444444444
w7O2QJu2Wl4.000.4.jpg,0.4485981308411215,0.625,0.5494505494505494,0.5728155339805825,0.6444444444444444
gCLfduV3Phw.001.1.jpg,0.5420560747663552,0.5416666666666666,0.3736263736263736,0.3495145631067961,0.5666666666666667
gCLfduV3Phw.001.2.jpg,0.5420560747663552,0.5416666666666666,0.3736263736263736,0.3495145631067961,0.5666666666666667
gCLfduV3Phw.001.3.jpg,0.5420560747663552,0.5416666666666666,0.3736263736263736,0.3495145631067961,0.5666666666666667
gCLfduV3Phw.001.4.jpg,0.5420560747663552,0.5416666666666666,0.3736263736263736,0.3495145631067961,0.5666666666666667
OSDlyk5ZgAk.002.1.jpg,0.47663551401869164,0.5,0.3626373626373627,0.30097087378640774,0.5666666666666667
OSDlyk5ZgAk.002.2.jpg,0.47663551401869164,0.5,0.3626373626373627,0.30097087378640774,0.5666666666666667
OSDlyk5ZgAk.002.3.jpg,0.47663551401869164,0.5,0.3626373626373627,0.30097087378640774,0.5666666666666667
OSDlyk5ZgAk.002.4.jpg,0.47663551401869164,0.5,0.3626373626373627,0.30097087378640774,0.5666666666666667
2d6btbaNdfo.005.1.jpg,0.4299065420560748,0.4375,0.6153846153846153,0.6213592233009709,0.43333333333333335
2d6btbaNdfo.005.2.jpg,0.4299065420560748,0.4375,0.6153846153846153,0.6213592233009709,0.43333333333333335
2d6btbaNdfo.005.3.jpg,0.4299065420560748,0.4375,0.6153846153846153,0.6213592233009709,0.43333333333333335
2d6btbaNdfo.005.4.jpg,0.4299065420560748,0.4375,0.6153846153846153,0.6213592233009709,0.43333333333333335
jq1dLOVUQJA.003.1.jpg,0.588785046728972,0.7291666666666667,0.5934065934065933,0.6019417475728155,0.6666666666666666
jq1dLOVUQJA.003.2.jpg,0.588785046728972,0.7291666666666667,0.5934065934065933,0.6019417475728155,0.6666666666666666
jq1dLOVUQJA.003.3.jpg,0.588785046728972,0.7291666666666667,0.5934065934065933,0.6019417475728155,0.6666666666666666
jq1dLOVUQJA.003.4.jpg,0.588785046728972,0.7291666666666667,0.5934065934065933,0.6019417475728155,0.6666666666666666
lLWOcztaIBI.005.1.jpg,0.47663551401869164,0.7083333333333334,0.6593406593406592,0.6601941747572816,0.5222222222222223
lLWOcztaIBI.005.2.jpg,0.47663551401869164,0.7083333333333334,0.6593406593406592,0.6601941747572816,0.5222222222222223
lLWOcztaIBI.005.3.jpg,0.47663551401869164,0.7083333333333334,0.6593406593406592,0.6601941747572816,0.5222222222222223
lLWOcztaIBI.005.4.jpg,0.47663551401869164,0.7083333333333334,0.6593406593406592,0.6601941747572816,0.5222222222222223
o2wtRccAgjE.001.1.jpg,0.3177570093457944,0.39583333333333337,0.4395604395604395,0.47572815533980584,0.4222222222222222
o2wtRccAgjE.001.2.jpg,0.3177570093457944,0.39583333333333337,0.4395604395604395,0.47572815533980584,0.4222222222222222
o2wtRccAgjE.001.3.jpg,0.3177570093457944,0.39583333333333337,0.4395604395604395,0.47572815533980584,0.4222222222222222
o2wtRccAgjE.001.4.jpg,0.3177570093457944,0.39583333333333337,0.4395604395604395,0.47572815533980584,0.4222222222222222
XH4rem3vS9w.003.1.jpg,0.33644859813084116,0.4791666666666667,0.4615384615384615,0.4077669902912622,0.43333333333333335
XH4rem3vS9w.003.2.jpg,0.33644859813084116,0.4791666666666667,0.4615384615384615,0.4077669902912622,0.43333333333333335
XH4rem3vS9w.003.3.jpg,0.33644859813084116,0.4791666666666667,0.4615384615384615,0.4077669902912622,0.43333333333333335
XH4rem3vS9w.003.4.jpg,0.33644859813084116,0.4791666666666667,0.4615384615384615,0.4077669902912622,0.43333333333333335
WZnLayQeIZ0.003.1.jpg,0.6822429906542057,0.53125,0.6153846153846153,0.6310679611650486,0.6555555555555556
WZnLayQeIZ0.003.2.jpg,0.6822429906542057,0.53125,0.6153846153846153,0.6310679611650486,0.6555555555555556
WZnLayQeIZ0.003.3.jpg,0.6822429906542057,0.53125,0.6153846153846153,0.6310679611650486,0.6555555555555556
WZnLayQeIZ0.003.4.jpg,0.6822429906542057,0.53125,0.6153846153846153,0.6310679611650486,0.6555555555555556
p-OcwNFQB0U.000.1.jpg,0.4205607476635514,0.37499999999999994,0.6153846153846153,0.33980582524271846,0.5555555555555556
p-OcwNFQB0U.000.2.jpg,0.4205607476635514,0.37499999999999994,0.6153846153846153,0.33980582524271846,0.5555555555555556
p-OcwNFQB0U.000.3.jpg,0.4205607476635514,0.37499999999999994,0.6153846153846153,0.33980582524271846,0.5555555555555556
p-OcwNFQB0U.000.4.jpg,0.4205607476635514,0.37499999999999994,0.6153846153846153,0.33980582524271846,0.5555555555555556
dvMeqVbpKW8.000.1.jpg,0.794392523364486,0.8333333333333334,0.6043956043956044,0.6699029126213591,0.8333333333333333
dvMeqVbpKW8.000.2.jpg,0.794392523364486,0.8333333333333334,0.6043956043956044,0.6699029126213591,0.8333333333333333
dvMeqVbpKW8.000.3.jpg,0.794392523364486,0.8333333333333334,0.6043956043956044,0.6699029126213591,0.8333333333333333
dvMeqVbpKW8.000.4.jpg,0.794392523364486,0.8333333333333334,0.6043956043956044,0.6699029126213591,0.8333333333333333
j5fXaXrNPoA.003.1.jpg,0.47663551401869164,0.40625000000000006,0.5054945054945055,0.6213592233009709,0.4888888888888889
j5fXaXrNPoA.003.2.jpg,0.47663551401869164,0.40625000000000006,0.5054945054945055,0.6213592233009709,0.4888888888888889
j5fXaXrNPoA.003.3.jpg,0.47663551401869164,0.40625000000000006,0.5054945054945055,0.6213592233009709,0.4888888888888889
j5fXaXrNPoA.003.4.jpg,0.47663551401869164,0.40625000000000006,0.5054945054945055,0.6213592233009709,0.4888888888888889
8lg8A_zFOmg.004.1.jpg,0.19626168224299068,0.18749999999999997,0.21978021978021975,0.21359223300970873,0.4777777777777778
8lg8A_zFOmg.004.2.jpg,0.19626168224299068,0.18749999999999997,0.21978021978021975,0.21359223300970873,0.4777777777777778
8lg8A_zFOmg.004.3.jpg,0.19626168224299068,0.18749999999999997,0.21978021978021975,0.21359223300970873,0.4777777777777778
8lg8A_zFOmg.004.4.jpg,0.19626168224299068,0.18749999999999997,0.21978021978021975,0.21359223300970873,0.4777777777777778
FTk2SCmJI_w.000.1.jpg,0.37383177570093457,0.65625,0.5714285714285714,0.5922330097087379,0.6666666666666666
FTk2SCmJI_w.000.2.jpg,0.37383177570093457,0.65625,0.5714285714285714,0.5922330097087379,0.6666666666666666
FTk2SCmJI_w.000.3.jpg,0.37383177570093457,0.65625,0.5714285714285714,0.5922330097087379,0.6666666666666666
FTk2SCmJI_w.000.4.jpg,0.37383177570093457,0.65625,0.5714285714285714,0.5922330097087379,0.6666666666666666
xrxAyO8pKUo.001.1.jpg,0.6448598130841123,0.6041666666666666,0.5384615384615384,0.7961165048543688,0.711111111111111
xrxAyO8pKUo.001.2.jpg,0.6448598130841123,0.6041666666666666,0.5384615384615384,0.7961165048543688,0.711111111111111
xrxAyO8pKUo.001.3.jpg,0.6448598130841123,0.6041666666666666,0.5384615384615384,0.7961165048543688,0.711111111111111
xrxAyO8pKUo.001.4.jpg,0.6448598130841123,0.6041666666666666,0.5384615384615384,0.7961165048543688,0.711111111111111
slE2PWIwzus.003.1.jpg,0.7383177570093458,0.8020833333333334,0.7582417582417583,0.8446601941747574,0.7555555555555554
slE2PWIwzus.003.2.jpg,0.7383177570093458,0.8020833333333334,0.7582417582417583,0.8446601941747574,0.7555555555555554
slE2PWIwzus.003.3.jpg,0.7383177570093458,0.8020833333333334,0.7582417582417583,0.8446601941747574,0.7555555555555554
slE2PWIwzus.003.4.jpg,0.7383177570093458,0.8020833333333334,0.7582417582417583,0.8446601941747574,0.7555555555555554
2oEUp9sGRGk.003.1.jpg,0.5794392523364487,0.6979166666666666,0.7032967032967032,0.6796116504854369,0.611111111111111
2oEUp9sGRGk.003.2.jpg,0.5794392523364487,0.6979166666666666,0.7032967032967032,0.6796116504854369,0.611111111111111
2oEUp9sGRGk.003.3.jpg,0.5794392523364487,0.6979166666666666,0.7032967032967032,0.6796116504854369,0.611111111111111
2oEUp9sGRGk.003.4.jpg,0.5794392523364487,0.6979166666666666,0.7032967032967032,0.6796116504854369,0.611111111111111
05l5bteT_qA.004.1.jpg,0.4392523364485981,0.37499999999999994,0.4395604395604395,0.4174757281553398,0.7
05l5bteT_qA.004.2.jpg,0.4392523364485981,0.37499999999999994,0.4395604395604395,0.4174757281553398,0.7
05l5bteT_qA.004.3.jpg,0.4392523364485981,0.37499999999999994,0.4395604395604395,0.4174757281553398,0.7
05l5bteT_qA.004.4.jpg,0.4392523364485981,0.37499999999999994,0.4395604395604395,0.4174757281553398,0.7
A1lbD_OCuj4.002.1.jpg,0.29906542056074764,0.6145833333333333,0.6923076923076923,0.6310679611650486,0.5777777777777777
A1lbD_OCuj4.002.2.jpg,0.29906542056074764,0.6145833333333333,0.6923076923076923,0.6310679611650486,0.5777777777777777
A1lbD_OCuj4.002.3.jpg,0.29906542056074764,0.6145833333333333,0.6923076923076923,0.6310679611650486,0.5777777777777777
A1lbD_OCuj4.002.4.jpg,0.29906542056074764,0.6145833333333333,0.6923076923076923,0.6310679611650486,0.5777777777777777
HhC2cGFFZeY.002.1.jpg,0.3271028037383178,0.3333333333333333,0.3626373626373627,0.4563106796116505,0.32222222222222224
HhC2cGFFZeY.002.2.jpg,0.3271028037383178,0.3333333333333333,0.3626373626373627,0.4563106796116505,0.32222222222222224
HhC2cGFFZeY.002.3.jpg,0.3271028037383178,0.3333333333333333,0.3626373626373627,0.4563106796116505,0.32222222222222224
HhC2cGFFZeY.002.4.jpg,0.3271028037383178,0.3333333333333333,0.3626373626373627,0.4563106796116505,0.32222222222222224
0axZSeaUbfs.003.1.jpg,0.38317757009345793,0.42708333333333337,0.5274725274725275,0.23300970873786406,0.4222222222222222
0axZSeaUbfs.003.2.jpg,0.38317757009345793,0.42708333333333337,0.5274725274725275,0.23300970873786406,0.4222222222222222
0axZSeaUbfs.003.3.jpg,0.38317757009345793,0.42708333333333337,0.5274725274725275,0.23300970873786406,0.4222222222222222
0axZSeaUbfs.003.4.jpg,0.38317757009345793,0.42708333333333337,0.5274725274725275,0.23300970873786406,0.4222222222222222
4b-LkHBGWp4.005.1.jpg,0.7009345794392524,0.65625,0.5934065934065933,0.7184466019417477,0.7888888888888888
4b-LkHBGWp4.005.2.jpg,0.7009345794392524,0.65625,0.5934065934065933,0.7184466019417477,0.7888888888888888
4b-LkHBGWp4.005.3.jpg,0.7009345794392524,0.65625,0.5934065934065933,0.7184466019417477,0.7888888888888888
4b-LkHBGWp4.005.4.jpg,0.7009345794392524,0.65625,0.5934065934065933,0.7184466019417477,0.7888888888888888
5TYuLy7JLj4.003.1.jpg,0.30841121495327106,0.46875,0.3736263736263736,0.5339805825242718,0.43333333333333335
5TYuLy7JLj4.003.2.jpg,0.30841121495327106,0.46875,0.3736263736263736,0.5339805825242718,0.43333333333333335
5TYuLy7JLj4.003.3.jpg,0.30841121495327106,0.46875,0.3736263736263736,0.5339805825242718,0.43333333333333335
5TYuLy7JLj4.003.4.jpg,0.30841121495327106,0.46875,0.3736263736263736,0.5339805825242718,0.43333333333333335
2d6btbaNdfo.003.1.jpg,0.4299065420560748,0.4166666666666667,0.5494505494505494,0.5728155339805825,0.5333333333333333
2d6btbaNdfo.003.2.jpg,0.4299065420560748,0.4166666666666667,0.5494505494505494,0.5728155339805825,0.5333333333333333
2d6btbaNdfo.003.3.jpg,0.4299065420560748,0.4166666666666667,0.5494505494505494,0.5728155339805825,0.5333333333333333
2d6btbaNdfo.003.4.jpg,0.4299065420560748,0.4166666666666667,0.5494505494505494,0.5728155339805825,0.5333333333333333
tEQEKN07KgQ.002.1.jpg,0.39252336448598135,0.46875,0.5934065934065933,0.3495145631067961,0.38888888888888895
tEQEKN07KgQ.002.2.jpg,0.39252336448598135,0.46875,0.5934065934065933,0.3495145631067961,0.38888888888888895
tEQEKN07KgQ.002.3.jpg,0.39252336448598135,0.46875,0.5934065934065933,0.3495145631067961,0.38888888888888895
tEQEKN07KgQ.002.4.jpg,0.39252336448598135,0.46875,0.5934065934065933,0.3495145631067961,0.38888888888888895
kY_4WyAXxrQ.005.1.jpg,0.3457943925233645,0.34374999999999994,0.4835164835164835,0.47572815533980584,0.41111111111111115
kY_4WyAXxrQ.005.2.jpg,0.3457943925233645,0.34374999999999994,0.4835164835164835,0.47572815533980584,0.41111111111111115
kY_4WyAXxrQ.005.3.jpg,0.3457943925233645,0.34374999999999994,0.4835164835164835,0.47572815533980584,0.41111111111111115
kY_4WyAXxrQ.005.4.jpg,0.3457943925233645,0.34374999999999994,0.4835164835164835,0.47572815533980584,0.41111111111111115
vLAHfIjmRMc.003.1.jpg,0.5233644859813085,0.625,0.5604395604395604,0.5048543689320388,0.7555555555555554
vLAHfIjmRMc.003.2.jpg,0.5233644859813085,0.625,0.5604395604395604,0.5048543689320388,0.7555555555555554
vLAHfIjmRMc.003.3.jpg,0.5233644859813085,0.625,0.5604395604395604,0.5048543689320388,0.7555555555555554
vLAHfIjmRMc.003.4.jpg,0.5233644859813085,0.625,0.5604395604395604,0.5048543689320388,0.7555555555555554
MCqC9VBT4q4.001.1.jpg,0.47663551401869164,0.4166666666666667,0.5164835164835165,0.42718446601941745,0.5888888888888889
MCqC9VBT4q4.001.2.jpg,0.47663551401869164,0.4166666666666667,0.5164835164835165,0.42718446601941745,0.5888888888888889
MCqC9VBT4q4.001.3.jpg,0.47663551401869164,0.4166666666666667,0.5164835164835165,0.42718446601941745,0.5888888888888889
MCqC9VBT4q4.001.4.jpg,0.47663551401869164,0.4166666666666667,0.5164835164835165,0.42718446601941745,0.5888888888888889
ivpw58MIRtQ.004.1.jpg,0.6355140186915887,0.6145833333333333,0.7472527472527474,0.7281553398058251,0.6555555555555556
ivpw58MIRtQ.004.2.jpg,0.6355140186915887,0.6145833333333333,0.7472527472527474,0.7281553398058251,0.6555555555555556
ivpw58MIRtQ.004.3.jpg,0.6355140186915887,0.6145833333333333,0.7472527472527474,0.7281553398058251,0.6555555555555556
ivpw58MIRtQ.004.4.jpg,0.6355140186915887,0.6145833333333333,0.7472527472527474,0.7281553398058251,0.6555555555555556
1-GgVRmAEoo.000.1.jpg,0.7383177570093458,0.5833333333333333,0.6153846153846153,0.5339805825242718,0.7
1-GgVRmAEoo.000.2.jpg,0.7383177570093458,0.5833333333333333,0.6153846153846153,0.5339805825242718,0.7
1-GgVRmAEoo.000.3.jpg,0.7383177570093458,0.5833333333333333,0.6153846153846153,0.5339805825242718,0.7
1-GgVRmAEoo.000.4.jpg,0.7383177570093458,0.5833333333333333,0.6153846153846153,0.5339805825242718,0.7
jmuVZ3HBiWA.005.1.jpg,0.5700934579439253,0.7395833333333333,0.7362637362637363,0.5436893203883495,0.7
jmuVZ3HBiWA.005.2.jpg,0.5700934579439253,0.7395833333333333,0.7362637362637363,0.5436893203883495,0.7
jmuVZ3HBiWA.005.3.jpg,0.5700934579439253,0.7395833333333333,0.7362637362637363,0.5436893203883495,0.7
jmuVZ3HBiWA.005.4.jpg,0.5700934579439253,0.7395833333333333,0.7362637362637363,0.5436893203883495,0.7
lyZZSU1ziCQ.000.1.jpg,0.4485981308411215,0.37499999999999994,0.5604395604395604,0.5533980582524272,0.4444444444444445
lyZZSU1ziCQ.000.2.jpg,0.4485981308411215,0.37499999999999994,0.5604395604395604,0.5533980582524272,0.4444444444444445
lyZZSU1ziCQ.000.3.jpg,0.4485981308411215,0.37499999999999994,0.5604395604395604,0.5533980582524272,0.4444444444444445
lyZZSU1ziCQ.000.4.jpg,0.4485981308411215,0.37499999999999994,0.5604395604395604,0.5533980582524272,0.4444444444444445
KYkfjIZEScM.004.1.jpg,0.30841121495327106,0.5104166666666666,0.3956043956043956,0.6116504854368932,0.4
KYkfjIZEScM.004.2.jpg,0.30841121495327106,0.5104166666666666,0.3956043956043956,0.6116504854368932,0.4
KYkfjIZEScM.004.3.jpg,0.30841121495327106,0.5104166666666666,0.3956043956043956,0.6116504854368932,0.4
KYkfjIZEScM.004.4.jpg,0.30841121495327106,0.5104166666666666,0.3956043956043956,0.6116504854368932,0.4
noepjVnUVFY.004.1.jpg,0.4205607476635514,0.4791666666666667,0.3846153846153846,0.4077669902912622,0.5888888888888889
noepjVnUVFY.004.2.jpg,0.4205607476635514,0.4791666666666667,0.3846153846153846,0.4077669902912622,0.5888888888888889
noepjVnUVFY.004.3.jpg,0.4205607476635514,0.4791666666666667,0.3846153846153846,0.4077669902912622,0.5888888888888889
noepjVnUVFY.004.4.jpg,0.4205607476635514,0.4791666666666667,0.3846153846153846,0.4077669902912622,0.5888888888888889
Q8Hfg0odW2k.000.1.jpg,0.48598130841121495,0.65625,0.5054945054945055,0.6019417475728155,0.6777777777777777
Q8Hfg0odW2k.000.2.jpg,0.48598130841121495,0.65625,0.5054945054945055,0.6019417475728155,0.6777777777777777
Q8Hfg0odW2k.000.3.jpg,0.48598130841121495,0.65625,0.5054945054945055,0.6019417475728155,0.6777777777777777
Q8Hfg0odW2k.000.4.jpg,0.48598130841121495,0.65625,0.5054945054945055,0.6019417475728155,0.6777777777777777
eqXrUXW4yHY.000.1.jpg,0.7009345794392524,0.5833333333333333,0.5604395604395604,0.5339805825242718,0.6777777777777777
eqXrUXW4yHY.000.2.jpg,0.7009345794392524,0.5833333333333333,0.5604395604395604,0.5339805825242718,0.6777777777777777
eqXrUXW4yHY.000.3.jpg,0.7009345794392524,0.5833333333333333,0.5604395604395604,0.5339805825242718,0.6777777777777777
eqXrUXW4yHY.000.4.jpg,0.7009345794392524,0.5833333333333333,0.5604395604395604,0.5339805825242718,0.6777777777777777
fEC3lEDxRnc.003.1.jpg,0.588785046728972,0.5416666666666666,0.5494505494505494,0.3786407766990291,0.611111111111111
fEC3lEDxRnc.003.2.jpg,0.588785046728972,0.5416666666666666,0.5494505494505494,0.3786407766990291,0.611111111111111
fEC3lEDxRnc.003.3.jpg,0.588785046728972,0.5416666666666666,0.5494505494505494,0.3786407766990291,0.611111111111111
fEC3lEDxRnc.003.4.jpg,0.588785046728972,0.5416666666666666,0.5494505494505494,0.3786407766990291,0.611111111111111
do8FmnQbI5I.005.1.jpg,0.5046728971962617,0.5208333333333334,0.6263736263736264,0.6504854368932039,0.7222222222222221
do8FmnQbI5I.005.2.jpg,0.5046728971962617,0.5208333333333334,0.6263736263736264,0.6504854368932039,0.7222222222222221
do8FmnQbI5I.005.3.jpg,0.5046728971962617,0.5208333333333334,0.6263736263736264,0.6504854368932039,0.7222222222222221
do8FmnQbI5I.005.4.jpg,0.5046728971962617,0.5208333333333334,0.6263736263736264,0.6504854368932039,0.7222222222222221
_GFregyrwfo.000.1.jpg,0.5420560747663552,0.7291666666666667,0.5824175824175825,0.7669902912621359,0.6666666666666666
_GFregyrwfo.000.2.jpg,0.5420560747663552,0.7291666666666667,0.5824175824175825,0.7669902912621359,0.6666666666666666
_GFregyrwfo.000.3.jpg,0.5420560747663552,0.7291666666666667,0.5824175824175825,0.7669902912621359,0.6666666666666666
_GFregyrwfo.000.4.jpg,0.5420560747663552,0.7291666666666667,0.5824175824175825,0.7669902912621359,0.6666666666666666
lErjGxBb1Bk.000.1.jpg,0.5327102803738318,0.6041666666666666,0.5934065934065933,0.6699029126213591,0.6
lErjGxBb1Bk.000.2.jpg,0.5327102803738318,0.6041666666666666,0.5934065934065933,0.6699029126213591,0.6
lErjGxBb1Bk.000.3.jpg,0.5327102803738318,0.6041666666666666,0.5934065934065933,0.6699029126213591,0.6
lErjGxBb1Bk.000.4.jpg,0.5327102803738318,0.6041666666666666,0.5934065934065933,0.6699029126213591,0.6
p-OcwNFQB0U.003.1.jpg,0.5046728971962617,0.32291666666666663,0.3406593406593406,0.3203883495145631,0.6
p-OcwNFQB0U.003.2.jpg,0.5046728971962617,0.32291666666666663,0.3406593406593406,0.3203883495145631,0.6
p-OcwNFQB0U.003.3.jpg,0.5046728971962617,0.32291666666666663,0.3406593406593406,0.3203883495145631,0.6
p-OcwNFQB0U.003.4.jpg,0.5046728971962617,0.32291666666666663,0.3406593406593406,0.3203883495145631,0.6
Kbcvurfuvhk.003.1.jpg,0.28037383177570097,0.22916666666666663,0.6263736263736264,0.4660194174757281,0.4444444444444445
Kbcvurfuvhk.003.2.jpg,0.28037383177570097,0.22916666666666663,0.6263736263736264,0.4660194174757281,0.4444444444444445
Kbcvurfuvhk.003.3.jpg,0.28037383177570097,0.22916666666666663,0.6263736263736264,0.4660194174757281,0.4444444444444445
Kbcvurfuvhk.003.4.jpg,0.28037383177570097,0.22916666666666663,0.6263736263736264,0.4660194174757281,0.4444444444444445
pZxqWp0e-Ik.002.1.jpg,0.48598130841121495,0.3645833333333333,0.6813186813186812,0.5048543689320388,0.5888888888888889
pZxqWp0e-Ik.002.2.jpg,0.48598130841121495,0.3645833333333333,0.6813186813186812,0.5048543689320388,0.5888888888888889
pZxqWp0e-Ik.002.3.jpg,0.48598130841121495,0.3645833333333333,0.6813186813186812,0.5048543689320388,0.5888888888888889
pZxqWp0e-Ik.002.4.jpg,0.48598130841121495,0.3645833333333333,0.6813186813186812,0.5048543689320388,0.5888888888888889
EelHLfeSJfM.005.1.jpg,0.4112149532710281,0.37499999999999994,0.5604395604395604,0.3203883495145631,0.5666666666666667
EelHLfeSJfM.005.2.jpg,0.4112149532710281,0.37499999999999994,0.5604395604395604,0.3203883495145631,0.5666666666666667
EelHLfeSJfM.005.3.jpg,0.4112149532710281,0.37499999999999994,0.5604395604395604,0.3203883495145631,0.5666666666666667
EelHLfeSJfM.005.4.jpg,0.4112149532710281,0.37499999999999994,0.5604395604395604,0.3203883495145631,0.5666666666666667
gCQT7zfS7sI.000.1.jpg,0.37383177570093457,0.4166666666666667,0.6043956043956044,0.5728155339805825,0.5555555555555556
gCQT7zfS7sI.000.2.jpg,0.37383177570093457,0.4166666666666667,0.6043956043956044,0.5728155339805825,0.5555555555555556
gCQT7zfS7sI.000.3.jpg,0.37383177570093457,0.4166666666666667,0.6043956043956044,0.5728155339805825,0.5555555555555556
gCQT7zfS7sI.000.4.jpg,0.37383177570093457,0.4166666666666667,0.6043956043956044,0.5728155339805825,0.5555555555555556
s6gN_358tk4.002.1.jpg,0.4485981308411215,0.5208333333333334,0.4835164835164835,0.3980582524271845,0.5
s6gN_358tk4.002.2.jpg,0.4485981308411215,0.5208333333333334,0.4835164835164835,0.3980582524271845,0.5
s6gN_358tk4.002.3.jpg,0.4485981308411215,0.5208333333333334,0.4835164835164835,0.3980582524271845,0.5
s6gN_358tk4.002.4.jpg,0.4485981308411215,0.5208333333333334,0.4835164835164835,0.3980582524271845,0.5
XRoSKIIFp9c.000.1.jpg,0.24299065420560748,0.46875,0.4285714285714285,0.6407766990291262,0.43333333333333335
XRoSKIIFp9c.000.2.jpg,0.24299065420560748,0.46875,0.4285714285714285,0.6407766990291262,0.43333333333333335
XRoSKIIFp9c.000.3.jpg,0.24299065420560748,0.46875,0.4285714285714285,0.6407766990291262,0.43333333333333335
XRoSKIIFp9c.000.4.jpg,0.24299065420560748,0.46875,0.4285714285714285,0.6407766990291262,0.43333333333333335
T3v3-2tvV0s.002.1.jpg,0.2897196261682243,0.4375,0.4835164835164835,0.2912621359223301,0.24444444444444444
T3v3-2tvV0s.002.2.jpg,0.2897196261682243,0.4375,0.4835164835164835,0.2912621359223301,0.24444444444444444
T3v3-2tvV0s.002.3.jpg,0.2897196261682243,0.4375,0.4835164835164835,0.2912621359223301,0.24444444444444444
T3v3-2tvV0s.002.4.jpg,0.2897196261682243,0.4375,0.4835164835164835,0.2912621359223301,0.24444444444444444
obr7ktzX8w8.005.1.jpg,0.16822429906542055,0.12499999999999996,0.2857142857142857,0.2912621359223301,0.3777777777777778
obr7ktzX8w8.005.2.jpg,0.16822429906542055,0.12499999999999996,0.2857142857142857,0.2912621359223301,0.3777777777777778
obr7ktzX8w8.005.3.jpg,0.16822429906542055,0.12499999999999996,0.2857142857142857,0.2912621359223301,0.3777777777777778
obr7ktzX8w8.005.4.jpg,0.16822429906542055,0.12499999999999996,0.2857142857142857,0.2912621359223301,0.3777777777777778
MDoZUDTSayc.002.1.jpg,0.691588785046729,0.6145833333333333,0.813186813186813,0.8155339805825244,0.711111111111111
MDoZUDTSayc.002.2.jpg,0.691588785046729,0.6145833333333333,0.813186813186813,0.8155339805825244,0.711111111111111
MDoZUDTSayc.002.3.jpg,0.691588785046729,0.6145833333333333,0.813186813186813,0.8155339805825244,0.711111111111111
MDoZUDTSayc.002.4.jpg,0.691588785046729,0.6145833333333333,0.813186813186813,0.8155339805825244,0.711111111111111
aptKaxP81xA.001.1.jpg,0.4205607476635514,0.53125,0.5604395604395604,0.6601941747572816,0.5111111111111111
aptKaxP81xA.001.2.jpg,0.4205607476635514,0.53125,0.5604395604395604,0.6601941747572816,0.5111111111111111
aptKaxP81xA.001.3.jpg,0.4205607476635514,0.53125,0.5604395604395604,0.6601941747572816,0.5111111111111111
aptKaxP81xA.001.4.jpg,0.4205607476635514,0.53125,0.5604395604395604,0.6601941747572816,0.5111111111111111
qMARpi60Hhs.003.1.jpg,0.29906542056074764,0.39583333333333337,0.5164835164835165,0.4563106796116505,0.3777777777777778
qMARpi60Hhs.003.2.jpg,0.29906542056074764,0.39583333333333337,0.5164835164835165,0.4563106796116505,0.3777777777777778
qMARpi60Hhs.003.3.jpg,0.29906542056074764,0.39583333333333337,0.5164835164835165,0.4563106796116505,0.3777777777777778
qMARpi60Hhs.003.4.jpg,0.29906542056074764,0.39583333333333337,0.5164835164835165,0.4563106796116505,0.3777777777777778
foj4bqLSmF8.000.1.jpg,0.4018691588785047,0.3125,0.4615384615384615,0.3300970873786408,0.33333333333333337
foj4bqLSmF8.000.2.jpg,0.4018691588785047,0.3125,0.4615384615384615,0.3300970873786408,0.33333333333333337
foj4bqLSmF8.000.3.jpg,0.4018691588785047,0.3125,0.4615384615384615,0.3300970873786408,0.33333333333333337
foj4bqLSmF8.000.4.jpg,0.4018691588785047,0.3125,0.4615384615384615,0.3300970873786408,0.33333333333333337
TjdXLXsOnkw.001.1.jpg,0.7383177570093458,0.7395833333333333,0.6703296703296703,0.5242718446601942,0.7555555555555554
TjdXLXsOnkw.001.2.jpg,0.7383177570093458,0.7395833333333333,0.6703296703296703,0.5242718446601942,0.7555555555555554
TjdXLXsOnkw.001.3.jpg,0.7383177570093458,0.7395833333333333,0.6703296703296703,0.5242718446601942,0.7555555555555554
TjdXLXsOnkw.001.4.jpg,0.7383177570093458,0.7395833333333333,0.6703296703296703,0.5242718446601942,0.7555555555555554
s-jZlMKQGwc.005.1.jpg,0.4485981308411215,0.59375,0.5824175824175825,0.5339805825242718,0.5666666666666667
s-jZlMKQGwc.005.2.jpg,0.4485981308411215,0.59375,0.5824175824175825,0.5339805825242718,0.5666666666666667
s-jZlMKQGwc.005.3.jpg,0.4485981308411215,0.59375,0.5824175824175825,0.5339805825242718,0.5666666666666667
s-jZlMKQGwc.005.4.jpg,0.4485981308411215,0.59375,0.5824175824175825,0.5339805825242718,0.5666666666666667
Gs-AdRcYSPo.003.1.jpg,0.7102803738317757,0.7916666666666667,0.6153846153846153,0.8058252427184466,0.8222222222222221
Gs-AdRcYSPo.003.2.jpg,0.7102803738317757,0.7916666666666667,0.6153846153846153,0.8058252427184466,0.8222222222222221
Gs-AdRcYSPo.003.3.jpg,0.7102803738317757,0.7916666666666667,0.6153846153846153,0.8058252427184466,0.8222222222222221
Gs-AdRcYSPo.003.4.jpg,0.7102803738317757,0.7916666666666667,0.6153846153846153,0.8058252427184466,0.8222222222222221
p7-JUvStF4w.001.1.jpg,0.5700934579439253,0.4375,0.5824175824175825,0.4563106796116505,0.6666666666666666
p7-JUvStF4w.001.2.jpg,0.5700934579439253,0.4375,0.5824175824175825,0.4563106796116505,0.6666666666666666
p7-JUvStF4w.001.3.jpg,0.5700934579439253,0.4375,0.5824175824175825,0.4563106796116505,0.6666666666666666
p7-JUvStF4w.001.4.jpg,0.5700934579439253,0.4375,0.5824175824175825,0.4563106796116505,0.6666666666666666
4fN-DKUzgWQ.002.1.jpg,0.5607476635514019,0.6979166666666666,0.5824175824175825,0.6699029126213591,0.6222222222222222
4fN-DKUzgWQ.002.2.jpg,0.5607476635514019,0.6979166666666666,0.5824175824175825,0.6699029126213591,0.6222222222222222
4fN-DKUzgWQ.002.3.jpg,0.5607476635514019,0.6979166666666666,0.5824175824175825,0.6699029126213591,0.6222222222222222
4fN-DKUzgWQ.002.4.jpg,0.5607476635514019,0.6979166666666666,0.5824175824175825,0.6699029126213591,0.6222222222222222
TSGpD2NBeCQ.000.1.jpg,0.4672897196261683,0.4479166666666667,0.7142857142857143,0.4466019417475728,0.5888888888888889
TSGpD2NBeCQ.000.2.jpg,0.4672897196261683,0.4479166666666667,0.7142857142857143,0.4466019417475728,0.5888888888888889
TSGpD2NBeCQ.000.3.jpg,0.4672897196261683,0.4479166666666667,0.7142857142857143,0.4466019417475728,0.5888888888888889
TSGpD2NBeCQ.000.4.jpg,0.4672897196261683,0.4479166666666667,0.7142857142857143,0.4466019417475728,0.5888888888888889
SFxiMxHvJuo.002.1.jpg,0.5420560747663552,0.4791666666666667,0.4285714285714285,0.42718446601941745,0.6333333333333333
SFxiMxHvJuo.002.2.jpg,0.5420560747663552,0.4791666666666667,0.4285714285714285,0.42718446601941745,0.6333333333333333
SFxiMxHvJuo.002.3.jpg,0.5420560747663552,0.4791666666666667,0.4285714285714285,0.42718446601941745,0.6333333333333333
SFxiMxHvJuo.002.4.jpg,0.5420560747663552,0.4791666666666667,0.4285714285714285,0.42718446601941745,0.6333333333333333
b2Y41GrCrPs.004.1.jpg,0.5046728971962617,0.53125,0.5604395604395604,0.4368932038834952,0.6444444444444444
b2Y41GrCrPs.004.2.jpg,0.5046728971962617,0.53125,0.5604395604395604,0.4368932038834952,0.6444444444444444
b2Y41GrCrPs.004.3.jpg,0.5046728971962617,0.53125,0.5604395604395604,0.4368932038834952,0.6444444444444444
b2Y41GrCrPs.004.4.jpg,0.5046728971962617,0.53125,0.5604395604395604,0.4368932038834952,0.6444444444444444
UCKiPkp4ZkA.002.1.jpg,0.47663551401869164,0.5208333333333334,0.6813186813186812,0.5728155339805825,0.6222222222222222
UCKiPkp4ZkA.002.2.jpg,0.47663551401869164,0.5208333333333334,0.6813186813186812,0.5728155339805825,0.6222222222222222
UCKiPkp4ZkA.002.3.jpg,0.47663551401869164,0.5208333333333334,0.6813186813186812,0.5728155339805825,0.6222222222222222
UCKiPkp4ZkA.002.4.jpg,0.47663551401869164,0.5208333333333334,0.6813186813186812,0.5728155339805825,0.6222222222222222
hspeWl-Bip0.000.1.jpg,0.6448598130841123,0.7395833333333333,0.6153846153846153,0.7281553398058251,0.7333333333333333
hspeWl-Bip0.000.2.jpg,0.6448598130841123,0.7395833333333333,0.6153846153846153,0.7281553398058251,0.7333333333333333
hspeWl-Bip0.000.3.jpg,0.6448598130841123,0.7395833333333333,0.6153846153846153,0.7281553398058251,0.7333333333333333
hspeWl-Bip0.000.4.jpg,0.6448598130841123,0.7395833333333333,0.6153846153846153,0.7281553398058251,0.7333333333333333
KfurkMyjD-c.000.1.jpg,0.5514018691588786,0.5520833333333334,0.5494505494505494,0.4951456310679611,0.6777777777777777
KfurkMyjD-c.000.2.jpg,0.5514018691588786,0.5520833333333334,0.5494505494505494,0.4951456310679611,0.6777777777777777
KfurkMyjD-c.000.3.jpg,0.5514018691588786,0.5520833333333334,0.5494505494505494,0.4951456310679611,0.6777777777777777
KfurkMyjD-c.000.4.jpg,0.5514018691588786,0.5520833333333334,0.5494505494505494,0.4951456310679611,0.6777777777777777
XtI2ju2a8iM.003.1.jpg,0.47663551401869164,0.5208333333333334,0.4945054945054945,0.3786407766990291,0.5888888888888889
XtI2ju2a8iM.003.2.jpg,0.47663551401869164,0.5208333333333334,0.4945054945054945,0.3786407766990291,0.5888888888888889
XtI2ju2a8iM.003.3.jpg,0.47663551401869164,0.5208333333333334,0.4945054945054945,0.3786407766990291,0.5888888888888889
XtI2ju2a8iM.003.4.jpg,0.47663551401869164,0.5208333333333334,0.4945054945054945,0.3786407766990291,0.5888888888888889
keW8-eSiQ70.002.1.jpg,0.5140186915887851,0.35416666666666663,0.5494505494505494,0.2524271844660194,0.4444444444444445
keW8-eSiQ70.002.2.jpg,0.5140186915887851,0.35416666666666663,0.5494505494505494,0.2524271844660194,0.4444444444444445
keW8-eSiQ70.002.3.jpg,0.5140186915887851,0.35416666666666663,0.5494505494505494,0.2524271844660194,0.4444444444444445
keW8-eSiQ70.002.4.jpg,0.5140186915887851,0.35416666666666663,0.5494505494505494,0.2524271844660194,0.4444444444444445
sSR1a5XW7n4.005.1.jpg,0.26168224299065423,0.35416666666666663,0.4065934065934066,0.5339805825242718,0.3
sSR1a5XW7n4.005.2.jpg,0.26168224299065423,0.35416666666666663,0.4065934065934066,0.5339805825242718,0.3
sSR1a5XW7n4.005.3.jpg,0.26168224299065423,0.35416666666666663,0.4065934065934066,0.5339805825242718,0.3
sSR1a5XW7n4.005.4.jpg,0.26168224299065423,0.35416666666666663,0.4065934065934066,0.5339805825242718,0.3
alucqviYJFE.000.1.jpg,0.5420560747663552,0.625,0.6703296703296703,0.6407766990291262,0.7444444444444444
alucqviYJFE.000.2.jpg,0.5420560747663552,0.625,0.6703296703296703,0.6407766990291262,0.7444444444444444
alucqviYJFE.000.3.jpg,0.5420560747663552,0.625,0.6703296703296703,0.6407766990291262,0.7444444444444444
alucqviYJFE.000.4.jpg,0.5420560747663552,0.625,0.6703296703296703,0.6407766990291262,0.7444444444444444
xHb5_bc1JOA.005.1.jpg,0.2897196261682243,0.3333333333333333,0.3846153846153846,0.5436893203883495,0.4444444444444445
xHb5_bc1JOA.005.2.jpg,0.2897196261682243,0.3333333333333333,0.3846153846153846,0.5436893203883495,0.4444444444444445
xHb5_bc1JOA.005.3.jpg,0.2897196261682243,0.3333333333333333,0.3846153846153846,0.5436893203883495,0.4444444444444445
xHb5_bc1JOA.005.4.jpg,0.2897196261682243,0.3333333333333333,0.3846153846153846,0.5436893203883495,0.4444444444444445
oGa05H9UXxU.000.1.jpg,0.1588785046728972,0.21874999999999997,0.3406593406593406,0.24271844660194175,0.3555555555555556
oGa05H9UXxU.000.2.jpg,0.1588785046728972,0.21874999999999997,0.3406593406593406,0.24271844660194175,0.3555555555555556
oGa05H9UXxU.000.3.jpg,0.1588785046728972,0.21874999999999997,0.3406593406593406,0.24271844660194175,0.3555555555555556
oGa05H9UXxU.000.4.jpg,0.1588785046728972,0.21874999999999997,0.3406593406593406,0.24271844660194175,0.3555555555555556
c5ZnKbaNCE8.002.1.jpg,0.24299065420560748,0.29166666666666663,0.4065934065934066,0.3300970873786408,0.3666666666666667
c5ZnKbaNCE8.002.2.jpg,0.24299065420560748,0.29166666666666663,0.4065934065934066,0.3300970873786408,0.3666666666666667
c5ZnKbaNCE8.002.3.jpg,0.24299065420560748,0.29166666666666663,0.4065934065934066,0.3300970873786408,0.3666666666666667
c5ZnKbaNCE8.002.4.jpg,0.24299065420560748,0.29166666666666663,0.4065934065934066,0.3300970873786408,0.3666666666666667
w7wPDiQkiA4.000.1.jpg,0.36448598130841126,0.46875,0.5054945054945055,0.7766990291262136,0.5666666666666667
w7wPDiQkiA4.000.2.jpg,0.36448598130841126,0.46875,0.5054945054945055,0.7766990291262136,0.5666666666666667
w7wPDiQkiA4.000.3.jpg,0.36448598130841126,0.46875,0.5054945054945055,0.7766990291262136,0.5666666666666667
w7wPDiQkiA4.000.4.jpg,0.36448598130841126,0.46875,0.5054945054945055,0.7766990291262136,0.5666666666666667
frEf7Kz1Usk.000.1.jpg,0.4112149532710281,0.5416666666666666,0.4835164835164835,0.3786407766990291,0.5111111111111111
frEf7Kz1Usk.000.2.jpg,0.4112149532710281,0.5416666666666666,0.4835164835164835,0.3786407766990291,0.5111111111111111
frEf7Kz1Usk.000.3.jpg,0.4112149532710281,0.5416666666666666,0.4835164835164835,0.3786407766990291,0.5111111111111111
frEf7Kz1Usk.000.4.jpg,0.4112149532710281,0.5416666666666666,0.4835164835164835,0.3786407766990291,0.5111111111111111
-agCXYgb7pI.000.1.jpg,0.4579439252336449,0.5520833333333334,0.6153846153846153,0.7281553398058251,0.7
-agCXYgb7pI.000.2.jpg,0.4579439252336449,0.5520833333333334,0.6153846153846153,0.7281553398058251,0.7
-agCXYgb7pI.000.3.jpg,0.4579439252336449,0.5520833333333334,0.6153846153846153,0.7281553398058251,0.7
-agCXYgb7pI.000.4.jpg,0.4579439252336449,0.5520833333333334,0.6153846153846153,0.7281553398058251,0.7
NOrjfF0-pQ4.000.1.jpg,0.4672897196261683,0.6458333333333333,0.5714285714285714,0.6310679611650486,0.5444444444444444
NOrjfF0-pQ4.000.2.jpg,0.4672897196261683,0.6458333333333333,0.5714285714285714,0.6310679611650486,0.5444444444444444
NOrjfF0-pQ4.000.3.jpg,0.4672897196261683,0.6458333333333333,0.5714285714285714,0.6310679611650486,0.5444444444444444
NOrjfF0-pQ4.000.4.jpg,0.4672897196261683,0.6458333333333333,0.5714285714285714,0.6310679611650486,0.5444444444444444
itQ2wSlXqCw.002.1.jpg,0.7102803738317757,0.7083333333333334,0.7472527472527474,0.6699029126213591,0.7777777777777777
itQ2wSlXqCw.002.2.jpg,0.7102803738317757,0.7083333333333334,0.7472527472527474,0.6699029126213591,0.7777777777777777
itQ2wSlXqCw.002.3.jpg,0.7102803738317757,0.7083333333333334,0.7472527472527474,0.6699029126213591,0.7777777777777777
itQ2wSlXqCw.002.4.jpg,0.7102803738317757,0.7083333333333334,0.7472527472527474,0.6699029126213591,0.7777777777777777
kKRc2aXzQyM.003.1.jpg,0.4953271028037384,0.6770833333333334,0.6593406593406592,0.47572815533980584,0.6666666666666666
kKRc2aXzQyM.003.2.jpg,0.4953271028037384,0.6770833333333334,0.6593406593406592,0.47572815533980584,0.6666666666666666
kKRc2aXzQyM.003.3.jpg,0.4953271028037384,0.6770833333333334,0.6593406593406592,0.47572815533980584,0.6666666666666666
kKRc2aXzQyM.003.4.jpg,0.4953271028037384,0.6770833333333334,0.6593406593406592,0.47572815533980584,0.6666666666666666
YdxS3f4HXaA.004.1.jpg,0.30841121495327106,0.40625000000000006,0.4065934065934066,0.3980582524271845,0.38888888888888895
YdxS3f4HXaA.004.2.jpg,0.30841121495327106,0.40625000000000006,0.4065934065934066,0.3980582524271845,0.38888888888888895
YdxS3f4HXaA.004.3.jpg,0.30841121495327106,0.40625000000000006,0.4065934065934066,0.3980582524271845,0.38888888888888895
YdxS3f4HXaA.004.4.jpg,0.30841121495327106,0.40625000000000006,0.4065934065934066,0.3980582524271845,0.38888888888888895
Jr6GmDtvTK0.001.1.jpg,0.3457943925233645,0.3854166666666667,0.3626373626373627,0.3495145631067961,0.4666666666666667
Jr6GmDtvTK0.001.2.jpg,0.3457943925233645,0.3854166666666667,0.3626373626373627,0.3495145631067961,0.4666666666666667
Jr6GmDtvTK0.001.3.jpg,0.3457943925233645,0.3854166666666667,0.3626373626373627,0.3495145631067961,0.4666666666666667
Jr6GmDtvTK0.001.4.jpg,0.3457943925233645,0.3854166666666667,0.3626373626373627,0.3495145631067961,0.4666666666666667
EjhDyc8Oc6k.005.1.jpg,0.5794392523364487,0.59375,0.4065934065934066,0.5728155339805825,0.5777777777777777
EjhDyc8Oc6k.005.2.jpg,0.5794392523364487,0.59375,0.4065934065934066,0.5728155339805825,0.5777777777777777
EjhDyc8Oc6k.005.3.jpg,0.5794392523364487,0.59375,0.4065934065934066,0.5728155339805825,0.5777777777777777
EjhDyc8Oc6k.005.4.jpg,0.5794392523364487,0.59375,0.4065934065934066,0.5728155339805825,0.5777777777777777
ZNymNgd5EuQ.002.1.jpg,0.588785046728972,0.6770833333333334,0.6923076923076923,0.7669902912621359,0.611111111111111
ZNymNgd5EuQ.002.2.jpg,0.588785046728972,0.6770833333333334,0.6923076923076923,0.7669902912621359,0.611111111111111
ZNymNgd5EuQ.002.3.jpg,0.588785046728972,0.6770833333333334,0.6923076923076923,0.7669902912621359,0.611111111111111
ZNymNgd5EuQ.002.4.jpg,0.588785046728972,0.6770833333333334,0.6923076923076923,0.7669902912621359,0.611111111111111
7vF5WLD1RxY.000.1.jpg,0.37383177570093457,0.37499999999999994,0.3406593406593406,0.4466019417475728,0.34444444444444444
7vF5WLD1RxY.000.2.jpg,0.37383177570093457,0.37499999999999994,0.3406593406593406,0.4466019417475728,0.34444444444444444
7vF5WLD1RxY.000.3.jpg,0.37383177570093457,0.37499999999999994,0.3406593406593406,0.4466019417475728,0.34444444444444444
7vF5WLD1RxY.000.4.jpg,0.37383177570093457,0.37499999999999994,0.3406593406593406,0.4466019417475728,0.34444444444444444
SBPcIiyUHhE.000.1.jpg,0.5327102803738318,0.5208333333333334,0.6703296703296703,0.5145631067961165,0.6444444444444444
SBPcIiyUHhE.000.2.jpg,0.5327102803738318,0.5208333333333334,0.6703296703296703,0.5145631067961165,0.6444444444444444
SBPcIiyUHhE.000.3.jpg,0.5327102803738318,0.5208333333333334,0.6703296703296703,0.5145631067961165,0.6444444444444444
SBPcIiyUHhE.000.4.jpg,0.5327102803738318,0.5208333333333334,0.6703296703296703,0.5145631067961165,0.6444444444444444
PQBGDxYGaXU.000.1.jpg,0.4485981308411215,0.7187499999999999,0.5384615384615384,0.6310679611650486,0.811111111111111
PQBGDxYGaXU.000.2.jpg,0.4485981308411215,0.7187499999999999,0.5384615384615384,0.6310679611650486,0.811111111111111
PQBGDxYGaXU.000.3.jpg,0.4485981308411215,0.7187499999999999,0.5384615384615384,0.6310679611650486,0.811111111111111
PQBGDxYGaXU.000.4.jpg,0.4485981308411215,0.7187499999999999,0.5384615384615384,0.6310679611650486,0.811111111111111
9ydyJKZBWiA.004.1.jpg,0.37383177570093457,0.35416666666666663,0.5714285714285714,0.4174757281553398,0.43333333333333335
9ydyJKZBWiA.004.2.jpg,0.37383177570093457,0.35416666666666663,0.5714285714285714,0.4174757281553398,0.43333333333333335
9ydyJKZBWiA.004.3.jpg,0.37383177570093457,0.35416666666666663,0.5714285714285714,0.4174757281553398,0.43333333333333335
9ydyJKZBWiA.004.4.jpg,0.37383177570093457,0.35416666666666663,0.5714285714285714,0.4174757281553398,0.43333333333333335
XbsA_lCKQLs.005.1.jpg,0.4018691588785047,0.7395833333333333,0.6593406593406592,0.5242718446601942,0.611111111111111
XbsA_lCKQLs.005.2.jpg,0.4018691588785047,0.7395833333333333,0.6593406593406592,0.5242718446601942,0.611111111111111
XbsA_lCKQLs.005.3.jpg,0.4018691588785047,0.7395833333333333,0.6593406593406592,0.5242718446601942,0.611111111111111
XbsA_lCKQLs.005.4.jpg,0.4018691588785047,0.7395833333333333,0.6593406593406592,0.5242718446601942,0.611111111111111
dmycfNpiWCE.003.1.jpg,0.5514018691588786,0.6875,0.6483516483516484,0.6407766990291262,0.611111111111111
dmycfNpiWCE.003.2.jpg,0.5514018691588786,0.6875,0.6483516483516484,0.6407766990291262,0.611111111111111
dmycfNpiWCE.003.3.jpg,0.5514018691588786,0.6875,0.6483516483516484,0.6407766990291262,0.611111111111111
dmycfNpiWCE.003.4.jpg,0.5514018691588786,0.6875,0.6483516483516484,0.6407766990291262,0.611111111111111
yOzHZOg95Ug.002.1.jpg,0.13084112149532712,0.21874999999999997,0.3626373626373627,0.23300970873786406,0.3
yOzHZOg95Ug.002.2.jpg,0.13084112149532712,0.21874999999999997,0.3626373626373627,0.23300970873786406,0.3
yOzHZOg95Ug.002.3.jpg,0.13084112149532712,0.21874999999999997,0.3626373626373627,0.23300970873786406,0.3
yOzHZOg95Ug.002.4.jpg,0.13084112149532712,0.21874999999999997,0.3626373626373627,0.23300970873786406,0.3
N5YT0FFd3-s.003.1.jpg,0.5233644859813085,0.5833333333333333,0.6593406593406592,0.6990291262135921,0.6666666666666666
N5YT0FFd3-s.003.2.jpg,0.5233644859813085,0.5833333333333333,0.6593406593406592,0.6990291262135921,0.6666666666666666
N5YT0FFd3-s.003.3.jpg,0.5233644859813085,0.5833333333333333,0.6593406593406592,0.6990291262135921,0.6666666666666666
N5YT0FFd3-s.003.4.jpg,0.5233644859813085,0.5833333333333333,0.6593406593406592,0.6990291262135921,0.6666666666666666
O2wMPdp2-Is.005.1.jpg,0.5981308411214954,0.6666666666666667,0.5164835164835165,0.6019417475728155,0.6888888888888889
O2wMPdp2-Is.005.2.jpg,0.5981308411214954,0.6666666666666667,0.5164835164835165,0.6019417475728155,0.6888888888888889
O2wMPdp2-Is.005.3.jpg,0.5981308411214954,0.6666666666666667,0.5164835164835165,0.6019417475728155,0.6888888888888889
O2wMPdp2-Is.005.4.jpg,0.5981308411214954,0.6666666666666667,0.5164835164835165,0.6019417475728155,0.6888888888888889
l3IoZ_QmOQo.002.1.jpg,0.588785046728972,0.6145833333333333,0.5934065934065933,0.5533980582524272,0.6666666666666666
l3IoZ_QmOQo.002.2.jpg,0.588785046728972,0.6145833333333333,0.5934065934065933,0.5533980582524272,0.6666666666666666
l3IoZ_QmOQo.002.3.jpg,0.588785046728972,0.6145833333333333,0.5934065934065933,0.5533980582524272,0.6666666666666666
l3IoZ_QmOQo.002.4.jpg,0.588785046728972,0.6145833333333333,0.5934065934065933,0.5533980582524272,0.6666666666666666
VJf0lkXcy2A.000.1.jpg,0.4579439252336449,0.4895833333333333,0.5164835164835165,0.4563106796116505,0.4444444444444445
VJf0lkXcy2A.000.2.jpg,0.4579439252336449,0.4895833333333333,0.5164835164835165,0.4563106796116505,0.4444444444444445
VJf0lkXcy2A.000.3.jpg,0.4579439252336449,0.4895833333333333,0.5164835164835165,0.4563106796116505,0.4444444444444445
VJf0lkXcy2A.000.4.jpg,0.4579439252336449,0.4895833333333333,0.5164835164835165,0.4563106796116505,0.4444444444444445
feg-RNvT-t0.003.1.jpg,0.36448598130841126,0.2708333333333333,0.4395604395604395,0.3495145631067961,0.3666666666666667
feg-RNvT-t0.003.2.jpg,0.36448598130841126,0.2708333333333333,0.4395604395604395,0.3495145631067961,0.3666666666666667
feg-RNvT-t0.003.3.jpg,0.36448598130841126,0.2708333333333333,0.4395604395604395,0.3495145631067961,0.3666666666666667
feg-RNvT-t0.003.4.jpg,0.36448598130841126,0.2708333333333333,0.4395604395604395,0.3495145631067961,0.3666666666666667
LRU4jLhKaak.005.1.jpg,0.7570093457943926,0.7916666666666667,0.6373626373626373,0.8640776699029126,0.8999999999999999
LRU4jLhKaak.005.2.jpg,0.7570093457943926,0.7916666666666667,0.6373626373626373,0.8640776699029126,0.8999999999999999
LRU4jLhKaak.005.3.jpg,0.7570093457943926,0.7916666666666667,0.6373626373626373,0.8640776699029126,0.8999999999999999
LRU4jLhKaak.005.4.jpg,0.7570093457943926,0.7916666666666667,0.6373626373626373,0.8640776699029126,0.8999999999999999
jlHKgXrxCu8.002.1.jpg,0.4485981308411215,0.5208333333333334,0.5604395604395604,0.6310679611650486,0.4888888888888889
jlHKgXrxCu8.002.2.jpg,0.4485981308411215,0.5208333333333334,0.5604395604395604,0.6310679611650486,0.4888888888888889
jlHKgXrxCu8.002.3.jpg,0.4485981308411215,0.5208333333333334,0.5604395604395604,0.6310679611650486,0.4888888888888889
jlHKgXrxCu8.002.4.jpg,0.4485981308411215,0.5208333333333334,0.5604395604395604,0.6310679611650486,0.4888888888888889
6inqwyJPQ6k.002.1.jpg,0.5981308411214954,0.6666666666666667,0.7032967032967032,0.5339805825242718,0.6555555555555556
6inqwyJPQ6k.002.2.jpg,0.5981308411214954,0.6666666666666667,0.7032967032967032,0.5339805825242718,0.6555555555555556
6inqwyJPQ6k.002.3.jpg,0.5981308411214954,0.6666666666666667,0.7032967032967032,0.5339805825242718,0.6555555555555556
6inqwyJPQ6k.002.4.jpg,0.5981308411214954,0.6666666666666667,0.7032967032967032,0.5339805825242718,0.6555555555555556
me5UoRny6NU.000.1.jpg,0.4953271028037384,0.5729166666666666,0.3736263736263736,0.4660194174757281,0.5777777777777777
me5UoRny6NU.000.2.jpg,0.4953271028037384,0.5729166666666666,0.3736263736263736,0.4660194174757281,0.5777777777777777
me5UoRny6NU.000.3.jpg,0.4953271028037384,0.5729166666666666,0.3736263736263736,0.4660194174757281,0.5777777777777777
me5UoRny6NU.000.4.jpg,0.4953271028037384,0.5729166666666666,0.3736263736263736,0.4660194174757281,0.5777777777777777
o_kTWEEjtyw.000.1.jpg,0.19626168224299068,0.20833333333333331,0.14285714285714282,0.24271844660194175,0.15555555555555559
o_kTWEEjtyw.000.2.jpg,0.19626168224299068,0.20833333333333331,0.14285714285714282,0.24271844660194175,0.15555555555555559
o_kTWEEjtyw.000.3.jpg,0.19626168224299068,0.20833333333333331,0.14285714285714282,0.24271844660194175,0.15555555555555559
o_kTWEEjtyw.000.4.jpg,0.19626168224299068,0.20833333333333331,0.14285714285714282,0.24271844660194175,0.15555555555555559
T3v3-2tvV0s.001.1.jpg,0.25233644859813087,0.3020833333333333,0.4725274725274725,0.33980582524271846,0.3666666666666667
T3v3-2tvV0s.001.2.jpg,0.25233644859813087,0.3020833333333333,0.4725274725274725,0.33980582524271846,0.3666666666666667
T3v3-2tvV0s.001.3.jpg,0.25233644859813087,0.3020833333333333,0.4725274725274725,0.33980582524271846,0.3666666666666667
T3v3-2tvV0s.001.4.jpg,0.25233644859813087,0.3020833333333333,0.4725274725274725,0.33980582524271846,0.3666666666666667
7GRC7XjGzX8.000.1.jpg,0.663551401869159,0.8020833333333334,0.7032967032967032,0.8640776699029126,0.7
7GRC7XjGzX8.000.2.jpg,0.663551401869159,0.8020833333333334,0.7032967032967032,0.8640776699029126,0.7
7GRC7XjGzX8.000.3.jpg,0.663551401869159,0.8020833333333334,0.7032967032967032,0.8640776699029126,0.7
7GRC7XjGzX8.000.4.jpg,0.663551401869159,0.8020833333333334,0.7032967032967032,0.8640776699029126,0.7
YdxS3f4HXaA.001.1.jpg,0.5514018691588786,0.6145833333333333,0.4505494505494505,0.30097087378640774,0.7222222222222221
YdxS3f4HXaA.001.2.jpg,0.5514018691588786,0.6145833333333333,0.4505494505494505,0.30097087378640774,0.7222222222222221
YdxS3f4HXaA.001.3.jpg,0.5514018691588786,0.6145833333333333,0.4505494505494505,0.30097087378640774,0.7222222222222221
YdxS3f4HXaA.001.4.jpg,0.5514018691588786,0.6145833333333333,0.4505494505494505,0.30097087378640774,0.7222222222222221
Os7L5C-i9Fw.002.1.jpg,0.36448598130841126,0.5104166666666666,0.6483516483516484,0.7572815533980582,0.5222222222222223
Os7L5C-i9Fw.002.2.jpg,0.36448598130841126,0.5104166666666666,0.6483516483516484,0.7572815533980582,0.5222222222222223
Os7L5C-i9Fw.002.3.jpg,0.36448598130841126,0.5104166666666666,0.6483516483516484,0.7572815533980582,0.5222222222222223
Os7L5C-i9Fw.002.4.jpg,0.36448598130841126,0.5104166666666666,0.6483516483516484,0.7572815533980582,0.5222222222222223
VugKq4gOi50.002.1.jpg,0.4392523364485981,0.6145833333333333,0.6043956043956044,0.5339805825242718,0.5888888888888889
VugKq4gOi50.002.2.jpg,0.4392523364485981,0.6145833333333333,0.6043956043956044,0.5339805825242718,0.5888888888888889
VugKq4gOi50.002.3.jpg,0.4392523364485981,0.6145833333333333,0.6043956043956044,0.5339805825242718,0.5888888888888889
VugKq4gOi50.002.4.jpg,0.4392523364485981,0.6145833333333333,0.6043956043956044,0.5339805825242718,0.5888888888888889
ymrFbEMNBME.002.1.jpg,0.4205607476635514,0.5833333333333333,0.5934065934065933,0.6796116504854369,0.5888888888888889
ymrFbEMNBME.002.2.jpg,0.4205607476635514,0.5833333333333333,0.5934065934065933,0.6796116504854369,0.5888888888888889
ymrFbEMNBME.002.3.jpg,0.4205607476635514,0.5833333333333333,0.5934065934065933,0.6796116504854369,0.5888888888888889
ymrFbEMNBME.002.4.jpg,0.4205607476635514,0.5833333333333333,0.5934065934065933,0.6796116504854369,0.5888888888888889
OoxYhDbzWwg.000.1.jpg,0.29906542056074764,0.3645833333333333,0.3956043956043956,0.4077669902912622,0.5111111111111111
OoxYhDbzWwg.000.2.jpg,0.29906542056074764,0.3645833333333333,0.3956043956043956,0.4077669902912622,0.5111111111111111
OoxYhDbzWwg.000.3.jpg,0.29906542056074764,0.3645833333333333,0.3956043956043956,0.4077669902912622,0.5111111111111111
OoxYhDbzWwg.000.4.jpg,0.29906542056074764,0.3645833333333333,0.3956043956043956,0.4077669902912622,0.5111111111111111
lnawWqnGpMc.003.1.jpg,0.5514018691588786,0.4166666666666667,0.4945054945054945,0.5145631067961165,0.6666666666666666
lnawWqnGpMc.003.2.jpg,0.5514018691588786,0.4166666666666667,0.4945054945054945,0.5145631067961165,0.6666666666666666
lnawWqnGpMc.003.3.jpg,0.5514018691588786,0.4166666666666667,0.4945054945054945,0.5145631067961165,0.6666666666666666
lnawWqnGpMc.003.4.jpg,0.5514018691588786,0.4166666666666667,0.4945054945054945,0.5145631067961165,0.6666666666666666
HWuh0biZQ_c.004.1.jpg,0.2897196261682243,0.40625000000000006,0.4065934065934066,0.4951456310679611,0.5222222222222223
HWuh0biZQ_c.004.2.jpg,0.2897196261682243,0.40625000000000006,0.4065934065934066,0.4951456310679611,0.5222222222222223
HWuh0biZQ_c.004.3.jpg,0.2897196261682243,0.40625000000000006,0.4065934065934066,0.4951456310679611,0.5222222222222223
HWuh0biZQ_c.004.4.jpg,0.2897196261682243,0.40625000000000006,0.4065934065934066,0.4951456310679611,0.5222222222222223
zqpXz9h41jg.003.1.jpg,0.4579439252336449,0.6145833333333333,0.5934065934065933,0.6116504854368932,0.5111111111111111
zqpXz9h41jg.003.2.jpg,0.4579439252336449,0.6145833333333333,0.5934065934065933,0.6116504854368932,0.5111111111111111
zqpXz9h41jg.003.3.jpg,0.4579439252336449,0.6145833333333333,0.5934065934065933,0.6116504854368932,0.5111111111111111
zqpXz9h41jg.003.4.jpg,0.4579439252336449,0.6145833333333333,0.5934065934065933,0.6116504854368932,0.5111111111111111
f7togdqxEoo.004.1.jpg,0.16822429906542055,0.15624999999999994,0.10989010989010992,0.1941747572815534,0.15555555555555559
f7togdqxEoo.004.2.jpg,0.16822429906542055,0.15624999999999994,0.10989010989010992,0.1941747572815534,0.15555555555555559
f7togdqxEoo.004.3.jpg,0.16822429906542055,0.15624999999999994,0.10989010989010992,0.1941747572815534,0.15555555555555559
f7togdqxEoo.004.4.jpg,0.16822429906542055,0.15624999999999994,0.10989010989010992,0.1941747572815534,0.15555555555555559
Jcw9NZkMn6I.001.1.jpg,0.48598130841121495,0.4479166666666667,0.4945054945054945,0.6504854368932039,0.41111111111111115
Jcw9NZkMn6I.001.2.jpg,0.48598130841121495,0.4479166666666667,0.4945054945054945,0.6504854368932039,0.41111111111111115
Jcw9NZkMn6I.001.3.jpg,0.48598130841121495,0.4479166666666667,0.4945054945054945,0.6504854368932039,0.41111111111111115
Jcw9NZkMn6I.001.4.jpg,0.48598130841121495,0.4479166666666667,0.4945054945054945,0.6504854368932039,0.41111111111111115
m7zdWVDT-34.003.1.jpg,0.5700934579439253,0.6354166666666666,0.5384615384615384,0.6019417475728155,0.6222222222222222
m7zdWVDT-34.003.2.jpg,0.5700934579439253,0.6354166666666666,0.5384615384615384,0.6019417475728155,0.6222222222222222
m7zdWVDT-34.003.3.jpg,0.5700934579439253,0.6354166666666666,0.5384615384615384,0.6019417475728155,0.6222222222222222
m7zdWVDT-34.003.4.jpg,0.5700934579439253,0.6354166666666666,0.5384615384615384,0.6019417475728155,0.6222222222222222
8QtlG5ujHyc.000.1.jpg,0.6261682242990655,0.6666666666666667,0.5824175824175825,0.5533980582524272,0.7444444444444444
8QtlG5ujHyc.000.2.jpg,0.6261682242990655,0.6666666666666667,0.5824175824175825,0.5533980582524272,0.7444444444444444
8QtlG5ujHyc.000.3.jpg,0.6261682242990655,0.6666666666666667,0.5824175824175825,0.5533980582524272,0.7444444444444444
8QtlG5ujHyc.000.4.jpg,0.6261682242990655,0.6666666666666667,0.5824175824175825,0.5533980582524272,0.7444444444444444
Vimaz7NzPIg.000.1.jpg,0.7570093457943926,0.8541666666666667,0.6813186813186812,0.6019417475728155,0.811111111111111
Vimaz7NzPIg.000.2.jpg,0.7570093457943926,0.8541666666666667,0.6813186813186812,0.6019417475728155,0.811111111111111
Vimaz7NzPIg.000.3.jpg,0.7570093457943926,0.8541666666666667,0.6813186813186812,0.6019417475728155,0.811111111111111
Vimaz7NzPIg.000.4.jpg,0.7570093457943926,0.8541666666666667,0.6813186813186812,0.6019417475728155,0.811111111111111
CPtaCNonKlE.001.1.jpg,0.4672897196261683,0.3645833333333333,0.5714285714285714,0.5728155339805825,0.5333333333333333
CPtaCNonKlE.001.2.jpg,0.4672897196261683,0.3645833333333333,0.5714285714285714,0.5728155339805825,0.5333333333333333
CPtaCNonKlE.001.3.jpg,0.4672897196261683,0.3645833333333333,0.5714285714285714,0.5728155339805825,0.5333333333333333
CPtaCNonKlE.001.4.jpg,0.4672897196261683,0.3645833333333333,0.5714285714285714,0.5728155339805825,0.5333333333333333
zxuPCshTSOs.000.1.jpg,0.4205607476635514,0.6875,0.6703296703296703,0.7572815533980582,0.6666666666666666
zxuPCshTSOs.000.2.jpg,0.4205607476635514,0.6875,0.6703296703296703,0.7572815533980582,0.6666666666666666
zxuPCshTSOs.000.3.jpg,0.4205607476635514,0.6875,0.6703296703296703,0.7572815533980582,0.6666666666666666
zxuPCshTSOs.000.4.jpg,0.4205607476635514,0.6875,0.6703296703296703,0.7572815533980582,0.6666666666666666
zT_s9X21gAE.000.1.jpg,0.48598130841121495,0.5833333333333333,0.6043956043956044,0.5631067961165048,0.5888888888888889
zT_s9X21gAE.000.2.jpg,0.48598130841121495,0.5833333333333333,0.6043956043956044,0.5631067961165048,0.5888888888888889
zT_s9X21gAE.000.3.jpg,0.48598130841121495,0.5833333333333333,0.6043956043956044,0.5631067961165048,0.5888888888888889
zT_s9X21gAE.000.4.jpg,0.48598130841121495,0.5833333333333333,0.6043956043956044,0.5631067961165048,0.5888888888888889
4JjpfL4y3XM.005.1.jpg,0.6261682242990655,0.6875,0.6043956043956044,0.7281553398058251,0.6777777777777777
4JjpfL4y3XM.005.2.jpg,0.6261682242990655,0.6875,0.6043956043956044,0.7281553398058251,0.6777777777777777
4JjpfL4y3XM.005.3.jpg,0.6261682242990655,0.6875,0.6043956043956044,0.7281553398058251,0.6777777777777777
4JjpfL4y3XM.005.4.jpg,0.6261682242990655,0.6875,0.6043956043956044,0.7281553398058251,0.6777777777777777
qP1UtCbMaW4.000.1.jpg,0.5233644859813085,0.34374999999999994,0.6153846153846153,0.5145631067961165,0.43333333333333335
qP1UtCbMaW4.000.2.jpg,0.5233644859813085,0.34374999999999994,0.6153846153846153,0.5145631067961165,0.43333333333333335
qP1UtCbMaW4.000.3.jpg,0.5233644859813085,0.34374999999999994,0.6153846153846153,0.5145631067961165,0.43333333333333335
qP1UtCbMaW4.000.4.jpg,0.5233644859813085,0.34374999999999994,0.6153846153846153,0.5145631067961165,0.43333333333333335
6JfSPPVUgIg.001.1.jpg,0.2336448598130841,0.1458333333333333,0.31868131868131866,0.2815533980582524,0.3
6JfSPPVUgIg.001.2.jpg,0.2336448598130841,0.1458333333333333,0.31868131868131866,0.2815533980582524,0.3
6JfSPPVUgIg.001.3.jpg,0.2336448598130841,0.1458333333333333,0.31868131868131866,0.2815533980582524,0.3
6JfSPPVUgIg.001.4.jpg,0.2336448598130841,0.1458333333333333,0.31868131868131866,0.2815533980582524,0.3
vo-Y5kgSBa8.004.1.jpg,0.33644859813084116,0.37499999999999994,0.5384615384615384,0.5631067961165048,0.4666666666666667
vo-Y5kgSBa8.004.2.jpg,0.33644859813084116,0.37499999999999994,0.5384615384615384,0.5631067961165048,0.4666666666666667
vo-Y5kgSBa8.004.3.jpg,0.33644859813084116,0.37499999999999994,0.5384615384615384,0.5631067961165048,0.4666666666666667
vo-Y5kgSBa8.004.4.jpg,0.33644859813084116,0.37499999999999994,0.5384615384615384,0.5631067961165048,0.4666666666666667
39BJkEXJpgc.000.1.jpg,0.33644859813084116,0.5208333333333334,0.4505494505494505,0.6504854368932039,0.3777777777777778
39BJkEXJpgc.000.2.jpg,0.33644859813084116,0.5208333333333334,0.4505494505494505,0.6504854368932039,0.3777777777777778
39BJkEXJpgc.000.3.jpg,0.33644859813084116,0.5208333333333334,0.4505494505494505,0.6504854368932039,0.3777777777777778
39BJkEXJpgc.000.4.jpg,0.33644859813084116,0.5208333333333334,0.4505494505494505,0.6504854368932039,0.3777777777777778
QTtTAFqT-no.000.1.jpg,0.3457943925233645,0.4895833333333333,0.4615384615384615,0.4466019417475728,0.4777777777777778
QTtTAFqT-no.000.2.jpg,0.3457943925233645,0.4895833333333333,0.4615384615384615,0.4466019417475728,0.4777777777777778
QTtTAFqT-no.000.3.jpg,0.3457943925233645,0.4895833333333333,0.4615384615384615,0.4466019417475728,0.4777777777777778
QTtTAFqT-no.000.4.jpg,0.3457943925233645,0.4895833333333333,0.4615384615384615,0.4466019417475728,0.4777777777777778
pT8nyxks1Q4.004.1.jpg,0.4112149532710281,0.4479166666666667,0.5824175824175825,0.3203883495145631,0.6
pT8nyxks1Q4.004.2.jpg,0.4112149532710281,0.4479166666666667,0.5824175824175825,0.3203883495145631,0.6
pT8nyxks1Q4.004.3.jpg,0.4112149532710281,0.4479166666666667,0.5824175824175825,0.3203883495145631,0.6
pT8nyxks1Q4.004.4.jpg,0.4112149532710281,0.4479166666666667,0.5824175824175825,0.3203883495145631,0.6
0tse0Fsy_rg.000.1.jpg,0.2336448598130841,0.2604166666666667,0.32967032967032966,0.27184466019417475,0.3666666666666667
0tse0Fsy_rg.000.2.jpg,0.2336448598130841,0.2604166666666667,0.32967032967032966,0.27184466019417475,0.3666666666666667
0tse0Fsy_rg.000.3.jpg,0.2336448598130841,0.2604166666666667,0.32967032967032966,0.27184466019417475,0.3666666666666667
0tse0Fsy_rg.000.4.jpg,0.2336448598130841,0.2604166666666667,0.32967032967032966,0.27184466019417475,0.3666666666666667
utv9RBNcL5w.001.1.jpg,0.7196261682242993,0.7604166666666666,0.6373626373626373,0.6990291262135921,0.711111111111111
utv9RBNcL5w.001.2.jpg,0.7196261682242993,0.7604166666666666,0.6373626373626373,0.6990291262135921,0.711111111111111
utv9RBNcL5w.001.3.jpg,0.7196261682242993,0.7604166666666666,0.6373626373626373,0.6990291262135921,0.711111111111111
utv9RBNcL5w.001.4.jpg,0.7196261682242993,0.7604166666666666,0.6373626373626373,0.6990291262135921,0.711111111111111
xVJDjbiIjTo.002.1.jpg,0.588785046728972,0.625,0.5714285714285714,0.3883495145631068,0.6444444444444444
xVJDjbiIjTo.002.2.jpg,0.588785046728972,0.625,0.5714285714285714,0.3883495145631068,0.6444444444444444
xVJDjbiIjTo.002.3.jpg,0.588785046728972,0.625,0.5714285714285714,0.3883495145631068,0.6444444444444444
xVJDjbiIjTo.002.4.jpg,0.588785046728972,0.625,0.5714285714285714,0.3883495145631068,0.6444444444444444
r_cVo5qZ9n0.000.1.jpg,0.6542056074766356,0.5625,0.6373626373626373,0.5048543689320388,0.7555555555555554
r_cVo5qZ9n0.000.2.jpg,0.6542056074766356,0.5625,0.6373626373626373,0.5048543689320388,0.7555555555555554
r_cVo5qZ9n0.000.3.jpg,0.6542056074766356,0.5625,0.6373626373626373,0.5048543689320388,0.7555555555555554
r_cVo5qZ9n0.000.4.jpg,0.6542056074766356,0.5625,0.6373626373626373,0.5048543689320388,0.7555555555555554
SGnhyxlbqaE.005.1.jpg,0.4485981308411215,0.3645833333333333,0.5934065934065933,0.4854368932038835,0.6
SGnhyxlbqaE.005.2.jpg,0.4485981308411215,0.3645833333333333,0.5934065934065933,0.4854368932038835,0.6
SGnhyxlbqaE.005.3.jpg,0.4485981308411215,0.3645833333333333,0.5934065934065933,0.4854368932038835,0.6
SGnhyxlbqaE.005.4.jpg,0.4485981308411215,0.3645833333333333,0.5934065934065933,0.4854368932038835,0.6
cFGjJg-2zOk.004.1.jpg,0.5233644859813085,0.5625,0.6483516483516484,0.6116504854368932,0.6222222222222222
cFGjJg-2zOk.004.2.jpg,0.5233644859813085,0.5625,0.6483516483516484,0.6116504854368932,0.6222222222222222
cFGjJg-2zOk.004.3.jpg,0.5233644859813085,0.5625,0.6483516483516484,0.6116504854368932,0.6222222222222222
cFGjJg-2zOk.004.4.jpg,0.5233644859813085,0.5625,0.6483516483516484,0.6116504854368932,0.6222222222222222
_ZAqTHlu2ts.000.1.jpg,0.1588785046728972,0.12499999999999996,0.25274725274725274,0.21359223300970873,0.2111111111111111
_ZAqTHlu2ts.000.2.jpg,0.1588785046728972,0.12499999999999996,0.25274725274725274,0.21359223300970873,0.2111111111111111
_ZAqTHlu2ts.000.3.jpg,0.1588785046728972,0.12499999999999996,0.25274725274725274,0.21359223300970873,0.2111111111111111
_ZAqTHlu2ts.000.4.jpg,0.1588785046728972,0.12499999999999996,0.25274725274725274,0.21359223300970873,0.2111111111111111
U3UaF1aFek4.000.1.jpg,0.5233644859813085,0.5208333333333334,0.5384615384615384,0.5533980582524272,0.5666666666666667
U3UaF1aFek4.000.2.jpg,0.5233644859813085,0.5208333333333334,0.5384615384615384,0.5533980582524272,0.5666666666666667
U3UaF1aFek4.000.3.jpg,0.5233644859813085,0.5208333333333334,0.5384615384615384,0.5533980582524272,0.5666666666666667
U3UaF1aFek4.000.4.jpg,0.5233644859813085,0.5208333333333334,0.5384615384615384,0.5533980582524272,0.5666666666666667
-R2SZu3SYgM.003.1.jpg,0.26168224299065423,0.32291666666666663,0.29670329670329665,0.21359223300970873,0.38888888888888895
-R2SZu3SYgM.003.2.jpg,0.26168224299065423,0.32291666666666663,0.29670329670329665,0.21359223300970873,0.38888888888888895
-R2SZu3SYgM.003.3.jpg,0.26168224299065423,0.32291666666666663,0.29670329670329665,0.21359223300970873,0.38888888888888895
-R2SZu3SYgM.003.4.jpg,0.26168224299065423,0.32291666666666663,0.29670329670329665,0.21359223300970873,0.38888888888888895
F0_EI_X5JVk.000.1.jpg,0.6168224299065421,0.7291666666666667,0.5824175824175825,0.7184466019417477,0.7
F0_EI_X5JVk.000.2.jpg,0.6168224299065421,0.7291666666666667,0.5824175824175825,0.7184466019417477,0.7
F0_EI_X5JVk.000.3.jpg,0.6168224299065421,0.7291666666666667,0.5824175824175825,0.7184466019417477,0.7
F0_EI_X5JVk.000.4.jpg,0.6168224299065421,0.7291666666666667,0.5824175824175825,0.7184466019417477,0.7
4bDOetaLvZs.000.1.jpg,0.4112149532710281,0.42708333333333337,0.4285714285714285,0.4854368932038835,0.3777777777777778
4bDOetaLvZs.000.2.jpg,0.4112149532710281,0.42708333333333337,0.4285714285714285,0.4854368932038835,0.3777777777777778
4bDOetaLvZs.000.3.jpg,0.4112149532710281,0.42708333333333337,0.4285714285714285,0.4854368932038835,0.3777777777777778
4bDOetaLvZs.000.4.jpg,0.4112149532710281,0.42708333333333337,0.4285714285714285,0.4854368932038835,0.3777777777777778
u0ge93spFvY.000.1.jpg,0.7196261682242993,0.7500000000000001,0.7912087912087912,0.5922330097087379,0.8555555555555554
u0ge93spFvY.000.2.jpg,0.7196261682242993,0.7500000000000001,0.7912087912087912,0.5922330097087379,0.8555555555555554
u0ge93spFvY.000.3.jpg,0.7196261682242993,0.7500000000000001,0.7912087912087912,0.5922330097087379,0.8555555555555554
u0ge93spFvY.000.4.jpg,0.7196261682242993,0.7500000000000001,0.7912087912087912,0.5922330097087379,0.8555555555555554
NpiglwrZzsA.003.1.jpg,0.38317757009345793,0.45833333333333337,0.4725274725274725,0.3980582524271845,0.6222222222222222
NpiglwrZzsA.003.2.jpg,0.38317757009345793,0.45833333333333337,0.4725274725274725,0.3980582524271845,0.6222222222222222
NpiglwrZzsA.003.3.jpg,0.38317757009345793,0.45833333333333337,0.4725274725274725,0.3980582524271845,0.6222222222222222
NpiglwrZzsA.003.4.jpg,0.38317757009345793,0.45833333333333337,0.4725274725274725,0.3980582524271845,0.6222222222222222
kV7MFI2_ddo.004.1.jpg,0.33644859813084116,0.5520833333333334,0.4945054945054945,0.5048543689320388,0.6
kV7MFI2_ddo.004.2.jpg,0.33644859813084116,0.5520833333333334,0.4945054945054945,0.5048543689320388,0.6
kV7MFI2_ddo.004.3.jpg,0.33644859813084116,0.5520833333333334,0.4945054945054945,0.5048543689320388,0.6
kV7MFI2_ddo.004.4.jpg,0.33644859813084116,0.5520833333333334,0.4945054945054945,0.5048543689320388,0.6
Y8gv_ZK3w4A.001.1.jpg,0.4392523364485981,0.4895833333333333,0.5274725274725275,0.4854368932038835,0.5444444444444444
Y8gv_ZK3w4A.001.2.jpg,0.4392523364485981,0.4895833333333333,0.5274725274725275,0.4854368932038835,0.5444444444444444
Y8gv_ZK3w4A.001.3.jpg,0.4392523364485981,0.4895833333333333,0.5274725274725275,0.4854368932038835,0.5444444444444444
Y8gv_ZK3w4A.001.4.jpg,0.4392523364485981,0.4895833333333333,0.5274725274725275,0.4854368932038835,0.5444444444444444
ic_LECbCm5M.005.1.jpg,0.5514018691588786,0.5416666666666666,0.6813186813186812,0.4660194174757281,0.7555555555555554
ic_LECbCm5M.005.2.jpg,0.5514018691588786,0.5416666666666666,0.6813186813186812,0.4660194174757281,0.7555555555555554
ic_LECbCm5M.005.3.jpg,0.5514018691588786,0.5416666666666666,0.6813186813186812,0.4660194174757281,0.7555555555555554
ic_LECbCm5M.005.4.jpg,0.5514018691588786,0.5416666666666666,0.6813186813186812,0.4660194174757281,0.7555555555555554
FvjIziLzffo.000.1.jpg,0.4579439252336449,0.45833333333333337,0.4065934065934066,0.5533980582524272,0.7333333333333333
FvjIziLzffo.000.2.jpg,0.4579439252336449,0.45833333333333337,0.4065934065934066,0.5533980582524272,0.7333333333333333
FvjIziLzffo.000.3.jpg,0.4579439252336449,0.45833333333333337,0.4065934065934066,0.5533980582524272,0.7333333333333333
FvjIziLzffo.000.4.jpg,0.4579439252336449,0.45833333333333337,0.4065934065934066,0.5533980582524272,0.7333333333333333
7b9DirXrkHo.000.1.jpg,0.26168224299065423,0.34374999999999994,0.3846153846153846,0.31067961165048547,0.5444444444444444
7b9DirXrkHo.000.2.jpg,0.26168224299065423,0.34374999999999994,0.3846153846153846,0.31067961165048547,0.5444444444444444
7b9DirXrkHo.000.3.jpg,0.26168224299065423,0.34374999999999994,0.3846153846153846,0.31067961165048547,0.5444444444444444
7b9DirXrkHo.000.4.jpg,0.26168224299065423,0.34374999999999994,0.3846153846153846,0.31067961165048547,0.5444444444444444
osqQpQsJNPQ.002.1.jpg,0.4953271028037384,0.5625,0.6373626373626373,0.5436893203883495,0.611111111111111
osqQpQsJNPQ.002.2.jpg,0.4953271028037384,0.5625,0.6373626373626373,0.5436893203883495,0.611111111111111
osqQpQsJNPQ.002.3.jpg,0.4953271028037384,0.5625,0.6373626373626373,0.5436893203883495,0.611111111111111
osqQpQsJNPQ.002.4.jpg,0.4953271028037384,0.5625,0.6373626373626373,0.5436893203883495,0.611111111111111
aptKaxP81xA.005.1.jpg,0.29906542056074764,0.5416666666666666,0.7032967032967032,0.7087378640776699,0.45555555555555555
aptKaxP81xA.005.2.jpg,0.29906542056074764,0.5416666666666666,0.7032967032967032,0.7087378640776699,0.45555555555555555
aptKaxP81xA.005.3.jpg,0.29906542056074764,0.5416666666666666,0.7032967032967032,0.7087378640776699,0.45555555555555555
aptKaxP81xA.005.4.jpg,0.29906542056074764,0.5416666666666666,0.7032967032967032,0.7087378640776699,0.45555555555555555
d8skGb2ycio.004.1.jpg,0.6261682242990655,0.5833333333333333,0.6263736263736264,0.5825242718446602,0.5555555555555556
d8skGb2ycio.004.2.jpg,0.6261682242990655,0.5833333333333333,0.6263736263736264,0.5825242718446602,0.5555555555555556
d8skGb2ycio.004.3.jpg,0.6261682242990655,0.5833333333333333,0.6263736263736264,0.5825242718446602,0.5555555555555556
d8skGb2ycio.004.4.jpg,0.6261682242990655,0.5833333333333333,0.6263736263736264,0.5825242718446602,0.5555555555555556
Jf8lqSpAjZ8.000.1.jpg,0.6542056074766356,0.5520833333333334,0.5274725274725275,0.5242718446601942,0.6888888888888889
Jf8lqSpAjZ8.000.2.jpg,0.6542056074766356,0.5520833333333334,0.5274725274725275,0.5242718446601942,0.6888888888888889
Jf8lqSpAjZ8.000.3.jpg,0.6542056074766356,0.5520833333333334,0.5274725274725275,0.5242718446601942,0.6888888888888889
Jf8lqSpAjZ8.000.4.jpg,0.6542056074766356,0.5520833333333334,0.5274725274725275,0.5242718446601942,0.6888888888888889
p-V78q8dtYo.003.1.jpg,0.037383177570093414,0.13541666666666663,0.2747252747252747,0.27184466019417475,0.22222222222222224
p-V78q8dtYo.003.2.jpg,0.037383177570093414,0.13541666666666663,0.2747252747252747,0.27184466019417475,0.22222222222222224
p-V78q8dtYo.003.3.jpg,0.037383177570093414,0.13541666666666663,0.2747252747252747,0.27184466019417475,0.22222222222222224
p-V78q8dtYo.003.4.jpg,0.037383177570093414,0.13541666666666663,0.2747252747252747,0.27184466019417475,0.22222222222222224
Fe9_SVPd_5I.002.1.jpg,0.6355140186915887,0.7604166666666666,0.7362637362637363,0.6601941747572816,0.7666666666666666
Fe9_SVPd_5I.002.2.jpg,0.6355140186915887,0.7604166666666666,0.7362637362637363,0.6601941747572816,0.7666666666666666
Fe9_SVPd_5I.002.3.jpg,0.6355140186915887,0.7604166666666666,0.7362637362637363,0.6601941747572816,0.7666666666666666
Fe9_SVPd_5I.002.4.jpg,0.6355140186915887,0.7604166666666666,0.7362637362637363,0.6601941747572816,0.7666666666666666
1tPH6PNeOSk.001.1.jpg,0.7383177570093458,0.5,0.7362637362637363,0.4660194174757281,0.6777777777777777
1tPH6PNeOSk.001.2.jpg,0.7383177570093458,0.5,0.7362637362637363,0.4660194174757281,0.6777777777777777
1tPH6PNeOSk.001.3.jpg,0.7383177570093458,0.5,0.7362637362637363,0.4660194174757281,0.6777777777777777
1tPH6PNeOSk.001.4.jpg,0.7383177570093458,0.5,0.7362637362637363,0.4660194174757281,0.6777777777777777
sPMNhG1Sehc.001.1.jpg,0.29906542056074764,0.37499999999999994,0.5164835164835165,0.3883495145631068,0.34444444444444444
sPMNhG1Sehc.001.2.jpg,0.29906542056074764,0.37499999999999994,0.5164835164835165,0.3883495145631068,0.34444444444444444
sPMNhG1Sehc.001.3.jpg,0.29906542056074764,0.37499999999999994,0.5164835164835165,0.3883495145631068,0.34444444444444444
sPMNhG1Sehc.001.4.jpg,0.29906542056074764,0.37499999999999994,0.5164835164835165,0.3883495145631068,0.34444444444444444
Gdv79afXNKE.000.1.jpg,0.6355140186915887,0.7708333333333334,0.5494505494505494,0.5825242718446602,0.711111111111111
Gdv79afXNKE.000.2.jpg,0.6355140186915887,0.7708333333333334,0.5494505494505494,0.5825242718446602,0.711111111111111
Gdv79afXNKE.000.3.jpg,0.6355140186915887,0.7708333333333334,0.5494505494505494,0.5825242718446602,0.711111111111111
Gdv79afXNKE.000.4.jpg,0.6355140186915887,0.7708333333333334,0.5494505494505494,0.5825242718446602,0.711111111111111
8narByy2B5g.002.1.jpg,0.3177570093457944,0.29166666666666663,0.3846153846153846,0.21359223300970873,0.4666666666666667
8narByy2B5g.002.2.jpg,0.3177570093457944,0.29166666666666663,0.3846153846153846,0.21359223300970873,0.4666666666666667
8narByy2B5g.002.3.jpg,0.3177570093457944,0.29166666666666663,0.3846153846153846,0.21359223300970873,0.4666666666666667
8narByy2B5g.002.4.jpg,0.3177570093457944,0.29166666666666663,0.3846153846153846,0.21359223300970873,0.4666666666666667
8Z6PrQdqffA.003.1.jpg,0.38317757009345793,0.4375,0.5274725274725275,0.5048543689320388,0.5555555555555556
8Z6PrQdqffA.003.2.jpg,0.38317757009345793,0.4375,0.5274725274725275,0.5048543689320388,0.5555555555555556
8Z6PrQdqffA.003.3.jpg,0.38317757009345793,0.4375,0.5274725274725275,0.5048543689320388,0.5555555555555556
8Z6PrQdqffA.003.4.jpg,0.38317757009345793,0.4375,0.5274725274725275,0.5048543689320388,0.5555555555555556
Sdqg-jn_tBk.003.1.jpg,0.29906542056074764,0.5,0.6923076923076923,0.6213592233009709,0.5
Sdqg-jn_tBk.003.2.jpg,0.29906542056074764,0.5,0.6923076923076923,0.6213592233009709,0.5
Sdqg-jn_tBk.003.3.jpg,0.29906542056074764,0.5,0.6923076923076923,0.6213592233009709,0.5
Sdqg-jn_tBk.003.4.jpg,0.29906542056074764,0.5,0.6923076923076923,0.6213592233009709,0.5
cT3oyHhUznw.000.1.jpg,0.6168224299065421,0.65625,0.6263736263736264,0.5436893203883495,0.6666666666666666
cT3oyHhUznw.000.2.jpg,0.6168224299065421,0.65625,0.6263736263736264,0.5436893203883495,0.6666666666666666
cT3oyHhUznw.000.3.jpg,0.6168224299065421,0.65625,0.6263736263736264,0.5436893203883495,0.6666666666666666
cT3oyHhUznw.000.4.jpg,0.6168224299065421,0.65625,0.6263736263736264,0.5436893203883495,0.6666666666666666
GsNZh1TS68g.000.1.jpg,0.6542056074766356,0.7395833333333333,0.6263736263736264,0.5631067961165048,0.6888888888888889
GsNZh1TS68g.000.2.jpg,0.6542056074766356,0.7395833333333333,0.6263736263736264,0.5631067961165048,0.6888888888888889
GsNZh1TS68g.000.3.jpg,0.6542056074766356,0.7395833333333333,0.6263736263736264,0.5631067961165048,0.6888888888888889
GsNZh1TS68g.000.4.jpg,0.6542056074766356,0.7395833333333333,0.6263736263736264,0.5631067961165048,0.6888888888888889
7nJPNkWZDOY.001.1.jpg,0.7196261682242993,0.5208333333333334,0.5494505494505494,0.6019417475728155,0.8222222222222221
7nJPNkWZDOY.001.2.jpg,0.7196261682242993,0.5208333333333334,0.5494505494505494,0.6019417475728155,0.8222222222222221
7nJPNkWZDOY.001.3.jpg,0.7196261682242993,0.5208333333333334,0.5494505494505494,0.6019417475728155,0.8222222222222221
7nJPNkWZDOY.001.4.jpg,0.7196261682242993,0.5208333333333334,0.5494505494505494,0.6019417475728155,0.8222222222222221
0uCqd5hZcyI.004.1.jpg,0.4018691588785047,0.4791666666666667,0.5274725274725275,0.5631067961165048,0.6666666666666666
0uCqd5hZcyI.004.2.jpg,0.4018691588785047,0.4791666666666667,0.5274725274725275,0.5631067961165048,0.6666666666666666
0uCqd5hZcyI.004.3.jpg,0.4018691588785047,0.4791666666666667,0.5274725274725275,0.5631067961165048,0.6666666666666666
0uCqd5hZcyI.004.4.jpg,0.4018691588785047,0.4791666666666667,0.5274725274725275,0.5631067961165048,0.6666666666666666
N5YT0FFd3-s.005.1.jpg,0.5140186915887851,0.59375,0.6153846153846153,0.6407766990291262,0.5666666666666667
N5YT0FFd3-s.005.2.jpg,0.5140186915887851,0.59375,0.6153846153846153,0.6407766990291262,0.5666666666666667
N5YT0FFd3-s.005.3.jpg,0.5140186915887851,0.59375,0.6153846153846153,0.6407766990291262,0.5666666666666667
N5YT0FFd3-s.005.4.jpg,0.5140186915887851,0.59375,0.6153846153846153,0.6407766990291262,0.5666666666666667
usG6pVxbQkw.005.1.jpg,0.16822429906542055,0.29166666666666663,0.25274725274725274,0.3495145631067961,0.22222222222222224
usG6pVxbQkw.005.2.jpg,0.16822429906542055,0.29166666666666663,0.25274725274725274,0.3495145631067961,0.22222222222222224
usG6pVxbQkw.005.3.jpg,0.16822429906542055,0.29166666666666663,0.25274725274725274,0.3495145631067961,0.22222222222222224
usG6pVxbQkw.005.4.jpg,0.16822429906542055,0.29166666666666663,0.25274725274725274,0.3495145631067961,0.22222222222222224
8py6SksNsZQ.000.1.jpg,0.5700934579439253,0.7708333333333334,0.7252747252747254,0.4951456310679611,0.7444444444444444
8py6SksNsZQ.000.2.jpg,0.5700934579439253,0.7708333333333334,0.7252747252747254,0.4951456310679611,0.7444444444444444
8py6SksNsZQ.000.3.jpg,0.5700934579439253,0.7708333333333334,0.7252747252747254,0.4951456310679611,0.7444444444444444
8py6SksNsZQ.000.4.jpg,0.5700934579439253,0.7708333333333334,0.7252747252747254,0.4951456310679611,0.7444444444444444
bFwtVtZodIg.003.1.jpg,0.5700934579439253,0.6354166666666666,0.6373626373626373,0.5825242718446602,0.7777777777777777
bFwtVtZodIg.003.2.jpg,0.5700934579439253,0.6354166666666666,0.6373626373626373,0.5825242718446602,0.7777777777777777
bFwtVtZodIg.003.3.jpg,0.5700934579439253,0.6354166666666666,0.6373626373626373,0.5825242718446602,0.7777777777777777
bFwtVtZodIg.003.4.jpg,0.5700934579439253,0.6354166666666666,0.6373626373626373,0.5825242718446602,0.7777777777777777
MDTC4y4ZrSM.000.1.jpg,0.4299065420560748,0.6041666666666666,0.5054945054945055,0.4466019417475728,0.6444444444444444
MDTC4y4ZrSM.000.2.jpg,0.4299065420560748,0.6041666666666666,0.5054945054945055,0.4466019417475728,0.6444444444444444
MDTC4y4ZrSM.000.3.jpg,0.4299065420560748,0.6041666666666666,0.5054945054945055,0.4466019417475728,0.6444444444444444
MDTC4y4ZrSM.000.4.jpg,0.4299065420560748,0.6041666666666666,0.5054945054945055,0.4466019417475728,0.6444444444444444
f7togdqxEoo.001.1.jpg,0.17757009345794392,0.1666666666666666,0.12087912087912084,0.2038834951456311,0.1888888888888889
f7togdqxEoo.001.2.jpg,0.17757009345794392,0.1666666666666666,0.12087912087912084,0.2038834951456311,0.1888888888888889
f7togdqxEoo.001.3.jpg,0.17757009345794392,0.1666666666666666,0.12087912087912084,0.2038834951456311,0.1888888888888889
f7togdqxEoo.001.4.jpg,0.17757009345794392,0.1666666666666666,0.12087912087912084,0.2038834951456311,0.1888888888888889
85isLsZHZpo.005.1.jpg,0.8598130841121496,0.84375,0.7802197802197802,0.9320388349514562,0.9333333333333333
85isLsZHZpo.005.2.jpg,0.8598130841121496,0.84375,0.7802197802197802,0.9320388349514562,0.9333333333333333
85isLsZHZpo.005.3.jpg,0.8598130841121496,0.84375,0.7802197802197802,0.9320388349514562,0.9333333333333333
85isLsZHZpo.005.4.jpg,0.8598130841121496,0.84375,0.7802197802197802,0.9320388349514562,0.9333333333333333
9a-3LrB7cDI.002.1.jpg,0.4953271028037384,0.5833333333333333,0.7032967032967032,0.6213592233009709,0.3777777777777778
9a-3LrB7cDI.002.2.jpg,0.4953271028037384,0.5833333333333333,0.7032967032967032,0.6213592233009709,0.3777777777777778
9a-3LrB7cDI.002.3.jpg,0.4953271028037384,0.5833333333333333,0.7032967032967032,0.6213592233009709,0.3777777777777778
9a-3LrB7cDI.002.4.jpg,0.4953271028037384,0.5833333333333333,0.7032967032967032,0.6213592233009709,0.3777777777777778
OoxYhDbzWwg.004.1.jpg,0.26168224299065423,0.32291666666666663,0.4285714285714285,0.5339805825242718,0.28888888888888886
OoxYhDbzWwg.004.2.jpg,0.26168224299065423,0.32291666666666663,0.4285714285714285,0.5339805825242718,0.28888888888888886
OoxYhDbzWwg.004.3.jpg,0.26168224299065423,0.32291666666666663,0.4285714285714285,0.5339805825242718,0.28888888888888886
OoxYhDbzWwg.004.4.jpg,0.26168224299065423,0.32291666666666663,0.4285714285714285,0.5339805825242718,0.28888888888888886
2OAA4slRc5M.000.1.jpg,0.5420560747663552,0.625,0.5604395604395604,0.5436893203883495,0.611111111111111
2OAA4slRc5M.000.2.jpg,0.5420560747663552,0.625,0.5604395604395604,0.5436893203883495,0.611111111111111
2OAA4slRc5M.000.3.jpg,0.5420560747663552,0.625,0.5604395604395604,0.5436893203883495,0.611111111111111
2OAA4slRc5M.000.4.jpg,0.5420560747663552,0.625,0.5604395604395604,0.5436893203883495,0.611111111111111
_G3kw9HwCqY.001.1.jpg,0.4579439252336449,0.3020833333333333,0.5934065934065933,0.4174757281553398,0.41111111111111115
_G3kw9HwCqY.001.2.jpg,0.4579439252336449,0.3020833333333333,0.5934065934065933,0.4174757281553398,0.41111111111111115
_G3kw9HwCqY.001.3.jpg,0.4579439252336449,0.3020833333333333,0.5934065934065933,0.4174757281553398,0.41111111111111115
_G3kw9HwCqY.001.4.jpg,0.4579439252336449,0.3020833333333333,0.5934065934065933,0.4174757281553398,0.41111111111111115
qVcw5-mm31s.002.1.jpg,0.5140186915887851,0.5208333333333334,0.5494505494505494,0.5145631067961165,0.5666666666666667
qVcw5-mm31s.002.2.jpg,0.5140186915887851,0.5208333333333334,0.5494505494505494,0.5145631067961165,0.5666666666666667
qVcw5-mm31s.002.3.jpg,0.5140186915887851,0.5208333333333334,0.5494505494505494,0.5145631067961165,0.5666666666666667
qVcw5-mm31s.002.4.jpg,0.5140186915887851,0.5208333333333334,0.5494505494505494,0.5145631067961165,0.5666666666666667
NpkHOa4uIn4.000.1.jpg,0.28037383177570097,0.3020833333333333,0.5714285714285714,0.2621359223300971,0.32222222222222224
NpkHOa4uIn4.000.2.jpg,0.28037383177570097,0.3020833333333333,0.5714285714285714,0.2621359223300971,0.32222222222222224
NpkHOa4uIn4.000.3.jpg,0.28037383177570097,0.3020833333333333,0.5714285714285714,0.2621359223300971,0.32222222222222224
NpkHOa4uIn4.000.4.jpg,0.28037383177570097,0.3020833333333333,0.5714285714285714,0.2621359223300971,0.32222222222222224
c4XnKouozXU.005.1.jpg,0.3271028037383178,0.42708333333333337,0.6703296703296703,0.5825242718446602,0.41111111111111115
c4XnKouozXU.005.2.jpg,0.3271028037383178,0.42708333333333337,0.6703296703296703,0.5825242718446602,0.41111111111111115
c4XnKouozXU.005.3.jpg,0.3271028037383178,0.42708333333333337,0.6703296703296703,0.5825242718446602,0.41111111111111115
c4XnKouozXU.005.4.jpg,0.3271028037383178,0.42708333333333337,0.6703296703296703,0.5825242718446602,0.41111111111111115
XLKNGnpTO9k.004.1.jpg,0.4485981308411215,0.40625000000000006,0.6043956043956044,0.3786407766990291,0.4444444444444445
XLKNGnpTO9k.004.2.jpg,0.4485981308411215,0.40625000000000006,0.6043956043956044,0.3786407766990291,0.4444444444444445
XLKNGnpTO9k.004.3.jpg,0.4485981308411215,0.40625000000000006,0.6043956043956044,0.3786407766990291,0.4444444444444445
XLKNGnpTO9k.004.4.jpg,0.4485981308411215,0.40625000000000006,0.6043956043956044,0.3786407766990291,0.4444444444444445
P_wDFLJnW-o.003.1.jpg,0.38317757009345793,0.4479166666666667,0.4945054945054945,0.3883495145631068,0.32222222222222224
P_wDFLJnW-o.003.2.jpg,0.38317757009345793,0.4479166666666667,0.4945054945054945,0.3883495145631068,0.32222222222222224
P_wDFLJnW-o.003.3.jpg,0.38317757009345793,0.4479166666666667,0.4945054945054945,0.3883495145631068,0.32222222222222224
P_wDFLJnW-o.003.4.jpg,0.38317757009345793,0.4479166666666667,0.4945054945054945,0.3883495145631068,0.32222222222222224
mZ3vypXAfHg.001.1.jpg,0.38317757009345793,0.5625,0.5714285714285714,0.35922330097087385,0.6666666666666666
mZ3vypXAfHg.001.2.jpg,0.38317757009345793,0.5625,0.5714285714285714,0.35922330097087385,0.6666666666666666
mZ3vypXAfHg.001.3.jpg,0.38317757009345793,0.5625,0.5714285714285714,0.35922330097087385,0.6666666666666666
mZ3vypXAfHg.001.4.jpg,0.38317757009345793,0.5625,0.5714285714285714,0.35922330097087385,0.6666666666666666
nEm44UpCKmA.001.1.jpg,0.5607476635514019,0.6041666666666666,0.5934065934065933,0.4951456310679611,0.6666666666666666
nEm44UpCKmA.001.2.jpg,0.5607476635514019,0.6041666666666666,0.5934065934065933,0.4951456310679611,0.6666666666666666
nEm44UpCKmA.001.3.jpg,0.5607476635514019,0.6041666666666666,0.5934065934065933,0.4951456310679611,0.6666666666666666
nEm44UpCKmA.001.4.jpg,0.5607476635514019,0.6041666666666666,0.5934065934065933,0.4951456310679611,0.6666666666666666
MLCIfM5jYlI.003.1.jpg,0.47663551401869164,0.35416666666666663,0.5604395604395604,0.4951456310679611,0.5
MLCIfM5jYlI.003.2.jpg,0.47663551401869164,0.35416666666666663,0.5604395604395604,0.4951456310679611,0.5
MLCIfM5jYlI.003.3.jpg,0.47663551401869164,0.35416666666666663,0.5604395604395604,0.4951456310679611,0.5
MLCIfM5jYlI.003.4.jpg,0.47663551401869164,0.35416666666666663,0.5604395604395604,0.4951456310679611,0.5
-VTqcHNgH7M.001.1.jpg,0.38317757009345793,0.4375,0.4175824175824176,0.5533980582524272,0.3777777777777778
-VTqcHNgH7M.001.2.jpg,0.38317757009345793,0.4375,0.4175824175824176,0.5533980582524272,0.3777777777777778
-VTqcHNgH7M.001.3.jpg,0.38317757009345793,0.4375,0.4175824175824176,0.5533980582524272,0.3777777777777778
-VTqcHNgH7M.001.4.jpg,0.38317757009345793,0.4375,0.4175824175824176,0.5533980582524272,0.3777777777777778
AotbiNsU85A.005.1.jpg,0.30841121495327106,0.22916666666666663,0.4285714285714285,0.33980582524271846,0.3555555555555556
AotbiNsU85A.005.2.jpg,0.30841121495327106,0.22916666666666663,0.4285714285714285,0.33980582524271846,0.3555555555555556
AotbiNsU85A.005.3.jpg,0.30841121495327106,0.22916666666666663,0.4285714285714285,0.33980582524271846,0.3555555555555556
AotbiNsU85A.005.4.jpg,0.30841121495327106,0.22916666666666663,0.4285714285714285,0.33980582524271846,0.3555555555555556
jKHaHWuaU14.003.1.jpg,0.2336448598130841,0.3020833333333333,0.4065934065934066,0.4563106796116505,0.45555555555555555
jKHaHWuaU14.003.2.jpg,0.2336448598130841,0.3020833333333333,0.4065934065934066,0.4563106796116505,0.45555555555555555
jKHaHWuaU14.003.3.jpg,0.2336448598130841,0.3020833333333333,0.4065934065934066,0.4563106796116505,0.45555555555555555
jKHaHWuaU14.003.4.jpg,0.2336448598130841,0.3020833333333333,0.4065934065934066,0.4563106796116505,0.45555555555555555
TzW_VxrCR30.001.1.jpg,0.24299065420560748,0.25,0.25274725274725274,0.3495145631067961,0.2777777777777778
TzW_VxrCR30.001.2.jpg,0.24299065420560748,0.25,0.25274725274725274,0.3495145631067961,0.2777777777777778
TzW_VxrCR30.001.3.jpg,0.24299065420560748,0.25,0.25274725274725274,0.3495145631067961,0.2777777777777778
TzW_VxrCR30.001.4.jpg,0.24299065420560748,0.25,0.25274725274725274,0.3495145631067961,0.2777777777777778
xQHmbJ_lPjY.002.1.jpg,0.5233644859813085,0.65625,0.5164835164835165,0.6310679611650486,0.6333333333333333
xQHmbJ_lPjY.002.2.jpg,0.5233644859813085,0.65625,0.5164835164835165,0.6310679611650486,0.6333333333333333
xQHmbJ_lPjY.002.3.jpg,0.5233644859813085,0.65625,0.5164835164835165,0.6310679611650486,0.6333333333333333
xQHmbJ_lPjY.002.4.jpg,0.5233644859813085,0.65625,0.5164835164835165,0.6310679611650486,0.6333333333333333
S1AEj1kO5dc.001.1.jpg,0.5140186915887851,0.3020833333333333,0.5494505494505494,0.4368932038834952,0.6
S1AEj1kO5dc.001.2.jpg,0.5140186915887851,0.3020833333333333,0.5494505494505494,0.4368932038834952,0.6
S1AEj1kO5dc.001.3.jpg,0.5140186915887851,0.3020833333333333,0.5494505494505494,0.4368932038834952,0.6
S1AEj1kO5dc.001.4.jpg,0.5140186915887851,0.3020833333333333,0.5494505494505494,0.4368932038834952,0.6
WMp0lsXbOqM.001.1.jpg,0.5607476635514019,0.625,0.5934065934065933,0.7669902912621359,0.6333333333333333
WMp0lsXbOqM.001.2.jpg,0.5607476635514019,0.625,0.5934065934065933,0.7669902912621359,0.6333333333333333
WMp0lsXbOqM.001.3.jpg,0.5607476635514019,0.625,0.5934065934065933,0.7669902912621359,0.6333333333333333
WMp0lsXbOqM.001.4.jpg,0.5607476635514019,0.625,0.5934065934065933,0.7669902912621359,0.6333333333333333
dNXqs5HNijI.000.1.jpg,0.6728971962616823,0.65625,0.6703296703296703,0.5436893203883495,0.6333333333333333
dNXqs5HNijI.000.2.jpg,0.6728971962616823,0.65625,0.6703296703296703,0.5436893203883495,0.6333333333333333
dNXqs5HNijI.000.3.jpg,0.6728971962616823,0.65625,0.6703296703296703,0.5436893203883495,0.6333333333333333
dNXqs5HNijI.000.4.jpg,0.6728971962616823,0.65625,0.6703296703296703,0.5436893203883495,0.6333333333333333
RYG6XhdmPY0.003.1.jpg,0.35514018691588783,0.4895833333333333,0.5714285714285714,0.4174757281553398,0.5888888888888889
RYG6XhdmPY0.003.2.jpg,0.35514018691588783,0.4895833333333333,0.5714285714285714,0.4174757281553398,0.5888888888888889
RYG6XhdmPY0.003.3.jpg,0.35514018691588783,0.4895833333333333,0.5714285714285714,0.4174757281553398,0.5888888888888889
RYG6XhdmPY0.003.4.jpg,0.35514018691588783,0.4895833333333333,0.5714285714285714,0.4174757281553398,0.5888888888888889
7qGYGbIg45c.000.1.jpg,0.18691588785046728,0.35416666666666663,0.4065934065934066,0.4368932038834952,0.38888888888888895
7qGYGbIg45c.000.2.jpg,0.18691588785046728,0.35416666666666663,0.4065934065934066,0.4368932038834952,0.38888888888888895
7qGYGbIg45c.000.3.jpg,0.18691588785046728,0.35416666666666663,0.4065934065934066,0.4368932038834952,0.38888888888888895
7qGYGbIg45c.000.4.jpg,0.18691588785046728,0.35416666666666663,0.4065934065934066,0.4368932038834952,0.38888888888888895
HwZlfygV2eU.004.1.jpg,0.4672897196261683,0.6041666666666666,0.6923076923076923,0.5339805825242718,0.5222222222222223
HwZlfygV2eU.004.2.jpg,0.4672897196261683,0.6041666666666666,0.6923076923076923,0.5339805825242718,0.5222222222222223
HwZlfygV2eU.004.3.jpg,0.4672897196261683,0.6041666666666666,0.6923076923076923,0.5339805825242718,0.5222222222222223
HwZlfygV2eU.004.4.jpg,0.4672897196261683,0.6041666666666666,0.6923076923076923,0.5339805825242718,0.5222222222222223
rwinPicu_aw.004.1.jpg,0.35514018691588783,0.5208333333333334,0.4725274725274725,0.5533980582524272,0.5555555555555556
rwinPicu_aw.004.2.jpg,0.35514018691588783,0.5208333333333334,0.4725274725274725,0.5533980582524272,0.5555555555555556
rwinPicu_aw.004.3.jpg,0.35514018691588783,0.5208333333333334,0.4725274725274725,0.5533980582524272,0.5555555555555556
rwinPicu_aw.004.4.jpg,0.35514018691588783,0.5208333333333334,0.4725274725274725,0.5533980582524272,0.5555555555555556
NTATNIs2sSc.002.1.jpg,0.48598130841121495,0.5625,0.5494505494505494,0.4951456310679611,0.5444444444444444
NTATNIs2sSc.002.2.jpg,0.48598130841121495,0.5625,0.5494505494505494,0.4951456310679611,0.5444444444444444
NTATNIs2sSc.002.3.jpg,0.48598130841121495,0.5625,0.5494505494505494,0.4951456310679611,0.5444444444444444
NTATNIs2sSc.002.4.jpg,0.48598130841121495,0.5625,0.5494505494505494,0.4951456310679611,0.5444444444444444
EfQUV-C-YrU.003.1.jpg,0.36448598130841126,0.3125,0.4395604395604395,0.36893203883495146,0.43333333333333335
EfQUV-C-YrU.003.2.jpg,0.36448598130841126,0.3125,0.4395604395604395,0.36893203883495146,0.43333333333333335
EfQUV-C-YrU.003.3.jpg,0.36448598130841126,0.3125,0.4395604395604395,0.36893203883495146,0.43333333333333335
EfQUV-C-YrU.003.4.jpg,0.36448598130841126,0.3125,0.4395604395604395,0.36893203883495146,0.43333333333333335
R5uXsQsO6Uo.004.1.jpg,0.6168224299065421,0.7812499999999999,0.8021978021978021,0.8834951456310681,0.811111111111111
R5uXsQsO6Uo.004.2.jpg,0.6168224299065421,0.7812499999999999,0.8021978021978021,0.8834951456310681,0.811111111111111
R5uXsQsO6Uo.004.3.jpg,0.6168224299065421,0.7812499999999999,0.8021978021978021,0.8834951456310681,0.811111111111111
R5uXsQsO6Uo.004.4.jpg,0.6168224299065421,0.7812499999999999,0.8021978021978021,0.8834951456310681,0.811111111111111
JciLbidX1Q8.001.1.jpg,0.2897196261682243,0.42708333333333337,0.4065934065934066,0.36893203883495146,0.38888888888888895
JciLbidX1Q8.001.2.jpg,0.2897196261682243,0.42708333333333337,0.4065934065934066,0.36893203883495146,0.38888888888888895
JciLbidX1Q8.001.3.jpg,0.2897196261682243,0.42708333333333337,0.4065934065934066,0.36893203883495146,0.38888888888888895
JciLbidX1Q8.001.4.jpg,0.2897196261682243,0.42708333333333337,0.4065934065934066,0.36893203883495146,0.38888888888888895
Qu81v9Aybv4.001.1.jpg,0.5140186915887851,0.4166666666666667,0.7362637362637363,0.6019417475728155,0.6222222222222222
Qu81v9Aybv4.001.2.jpg,0.5140186915887851,0.4166666666666667,0.7362637362637363,0.6019417475728155,0.6222222222222222
Qu81v9Aybv4.001.3.jpg,0.5140186915887851,0.4166666666666667,0.7362637362637363,0.6019417475728155,0.6222222222222222
Qu81v9Aybv4.001.4.jpg,0.5140186915887851,0.4166666666666667,0.7362637362637363,0.6019417475728155,0.6222222222222222
tYpxPqwle5k.001.1.jpg,0.6355140186915887,0.7604166666666666,0.5934065934065933,0.4466019417475728,0.5333333333333333
tYpxPqwle5k.001.2.jpg,0.6355140186915887,0.7604166666666666,0.5934065934065933,0.4466019417475728,0.5333333333333333
tYpxPqwle5k.001.3.jpg,0.6355140186915887,0.7604166666666666,0.5934065934065933,0.4466019417475728,0.5333333333333333
tYpxPqwle5k.001.4.jpg,0.6355140186915887,0.7604166666666666,0.5934065934065933,0.4466019417475728,0.5333333333333333
rNDxXRvuSDg.000.1.jpg,0.6074766355140188,0.6354166666666666,0.5384615384615384,0.5436893203883495,0.7777777777777777
rNDxXRvuSDg.000.2.jpg,0.6074766355140188,0.6354166666666666,0.5384615384615384,0.5436893203883495,0.7777777777777777
rNDxXRvuSDg.000.3.jpg,0.6074766355140188,0.6354166666666666,0.5384615384615384,0.5436893203883495,0.7777777777777777
rNDxXRvuSDg.000.4.jpg,0.6074766355140188,0.6354166666666666,0.5384615384615384,0.5436893203883495,0.7777777777777777
r4BGKIXrD9c.002.1.jpg,0.38317757009345793,0.45833333333333337,0.5714285714285714,0.5728155339805825,0.4888888888888889
r4BGKIXrD9c.002.2.jpg,0.38317757009345793,0.45833333333333337,0.5714285714285714,0.5728155339805825,0.4888888888888889
r4BGKIXrD9c.002.3.jpg,0.38317757009345793,0.45833333333333337,0.5714285714285714,0.5728155339805825,0.4888888888888889
r4BGKIXrD9c.002.4.jpg,0.38317757009345793,0.45833333333333337,0.5714285714285714,0.5728155339805825,0.4888888888888889
G7QTNbKbu_4.004.1.jpg,0.4205607476635514,0.5104166666666666,0.5384615384615384,0.6116504854368932,0.6222222222222222
G7QTNbKbu_4.004.2.jpg,0.4205607476635514,0.5104166666666666,0.5384615384615384,0.6116504854368932,0.6222222222222222
G7QTNbKbu_4.004.3.jpg,0.4205607476635514,0.5104166666666666,0.5384615384615384,0.6116504854368932,0.6222222222222222
G7QTNbKbu_4.004.4.jpg,0.4205607476635514,0.5104166666666666,0.5384615384615384,0.6116504854368932,0.6222222222222222
Ff0WqsFl-1s.001.1.jpg,0.4299065420560748,0.4895833333333333,0.5604395604395604,0.5048543689320388,0.6777777777777777
Ff0WqsFl-1s.001.2.jpg,0.4299065420560748,0.4895833333333333,0.5604395604395604,0.5048543689320388,0.6777777777777777
Ff0WqsFl-1s.001.3.jpg,0.4299065420560748,0.4895833333333333,0.5604395604395604,0.5048543689320388,0.6777777777777777
Ff0WqsFl-1s.001.4.jpg,0.4299065420560748,0.4895833333333333,0.5604395604395604,0.5048543689320388,0.6777777777777777
dh6iOU2RtTA.000.1.jpg,0.588785046728972,0.8125000000000001,0.6373626373626373,0.6893203883495147,0.811111111111111
dh6iOU2RtTA.000.2.jpg,0.588785046728972,0.8125000000000001,0.6373626373626373,0.6893203883495147,0.811111111111111
dh6iOU2RtTA.000.3.jpg,0.588785046728972,0.8125000000000001,0.6373626373626373,0.6893203883495147,0.811111111111111
dh6iOU2RtTA.000.4.jpg,0.588785046728972,0.8125000000000001,0.6373626373626373,0.6893203883495147,0.811111111111111
qzwUad9KICA.000.1.jpg,0.5140186915887851,0.5,0.4065934065934066,0.5339805825242718,0.6666666666666666
qzwUad9KICA.000.2.jpg,0.5140186915887851,0.5,0.4065934065934066,0.5339805825242718,0.6666666666666666
qzwUad9KICA.000.3.jpg,0.5140186915887851,0.5,0.4065934065934066,0.5339805825242718,0.6666666666666666
qzwUad9KICA.000.4.jpg,0.5140186915887851,0.5,0.4065934065934066,0.5339805825242718,0.6666666666666666
Ahiq4zhmYco.001.1.jpg,0.4018691588785047,0.42708333333333337,0.4395604395604395,0.4077669902912622,0.45555555555555555
Ahiq4zhmYco.001.2.jpg,0.4018691588785047,0.42708333333333337,0.4395604395604395,0.4077669902912622,0.45555555555555555
Ahiq4zhmYco.001.3.jpg,0.4018691588785047,0.42708333333333337,0.4395604395604395,0.4077669902912622,0.45555555555555555
Ahiq4zhmYco.001.4.jpg,0.4018691588785047,0.42708333333333337,0.4395604395604395,0.4077669902912622,0.45555555555555555
8hW6WfYBP18.002.1.jpg,0.4392523364485981,0.3645833333333333,0.3406593406593406,0.4563106796116505,0.34444444444444444
8hW6WfYBP18.002.2.jpg,0.4392523364485981,0.3645833333333333,0.3406593406593406,0.4563106796116505,0.34444444444444444
8hW6WfYBP18.002.3.jpg,0.4392523364485981,0.3645833333333333,0.3406593406593406,0.4563106796116505,0.34444444444444444
8hW6WfYBP18.002.4.jpg,0.4392523364485981,0.3645833333333333,0.3406593406593406,0.4563106796116505,0.34444444444444444
Jy716zClCKs.001.1.jpg,0.5046728971962617,0.6979166666666666,0.6263736263736264,0.6407766990291262,0.7888888888888888
Jy716zClCKs.001.2.jpg,0.5046728971962617,0.6979166666666666,0.6263736263736264,0.6407766990291262,0.7888888888888888
Jy716zClCKs.001.3.jpg,0.5046728971962617,0.6979166666666666,0.6263736263736264,0.6407766990291262,0.7888888888888888
Jy716zClCKs.001.4.jpg,0.5046728971962617,0.6979166666666666,0.6263736263736264,0.6407766990291262,0.7888888888888888
SPD5fXHVyIk.005.1.jpg,0.2336448598130841,0.20833333333333331,0.3846153846153846,0.5631067961165048,0.26666666666666666
SPD5fXHVyIk.005.2.jpg,0.2336448598130841,0.20833333333333331,0.3846153846153846,0.5631067961165048,0.26666666666666666
SPD5fXHVyIk.005.3.jpg,0.2336448598130841,0.20833333333333331,0.3846153846153846,0.5631067961165048,0.26666666666666666
SPD5fXHVyIk.005.4.jpg,0.2336448598130841,0.20833333333333331,0.3846153846153846,0.5631067961165048,0.26666666666666666
EeI8iXLDfc0.000.1.jpg,0.48598130841121495,0.625,0.5494505494505494,0.5048543689320388,0.5111111111111111
EeI8iXLDfc0.000.2.jpg,0.48598130841121495,0.625,0.5494505494505494,0.5048543689320388,0.5111111111111111
EeI8iXLDfc0.000.3.jpg,0.48598130841121495,0.625,0.5494505494505494,0.5048543689320388,0.5111111111111111
EeI8iXLDfc0.000.4.jpg,0.48598130841121495,0.625,0.5494505494505494,0.5048543689320388,0.5111111111111111
US4PxgfKDeA.001.1.jpg,0.4018691588785047,0.3645833333333333,0.4615384615384615,0.4466019417475728,0.6333333333333333
US4PxgfKDeA.001.2.jpg,0.4018691588785047,0.3645833333333333,0.4615384615384615,0.4466019417475728,0.6333333333333333
US4PxgfKDeA.001.3.jpg,0.4018691588785047,0.3645833333333333,0.4615384615384615,0.4466019417475728,0.6333333333333333
US4PxgfKDeA.001.4.jpg,0.4018691588785047,0.3645833333333333,0.4615384615384615,0.4466019417475728,0.6333333333333333
rW7b48Dy_80.000.1.jpg,0.6728971962616823,0.625,0.5604395604395604,0.42718446601941745,0.5555555555555556
rW7b48Dy_80.000.2.jpg,0.6728971962616823,0.625,0.5604395604395604,0.42718446601941745,0.5555555555555556
rW7b48Dy_80.000.3.jpg,0.6728971962616823,0.625,0.5604395604395604,0.42718446601941745,0.5555555555555556
rW7b48Dy_80.000.4.jpg,0.6728971962616823,0.625,0.5604395604395604,0.42718446601941745,0.5555555555555556
B2riMsP8LD8.000.1.jpg,0.5794392523364487,0.7916666666666667,0.6263736263736264,0.8349514563106796,0.6888888888888889
B2riMsP8LD8.000.2.jpg,0.5794392523364487,0.7916666666666667,0.6263736263736264,0.8349514563106796,0.6888888888888889
B2riMsP8LD8.000.3.jpg,0.5794392523364487,0.7916666666666667,0.6263736263736264,0.8349514563106796,0.6888888888888889
B2riMsP8LD8.000.4.jpg,0.5794392523364487,0.7916666666666667,0.6263736263736264,0.8349514563106796,0.6888888888888889
4CiR99jTzso.002.1.jpg,0.4953271028037384,0.5104166666666666,0.5824175824175825,0.3980582524271845,0.5777777777777777
4CiR99jTzso.002.2.jpg,0.4953271028037384,0.5104166666666666,0.5824175824175825,0.3980582524271845,0.5777777777777777
4CiR99jTzso.002.3.jpg,0.4953271028037384,0.5104166666666666,0.5824175824175825,0.3980582524271845,0.5777777777777777
4CiR99jTzso.002.4.jpg,0.4953271028037384,0.5104166666666666,0.5824175824175825,0.3980582524271845,0.5777777777777777
bviHajVIie0.001.1.jpg,0.5981308411214954,0.6041666666666666,0.5604395604395604,0.6601941747572816,0.6555555555555556
bviHajVIie0.001.2.jpg,0.5981308411214954,0.6041666666666666,0.5604395604395604,0.6601941747572816,0.6555555555555556
bviHajVIie0.001.3.jpg,0.5981308411214954,0.6041666666666666,0.5604395604395604,0.6601941747572816,0.6555555555555556
bviHajVIie0.001.4.jpg,0.5981308411214954,0.6041666666666666,0.5604395604395604,0.6601941747572816,0.6555555555555556
KmHe8urs3LI.000.1.jpg,0.39252336448598135,0.5208333333333334,0.4615384615384615,0.30097087378640774,0.3111111111111111
KmHe8urs3LI.000.2.jpg,0.39252336448598135,0.5208333333333334,0.4615384615384615,0.30097087378640774,0.3111111111111111
KmHe8urs3LI.000.3.jpg,0.39252336448598135,0.5208333333333334,0.4615384615384615,0.30097087378640774,0.3111111111111111
KmHe8urs3LI.000.4.jpg,0.39252336448598135,0.5208333333333334,0.4615384615384615,0.30097087378640774,0.3111111111111111
HQDkoaHULbw.005.1.jpg,0.6261682242990655,0.8541666666666667,0.6593406593406592,0.7281553398058251,0.6555555555555556
HQDkoaHULbw.005.2.jpg,0.6261682242990655,0.8541666666666667,0.6593406593406592,0.7281553398058251,0.6555555555555556
HQDkoaHULbw.005.3.jpg,0.6261682242990655,0.8541666666666667,0.6593406593406592,0.7281553398058251,0.6555555555555556
HQDkoaHULbw.005.4.jpg,0.6261682242990655,0.8541666666666667,0.6593406593406592,0.7281553398058251,0.6555555555555556
jnEHHvlBgxE.001.1.jpg,0.6074766355140188,0.5625,0.6593406593406592,0.6796116504854369,0.6888888888888889
jnEHHvlBgxE.001.2.jpg,0.6074766355140188,0.5625,0.6593406593406592,0.6796116504854369,0.6888888888888889
jnEHHvlBgxE.001.3.jpg,0.6074766355140188,0.5625,0.6593406593406592,0.6796116504854369,0.6888888888888889
jnEHHvlBgxE.001.4.jpg,0.6074766355140188,0.5625,0.6593406593406592,0.6796116504854369,0.6888888888888889
KB09jENVJ_0.001.1.jpg,0.5046728971962617,0.42708333333333337,0.4505494505494505,0.4368932038834952,0.5444444444444444
KB09jENVJ_0.001.2.jpg,0.5046728971962617,0.42708333333333337,0.4505494505494505,0.4368932038834952,0.5444444444444444
KB09jENVJ_0.001.3.jpg,0.5046728971962617,0.42708333333333337,0.4505494505494505,0.4368932038834952,0.5444444444444444
KB09jENVJ_0.001.4.jpg,0.5046728971962617,0.42708333333333337,0.4505494505494505,0.4368932038834952,0.5444444444444444
51KRxB3g7A8.001.1.jpg,0.6448598130841123,0.65625,0.6483516483516484,0.6990291262135921,0.6222222222222222
51KRxB3g7A8.001.2.jpg,0.6448598130841123,0.65625,0.6483516483516484,0.6990291262135921,0.6222222222222222
51KRxB3g7A8.001.3.jpg,0.6448598130841123,0.65625,0.6483516483516484,0.6990291262135921,0.6222222222222222
51KRxB3g7A8.001.4.jpg,0.6448598130841123,0.65625,0.6483516483516484,0.6990291262135921,0.6222222222222222
WRz1F6DqmRQ.001.1.jpg,0.4299065420560748,0.4166666666666667,0.5274725274725275,0.36893203883495146,0.38888888888888895
WRz1F6DqmRQ.001.2.jpg,0.4299065420560748,0.4166666666666667,0.5274725274725275,0.36893203883495146,0.38888888888888895
WRz1F6DqmRQ.001.3.jpg,0.4299065420560748,0.4166666666666667,0.5274725274725275,0.36893203883495146,0.38888888888888895
WRz1F6DqmRQ.001.4.jpg,0.4299065420560748,0.4166666666666667,0.5274725274725275,0.36893203883495146,0.38888888888888895
KnbEca4Ibwk.001.1.jpg,0.35514018691588783,0.29166666666666663,0.32967032967032966,0.2912621359223301,0.4
KnbEca4Ibwk.001.2.jpg,0.35514018691588783,0.29166666666666663,0.32967032967032966,0.2912621359223301,0.4
KnbEca4Ibwk.001.3.jpg,0.35514018691588783,0.29166666666666663,0.32967032967032966,0.2912621359223301,0.4
KnbEca4Ibwk.001.4.jpg,0.35514018691588783,0.29166666666666663,0.32967032967032966,0.2912621359223301,0.4
KYvMsMLNGvY.003.1.jpg,0.4205607476635514,0.4895833333333333,0.4505494505494505,0.4660194174757281,0.45555555555555555
KYvMsMLNGvY.003.2.jpg,0.4205607476635514,0.4895833333333333,0.4505494505494505,0.4660194174757281,0.45555555555555555
KYvMsMLNGvY.003.3.jpg,0.4205607476635514,0.4895833333333333,0.4505494505494505,0.4660194174757281,0.45555555555555555
KYvMsMLNGvY.003.4.jpg,0.4205607476635514,0.4895833333333333,0.4505494505494505,0.4660194174757281,0.45555555555555555
RgZTZIf8K8g.005.1.jpg,0.4018691588785047,0.3645833333333333,0.5164835164835165,0.5728155339805825,0.4222222222222222
RgZTZIf8K8g.005.2.jpg,0.4018691588785047,0.3645833333333333,0.5164835164835165,0.5728155339805825,0.4222222222222222
RgZTZIf8K8g.005.3.jpg,0.4018691588785047,0.3645833333333333,0.5164835164835165,0.5728155339805825,0.4222222222222222
RgZTZIf8K8g.005.4.jpg,0.4018691588785047,0.3645833333333333,0.5164835164835165,0.5728155339805825,0.4222222222222222
xRhUBifOWiI.002.1.jpg,0.5420560747663552,0.5833333333333333,0.6373626373626373,0.6796116504854369,0.5222222222222223
xRhUBifOWiI.002.2.jpg,0.5420560747663552,0.5833333333333333,0.6373626373626373,0.6796116504854369,0.5222222222222223
xRhUBifOWiI.002.3.jpg,0.5420560747663552,0.5833333333333333,0.6373626373626373,0.6796116504854369,0.5222222222222223
xRhUBifOWiI.002.4.jpg,0.5420560747663552,0.5833333333333333,0.6373626373626373,0.6796116504854369,0.5222222222222223
4nir0YtjHVs.004.1.jpg,0.794392523364486,0.8125000000000001,0.7692307692307692,0.7475728155339806,0.9777777777777777
4nir0YtjHVs.004.2.jpg,0.794392523364486,0.8125000000000001,0.7692307692307692,0.7475728155339806,0.9777777777777777
4nir0YtjHVs.004.3.jpg,0.794392523364486,0.8125000000000001,0.7692307692307692,0.7475728155339806,0.9777777777777777
4nir0YtjHVs.004.4.jpg,0.794392523364486,0.8125000000000001,0.7692307692307692,0.7475728155339806,0.9777777777777777
c2LeNguVNrI.005.1.jpg,0.4018691588785047,0.4479166666666667,0.4285714285714285,0.3786407766990291,0.3555555555555556
c2LeNguVNrI.005.2.jpg,0.4018691588785047,0.4479166666666667,0.4285714285714285,0.3786407766990291,0.3555555555555556
c2LeNguVNrI.005.3.jpg,0.4018691588785047,0.4479166666666667,0.4285714285714285,0.3786407766990291,0.3555555555555556
c2LeNguVNrI.005.4.jpg,0.4018691588785047,0.4479166666666667,0.4285714285714285,0.3786407766990291,0.3555555555555556
_IS6GFmQYj4.005.1.jpg,0.5046728971962617,0.6354166666666666,0.6483516483516484,0.5339805825242718,0.6555555555555556
_IS6GFmQYj4.005.2.jpg,0.5046728971962617,0.6354166666666666,0.6483516483516484,0.5339805825242718,0.6555555555555556
_IS6GFmQYj4.005.3.jpg,0.5046728971962617,0.6354166666666666,0.6483516483516484,0.5339805825242718,0.6555555555555556
_IS6GFmQYj4.005.4.jpg,0.5046728971962617,0.6354166666666666,0.6483516483516484,0.5339805825242718,0.6555555555555556
ZRl_k6DzTeI.002.1.jpg,0.3177570093457944,0.45833333333333337,0.3846153846153846,0.36893203883495146,0.5888888888888889
ZRl_k6DzTeI.002.2.jpg,0.3177570093457944,0.45833333333333337,0.3846153846153846,0.36893203883495146,0.5888888888888889
ZRl_k6DzTeI.002.3.jpg,0.3177570093457944,0.45833333333333337,0.3846153846153846,0.36893203883495146,0.5888888888888889
ZRl_k6DzTeI.002.4.jpg,0.3177570093457944,0.45833333333333337,0.3846153846153846,0.36893203883495146,0.5888888888888889
UhNyHUwo1SY.002.1.jpg,0.588785046728972,0.7291666666666667,0.6923076923076923,0.6990291262135921,0.6777777777777777
UhNyHUwo1SY.002.2.jpg,0.588785046728972,0.7291666666666667,0.6923076923076923,0.6990291262135921,0.6777777777777777
UhNyHUwo1SY.002.3.jpg,0.588785046728972,0.7291666666666667,0.6923076923076923,0.6990291262135921,0.6777777777777777
UhNyHUwo1SY.002.4.jpg,0.588785046728972,0.7291666666666667,0.6923076923076923,0.6990291262135921,0.6777777777777777
m_2k0dL8CRM.000.1.jpg,0.5046728971962617,0.3854166666666667,0.6153846153846153,0.4660194174757281,0.611111111111111
m_2k0dL8CRM.000.2.jpg,0.5046728971962617,0.3854166666666667,0.6153846153846153,0.4660194174757281,0.611111111111111
m_2k0dL8CRM.000.3.jpg,0.5046728971962617,0.3854166666666667,0.6153846153846153,0.4660194174757281,0.611111111111111
m_2k0dL8CRM.000.4.jpg,0.5046728971962617,0.3854166666666667,0.6153846153846153,0.4660194174757281,0.611111111111111
ZYrFfvp7_Mo.001.1.jpg,0.6261682242990655,0.6145833333333333,0.5934065934065933,0.5242718446601942,0.6888888888888889
ZYrFfvp7_Mo.001.2.jpg,0.6261682242990655,0.6145833333333333,0.5934065934065933,0.5242718446601942,0.6888888888888889
ZYrFfvp7_Mo.001.3.jpg,0.6261682242990655,0.6145833333333333,0.5934065934065933,0.5242718446601942,0.6888888888888889
ZYrFfvp7_Mo.001.4.jpg,0.6261682242990655,0.6145833333333333,0.5934065934065933,0.5242718446601942,0.6888888888888889
oG84VxrGfj0.004.1.jpg,0.3271028037383178,0.46875,0.5054945054945055,0.4951456310679611,0.5222222222222223
oG84VxrGfj0.004.2.jpg,0.3271028037383178,0.46875,0.5054945054945055,0.4951456310679611,0.5222222222222223
oG84VxrGfj0.004.3.jpg,0.3271028037383178,0.46875,0.5054945054945055,0.4951456310679611,0.5222222222222223
oG84VxrGfj0.004.4.jpg,0.3271028037383178,0.46875,0.5054945054945055,0.4951456310679611,0.5222222222222223
GS7cBLgZKgk.005.1.jpg,0.2710280373831776,0.3020833333333333,0.3406593406593406,0.2912621359223301,0.33333333333333337
GS7cBLgZKgk.005.2.jpg,0.2710280373831776,0.3020833333333333,0.3406593406593406,0.2912621359223301,0.33333333333333337
GS7cBLgZKgk.005.3.jpg,0.2710280373831776,0.3020833333333333,0.3406593406593406,0.2912621359223301,0.33333333333333337
GS7cBLgZKgk.005.4.jpg,0.2710280373831776,0.3020833333333333,0.3406593406593406,0.2912621359223301,0.33333333333333337
PHUlL5ZzX5U.004.1.jpg,0.16822429906542055,0.3125,0.31868131868131866,0.2912621359223301,0.7
PHUlL5ZzX5U.004.2.jpg,0.16822429906542055,0.3125,0.31868131868131866,0.2912621359223301,0.7
PHUlL5ZzX5U.004.3.jpg,0.16822429906542055,0.3125,0.31868131868131866,0.2912621359223301,0.7
PHUlL5ZzX5U.004.4.jpg,0.16822429906542055,0.3125,0.31868131868131866,0.2912621359223301,0.7
kSk-rf7a1Ig.002.1.jpg,0.48598130841121495,0.3333333333333333,0.5274725274725275,0.6019417475728155,0.4888888888888889
kSk-rf7a1Ig.002.2.jpg,0.48598130841121495,0.3333333333333333,0.5274725274725275,0.6019417475728155,0.4888888888888889
kSk-rf7a1Ig.002.3.jpg,0.48598130841121495,0.3333333333333333,0.5274725274725275,0.6019417475728155,0.4888888888888889
kSk-rf7a1Ig.002.4.jpg,0.48598130841121495,0.3333333333333333,0.5274725274725275,0.6019417475728155,0.4888888888888889
9UWCHrG5mys.000.1.jpg,0.5420560747663552,0.53125,0.4945054945054945,0.5242718446601942,0.5222222222222223
9UWCHrG5mys.000.2.jpg,0.5420560747663552,0.53125,0.4945054945054945,0.5242718446601942,0.5222222222222223
9UWCHrG5mys.000.3.jpg,0.5420560747663552,0.53125,0.4945054945054945,0.5242718446601942,0.5222222222222223
9UWCHrG5mys.000.4.jpg,0.5420560747663552,0.53125,0.4945054945054945,0.5242718446601942,0.5222222222222223
zupxsNi2er8.003.1.jpg,0.36448598130841126,0.4791666666666667,0.5384615384615384,0.42718446601941745,0.4
zupxsNi2er8.003.2.jpg,0.36448598130841126,0.4791666666666667,0.5384615384615384,0.42718446601941745,0.4
zupxsNi2er8.003.3.jpg,0.36448598130841126,0.4791666666666667,0.5384615384615384,0.42718446601941745,0.4
zupxsNi2er8.003.4.jpg,0.36448598130841126,0.4791666666666667,0.5384615384615384,0.42718446601941745,0.4
Z6Yb7xE4Jb4.001.1.jpg,0.37383177570093457,0.46875,0.5604395604395604,0.4466019417475728,0.6777777777777777
Z6Yb7xE4Jb4.001.2.jpg,0.37383177570093457,0.46875,0.5604395604395604,0.4466019417475728,0.6777777777777777
Z6Yb7xE4Jb4.001.3.jpg,0.37383177570093457,0.46875,0.5604395604395604,0.4466019417475728,0.6777777777777777
Z6Yb7xE4Jb4.001.4.jpg,0.37383177570093457,0.46875,0.5604395604395604,0.4466019417475728,0.6777777777777777
datcFOBWYxc.004.1.jpg,0.4392523364485981,0.4166666666666667,0.5934065934065933,0.5922330097087379,0.5555555555555556
datcFOBWYxc.004.2.jpg,0.4392523364485981,0.4166666666666667,0.5934065934065933,0.5922330097087379,0.5555555555555556
datcFOBWYxc.004.3.jpg,0.4392523364485981,0.4166666666666667,0.5934065934065933,0.5922330097087379,0.5555555555555556
datcFOBWYxc.004.4.jpg,0.4392523364485981,0.4166666666666667,0.5934065934065933,0.5922330097087379,0.5555555555555556
T8ibN-b3h7Y.004.1.jpg,0.7196261682242993,0.5729166666666666,0.6483516483516484,0.5922330097087379,0.6222222222222222
T8ibN-b3h7Y.004.2.jpg,0.7196261682242993,0.5729166666666666,0.6483516483516484,0.5922330097087379,0.6222222222222222
T8ibN-b3h7Y.004.3.jpg,0.7196261682242993,0.5729166666666666,0.6483516483516484,0.5922330097087379,0.6222222222222222
T8ibN-b3h7Y.004.4.jpg,0.7196261682242993,0.5729166666666666,0.6483516483516484,0.5922330097087379,0.6222222222222222
Ie2y_yOeKpo.005.1.jpg,0.7196261682242993,0.4895833333333333,0.4835164835164835,0.4077669902912622,0.611111111111111
Ie2y_yOeKpo.005.2.jpg,0.7196261682242993,0.4895833333333333,0.4835164835164835,0.4077669902912622,0.611111111111111
Ie2y_yOeKpo.005.3.jpg,0.7196261682242993,0.4895833333333333,0.4835164835164835,0.4077669902912622,0.611111111111111
Ie2y_yOeKpo.005.4.jpg,0.7196261682242993,0.4895833333333333,0.4835164835164835,0.4077669902912622,0.611111111111111
xLfLuyIQOJE.001.1.jpg,0.36448598130841126,0.42708333333333337,0.5714285714285714,0.4563106796116505,0.5222222222222223
xLfLuyIQOJE.001.2.jpg,0.36448598130841126,0.42708333333333337,0.5714285714285714,0.4563106796116505,0.5222222222222223
xLfLuyIQOJE.001.3.jpg,0.36448598130841126,0.42708333333333337,0.5714285714285714,0.4563106796116505,0.5222222222222223
xLfLuyIQOJE.001.4.jpg,0.36448598130841126,0.42708333333333337,0.5714285714285714,0.4563106796116505,0.5222222222222223
TSGpD2NBeCQ.001.1.jpg,0.4392523364485981,0.4479166666666667,0.5714285714285714,0.4466019417475728,0.4666666666666667
TSGpD2NBeCQ.001.2.jpg,0.4392523364485981,0.4479166666666667,0.5714285714285714,0.4466019417475728,0.4666666666666667
TSGpD2NBeCQ.001.3.jpg,0.4392523364485981,0.4479166666666667,0.5714285714285714,0.4466019417475728,0.4666666666666667
TSGpD2NBeCQ.001.4.jpg,0.4392523364485981,0.4479166666666667,0.5714285714285714,0.4466019417475728,0.4666666666666667
4fN-DKUzgWQ.000.1.jpg,0.7383177570093458,0.7812499999999999,0.7582417582417583,0.8349514563106796,0.8444444444444444
4fN-DKUzgWQ.000.2.jpg,0.7383177570093458,0.7812499999999999,0.7582417582417583,0.8349514563106796,0.8444444444444444
4fN-DKUzgWQ.000.3.jpg,0.7383177570093458,0.7812499999999999,0.7582417582417583,0.8349514563106796,0.8444444444444444
4fN-DKUzgWQ.000.4.jpg,0.7383177570093458,0.7812499999999999,0.7582417582417583,0.8349514563106796,0.8444444444444444
4lIbWq27O84.005.1.jpg,0.36448598130841126,0.40625000000000006,0.4835164835164835,0.3883495145631068,0.4777777777777778
4lIbWq27O84.005.2.jpg,0.36448598130841126,0.40625000000000006,0.4835164835164835,0.3883495145631068,0.4777777777777778
4lIbWq27O84.005.3.jpg,0.36448598130841126,0.40625000000000006,0.4835164835164835,0.3883495145631068,0.4777777777777778
4lIbWq27O84.005.4.jpg,0.36448598130841126,0.40625000000000006,0.4835164835164835,0.3883495145631068,0.4777777777777778
8hH_eJ8qv_M.000.1.jpg,0.6168224299065421,0.6770833333333334,0.5934065934065933,0.6213592233009709,0.7555555555555554
8hH_eJ8qv_M.000.2.jpg,0.6168224299065421,0.6770833333333334,0.5934065934065933,0.6213592233009709,0.7555555555555554
8hH_eJ8qv_M.000.3.jpg,0.6168224299065421,0.6770833333333334,0.5934065934065933,0.6213592233009709,0.7555555555555554
8hH_eJ8qv_M.000.4.jpg,0.6168224299065421,0.6770833333333334,0.5934065934065933,0.6213592233009709,0.7555555555555554
ZaihsIQZCx8.001.1.jpg,0.37383177570093457,0.40625000000000006,0.4835164835164835,0.6504854368932039,0.45555555555555555
ZaihsIQZCx8.001.2.jpg,0.37383177570093457,0.40625000000000006,0.4835164835164835,0.6504854368932039,0.45555555555555555
ZaihsIQZCx8.001.3.jpg,0.37383177570093457,0.40625000000000006,0.4835164835164835,0.6504854368932039,0.45555555555555555
ZaihsIQZCx8.001.4.jpg,0.37383177570093457,0.40625000000000006,0.4835164835164835,0.6504854368932039,0.45555555555555555
SFRis1tTZWk.005.1.jpg,0.6074766355140188,0.6979166666666666,0.6483516483516484,0.6310679611650486,0.6222222222222222
SFRis1tTZWk.005.2.jpg,0.6074766355140188,0.6979166666666666,0.6483516483516484,0.6310679611650486,0.6222222222222222
SFRis1tTZWk.005.3.jpg,0.6074766355140188,0.6979166666666666,0.6483516483516484,0.6310679611650486,0.6222222222222222
SFRis1tTZWk.005.4.jpg,0.6074766355140188,0.6979166666666666,0.6483516483516484,0.6310679611650486,0.6222222222222222
kco35S1k5Ks.001.1.jpg,0.28037383177570097,0.17708333333333331,0.3956043956043956,0.35922330097087385,0.43333333333333335
kco35S1k5Ks.001.2.jpg,0.28037383177570097,0.17708333333333331,0.3956043956043956,0.35922330097087385,0.43333333333333335
kco35S1k5Ks.001.3.jpg,0.28037383177570097,0.17708333333333331,0.3956043956043956,0.35922330097087385,0.43333333333333335
kco35S1k5Ks.001.4.jpg,0.28037383177570097,0.17708333333333331,0.3956043956043956,0.35922330097087385,0.43333333333333335
PQBGDxYGaXU.003.1.jpg,0.36448598130841126,0.5416666666666666,0.5054945054945055,0.3300970873786408,0.5555555555555556
PQBGDxYGaXU.003.2.jpg,0.36448598130841126,0.5416666666666666,0.5054945054945055,0.3300970873786408,0.5555555555555556
PQBGDxYGaXU.003.3.jpg,0.36448598130841126,0.5416666666666666,0.5054945054945055,0.3300970873786408,0.5555555555555556
PQBGDxYGaXU.003.4.jpg,0.36448598130841126,0.5416666666666666,0.5054945054945055,0.3300970873786408,0.5555555555555556
6M8OQNo64Tc.000.1.jpg,0.22429906542056074,0.3020833333333333,0.2747252747252747,0.15533980582524273,0.3
6M8OQNo64Tc.000.2.jpg,0.22429906542056074,0.3020833333333333,0.2747252747252747,0.15533980582524273,0.3
6M8OQNo64Tc.000.3.jpg,0.22429906542056074,0.3020833333333333,0.2747252747252747,0.15533980582524273,0.3
6M8OQNo64Tc.000.4.jpg,0.22429906542056074,0.3020833333333333,0.2747252747252747,0.15533980582524273,0.3
cdtZKwM5NIM.002.1.jpg,0.5607476635514019,0.5416666666666666,0.6153846153846153,0.7281553398058251,0.5444444444444444
cdtZKwM5NIM.002.2.jpg,0.5607476635514019,0.5416666666666666,0.6153846153846153,0.7281553398058251,0.5444444444444444
cdtZKwM5NIM.002.3.jpg,0.5607476635514019,0.5416666666666666,0.6153846153846153,0.7281553398058251,0.5444444444444444
cdtZKwM5NIM.002.4.jpg,0.5607476635514019,0.5416666666666666,0.6153846153846153,0.7281553398058251,0.5444444444444444
nndDX4RgU1w.002.1.jpg,0.4205607476635514,0.4895833333333333,0.5054945054945055,0.35922330097087385,0.5444444444444444
nndDX4RgU1w.002.2.jpg,0.4205607476635514,0.4895833333333333,0.5054945054945055,0.35922330097087385,0.5444444444444444
nndDX4RgU1w.002.3.jpg,0.4205607476635514,0.4895833333333333,0.5054945054945055,0.35922330097087385,0.5444444444444444
nndDX4RgU1w.002.4.jpg,0.4205607476635514,0.4895833333333333,0.5054945054945055,0.35922330097087385,0.5444444444444444
gfTTzlRNF8s.002.1.jpg,0.7196261682242993,0.6875,0.5274725274725275,0.6019417475728155,0.7777777777777777
gfTTzlRNF8s.002.2.jpg,0.7196261682242993,0.6875,0.5274725274725275,0.6019417475728155,0.7777777777777777
gfTTzlRNF8s.002.3.jpg,0.7196261682242993,0.6875,0.5274725274725275,0.6019417475728155,0.7777777777777777
gfTTzlRNF8s.002.4.jpg,0.7196261682242993,0.6875,0.5274725274725275,0.6019417475728155,0.7777777777777777
8YQKwMdiaAE.000.1.jpg,0.4953271028037384,0.5729166666666666,0.5714285714285714,0.4466019417475728,0.811111111111111
8YQKwMdiaAE.000.2.jpg,0.4953271028037384,0.5729166666666666,0.5714285714285714,0.4466019417475728,0.811111111111111
8YQKwMdiaAE.000.3.jpg,0.4953271028037384,0.5729166666666666,0.5714285714285714,0.4466019417475728,0.811111111111111
8YQKwMdiaAE.000.4.jpg,0.4953271028037384,0.5729166666666666,0.5714285714285714,0.4466019417475728,0.811111111111111
SsoZjq7x4MA.003.1.jpg,0.4485981308411215,0.4895833333333333,0.6263736263736264,0.4854368932038835,0.6777777777777777
SsoZjq7x4MA.003.2.jpg,0.4485981308411215,0.4895833333333333,0.6263736263736264,0.4854368932038835,0.6777777777777777
SsoZjq7x4MA.003.3.jpg,0.4485981308411215,0.4895833333333333,0.6263736263736264,0.4854368932038835,0.6777777777777777
SsoZjq7x4MA.003.4.jpg,0.4485981308411215,0.4895833333333333,0.6263736263736264,0.4854368932038835,0.6777777777777777
RCr48dXuZYE.003.1.jpg,0.35514018691588783,0.4375,0.5164835164835165,0.3786407766990291,0.4444444444444445
RCr48dXuZYE.003.2.jpg,0.35514018691588783,0.4375,0.5164835164835165,0.3786407766990291,0.4444444444444445
RCr48dXuZYE.003.3.jpg,0.35514018691588783,0.4375,0.5164835164835165,0.3786407766990291,0.4444444444444445
RCr48dXuZYE.003.4.jpg,0.35514018691588783,0.4375,0.5164835164835165,0.3786407766990291,0.4444444444444445
Qzu9b49qvKo.004.1.jpg,0.35514018691588783,0.35416666666666663,0.5384615384615384,0.5339805825242718,0.5444444444444444
Qzu9b49qvKo.004.2.jpg,0.35514018691588783,0.35416666666666663,0.5384615384615384,0.5339805825242718,0.5444444444444444
Qzu9b49qvKo.004.3.jpg,0.35514018691588783,0.35416666666666663,0.5384615384615384,0.5339805825242718,0.5444444444444444
Qzu9b49qvKo.004.4.jpg,0.35514018691588783,0.35416666666666663,0.5384615384615384,0.5339805825242718,0.5444444444444444
kJLeYUobR0M.000.1.jpg,0.6261682242990655,0.6041666666666666,0.6043956043956044,0.5145631067961165,0.6
kJLeYUobR0M.000.2.jpg,0.6261682242990655,0.6041666666666666,0.6043956043956044,0.5145631067961165,0.6
kJLeYUobR0M.000.3.jpg,0.6261682242990655,0.6041666666666666,0.6043956043956044,0.5145631067961165,0.6
kJLeYUobR0M.000.4.jpg,0.6261682242990655,0.6041666666666666,0.6043956043956044,0.5145631067961165,0.6
MDoZUDTSayc.001.1.jpg,0.6261682242990655,0.53125,0.5164835164835165,0.5728155339805825,0.6333333333333333
MDoZUDTSayc.001.2.jpg,0.6261682242990655,0.53125,0.5164835164835165,0.5728155339805825,0.6333333333333333
MDoZUDTSayc.001.3.jpg,0.6261682242990655,0.53125,0.5164835164835165,0.5728155339805825,0.6333333333333333
MDoZUDTSayc.001.4.jpg,0.6261682242990655,0.53125,0.5164835164835165,0.5728155339805825,0.6333333333333333
C-48U5oDuvw.000.1.jpg,0.4392523364485981,0.4375,0.5714285714285714,0.5145631067961165,0.34444444444444444
C-48U5oDuvw.000.2.jpg,0.4392523364485981,0.4375,0.5714285714285714,0.5145631067961165,0.34444444444444444
C-48U5oDuvw.000.3.jpg,0.4392523364485981,0.4375,0.5714285714285714,0.5145631067961165,0.34444444444444444
C-48U5oDuvw.000.4.jpg,0.4392523364485981,0.4375,0.5714285714285714,0.5145631067961165,0.34444444444444444
OiDyfO2zB7s.005.1.jpg,0.24299065420560748,0.22916666666666663,0.32967032967032966,0.4466019417475728,0.2777777777777778
OiDyfO2zB7s.005.2.jpg,0.24299065420560748,0.22916666666666663,0.32967032967032966,0.4466019417475728,0.2777777777777778
OiDyfO2zB7s.005.3.jpg,0.24299065420560748,0.22916666666666663,0.32967032967032966,0.4466019417475728,0.2777777777777778
OiDyfO2zB7s.005.4.jpg,0.24299065420560748,0.22916666666666663,0.32967032967032966,0.4466019417475728,0.2777777777777778
7WixH0aSfqI.004.1.jpg,0.7850467289719627,0.6979166666666666,0.7362637362637363,0.5048543689320388,0.8222222222222221
7WixH0aSfqI.004.2.jpg,0.7850467289719627,0.6979166666666666,0.7362637362637363,0.5048543689320388,0.8222222222222221
7WixH0aSfqI.004.3.jpg,0.7850467289719627,0.6979166666666666,0.7362637362637363,0.5048543689320388,0.8222222222222221
7WixH0aSfqI.004.4.jpg,0.7850467289719627,0.6979166666666666,0.7362637362637363,0.5048543689320388,0.8222222222222221
-PWjgx2czwY.000.1.jpg,0.5420560747663552,0.59375,0.6043956043956044,0.8155339805825244,0.6
-PWjgx2czwY.000.2.jpg,0.5420560747663552,0.59375,0.6043956043956044,0.8155339805825244,0.6
-PWjgx2czwY.000.3.jpg,0.5420560747663552,0.59375,0.6043956043956044,0.8155339805825244,0.6
-PWjgx2czwY.000.4.jpg,0.5420560747663552,0.59375,0.6043956043956044,0.8155339805825244,0.6
ax8wm9K41og.002.1.jpg,0.5140186915887851,0.53125,0.5824175824175825,0.5048543689320388,0.5111111111111111
ax8wm9K41og.002.2.jpg,0.5140186915887851,0.53125,0.5824175824175825,0.5048543689320388,0.5111111111111111
ax8wm9K41og.002.3.jpg,0.5140186915887851,0.53125,0.5824175824175825,0.5048543689320388,0.5111111111111111
ax8wm9K41og.002.4.jpg,0.5140186915887851,0.53125,0.5824175824175825,0.5048543689320388,0.5111111111111111
kyq-X4IFMtw.004.1.jpg,0.3457943925233645,0.3645833333333333,0.5604395604395604,0.30097087378640774,0.5222222222222223
kyq-X4IFMtw.004.2.jpg,0.3457943925233645,0.3645833333333333,0.5604395604395604,0.30097087378640774,0.5222222222222223
kyq-X4IFMtw.004.3.jpg,0.3457943925233645,0.3645833333333333,0.5604395604395604,0.30097087378640774,0.5222222222222223
kyq-X4IFMtw.004.4.jpg,0.3457943925233645,0.3645833333333333,0.5604395604395604,0.30097087378640774,0.5222222222222223
khCsAN1Bk_I.004.1.jpg,0.26168224299065423,0.2395833333333333,0.4065934065934066,0.27184466019417475,0.4888888888888889
khCsAN1Bk_I.004.2.jpg,0.26168224299065423,0.2395833333333333,0.4065934065934066,0.27184466019417475,0.4888888888888889
khCsAN1Bk_I.004.3.jpg,0.26168224299065423,0.2395833333333333,0.4065934065934066,0.27184466019417475,0.4888888888888889
khCsAN1Bk_I.004.4.jpg,0.26168224299065423,0.2395833333333333,0.4065934065934066,0.27184466019417475,0.4888888888888889
ymrFbEMNBME.000.1.jpg,0.5794392523364487,0.6041666666666666,0.5824175824175825,0.6796116504854369,0.7333333333333333
ymrFbEMNBME.000.2.jpg,0.5794392523364487,0.6041666666666666,0.5824175824175825,0.6796116504854369,0.7333333333333333
ymrFbEMNBME.000.3.jpg,0.5794392523364487,0.6041666666666666,0.5824175824175825,0.6796116504854369,0.7333333333333333
ymrFbEMNBME.000.4.jpg,0.5794392523364487,0.6041666666666666,0.5824175824175825,0.6796116504854369,0.7333333333333333
mlXZQ8dO0nQ.001.1.jpg,0.7289719626168225,0.5,0.6153846153846153,0.5728155339805825,0.6777777777777777
mlXZQ8dO0nQ.001.2.jpg,0.7289719626168225,0.5,0.6153846153846153,0.5728155339805825,0.6777777777777777
mlXZQ8dO0nQ.001.3.jpg,0.7289719626168225,0.5,0.6153846153846153,0.5728155339805825,0.6777777777777777
mlXZQ8dO0nQ.001.4.jpg,0.7289719626168225,0.5,0.6153846153846153,0.5728155339805825,0.6777777777777777
2rV3Ibtdnvs.001.1.jpg,0.4953271028037384,0.53125,0.5934065934065933,0.6019417475728155,0.6333333333333333
2rV3Ibtdnvs.001.2.jpg,0.4953271028037384,0.53125,0.5934065934065933,0.6019417475728155,0.6333333333333333
2rV3Ibtdnvs.001.3.jpg,0.4953271028037384,0.53125,0.5934065934065933,0.6019417475728155,0.6333333333333333
2rV3Ibtdnvs.001.4.jpg,0.4953271028037384,0.53125,0.5934065934065933,0.6019417475728155,0.6333333333333333
q6au1xn_wIE.000.1.jpg,0.5794392523364487,0.7083333333333334,0.6043956043956044,0.5533980582524272,0.5888888888888889
q6au1xn_wIE.000.2.jpg,0.5794392523364487,0.7083333333333334,0.6043956043956044,0.5533980582524272,0.5888888888888889
q6au1xn_wIE.000.3.jpg,0.5794392523364487,0.7083333333333334,0.6043956043956044,0.5533980582524272,0.5888888888888889
q6au1xn_wIE.000.4.jpg,0.5794392523364487,0.7083333333333334,0.6043956043956044,0.5533980582524272,0.5888888888888889
rUGAiuYHNgE.005.1.jpg,0.4299065420560748,0.5625,0.4725274725274725,0.6213592233009709,0.5888888888888889
rUGAiuYHNgE.005.2.jpg,0.4299065420560748,0.5625,0.4725274725274725,0.6213592233009709,0.5888888888888889
rUGAiuYHNgE.005.3.jpg,0.4299065420560748,0.5625,0.4725274725274725,0.6213592233009709,0.5888888888888889
rUGAiuYHNgE.005.4.jpg,0.4299065420560748,0.5625,0.4725274725274725,0.6213592233009709,0.5888888888888889
F-Dy1EFm_Mw.003.1.jpg,0.6355140186915887,0.625,0.7142857142857143,0.5728155339805825,0.7888888888888888
F-Dy1EFm_Mw.003.2.jpg,0.6355140186915887,0.625,0.7142857142857143,0.5728155339805825,0.7888888888888888
F-Dy1EFm_Mw.003.3.jpg,0.6355140186915887,0.625,0.7142857142857143,0.5728155339805825,0.7888888888888888
F-Dy1EFm_Mw.003.4.jpg,0.6355140186915887,0.625,0.7142857142857143,0.5728155339805825,0.7888888888888888
tcmYlyeqwuI.001.1.jpg,0.2710280373831776,0.2604166666666667,0.4615384615384615,0.2912621359223301,0.23333333333333334
tcmYlyeqwuI.001.2.jpg,0.2710280373831776,0.2604166666666667,0.4615384615384615,0.2912621359223301,0.23333333333333334
tcmYlyeqwuI.001.3.jpg,0.2710280373831776,0.2604166666666667,0.4615384615384615,0.2912621359223301,0.23333333333333334
tcmYlyeqwuI.001.4.jpg,0.2710280373831776,0.2604166666666667,0.4615384615384615,0.2912621359223301,0.23333333333333334
clMg72MI8rw.000.1.jpg,0.7102803738317757,0.7604166666666666,0.7032967032967032,0.7669902912621359,0.7555555555555554
clMg72MI8rw.000.2.jpg,0.7102803738317757,0.7604166666666666,0.7032967032967032,0.7669902912621359,0.7555555555555554
clMg72MI8rw.000.3.jpg,0.7102803738317757,0.7604166666666666,0.7032967032967032,0.7669902912621359,0.7555555555555554
clMg72MI8rw.000.4.jpg,0.7102803738317757,0.7604166666666666,0.7032967032967032,0.7669902912621359,0.7555555555555554
8qesctueAV0.003.1.jpg,0.7289719626168225,0.8125000000000001,0.7142857142857143,0.5728155339805825,0.888888888888889
8qesctueAV0.003.2.jpg,0.7289719626168225,0.8125000000000001,0.7142857142857143,0.5728155339805825,0.888888888888889
8qesctueAV0.003.3.jpg,0.7289719626168225,0.8125000000000001,0.7142857142857143,0.5728155339805825,0.888888888888889
8qesctueAV0.003.4.jpg,0.7289719626168225,0.8125000000000001,0.7142857142857143,0.5728155339805825,0.888888888888889
u50B6bIkN9g.001.1.jpg,0.36448598130841126,0.5208333333333334,0.7142857142857143,0.7572815533980582,0.7999999999999999
u50B6bIkN9g.001.2.jpg,0.36448598130841126,0.5208333333333334,0.7142857142857143,0.7572815533980582,0.7999999999999999
u50B6bIkN9g.001.3.jpg,0.36448598130841126,0.5208333333333334,0.7142857142857143,0.7572815533980582,0.7999999999999999
u50B6bIkN9g.001.4.jpg,0.36448598130841126,0.5208333333333334,0.7142857142857143,0.7572815533980582,0.7999999999999999
MajYvFTkKnk.001.1.jpg,0.5233644859813085,0.6458333333333333,0.6043956043956044,0.6213592233009709,0.5333333333333333
MajYvFTkKnk.001.2.jpg,0.5233644859813085,0.6458333333333333,0.6043956043956044,0.6213592233009709,0.5333333333333333
MajYvFTkKnk.001.3.jpg,0.5233644859813085,0.6458333333333333,0.6043956043956044,0.6213592233009709,0.5333333333333333
MajYvFTkKnk.001.4.jpg,0.5233644859813085,0.6458333333333333,0.6043956043956044,0.6213592233009709,0.5333333333333333
EjhDyc8Oc6k.002.1.jpg,0.48598130841121495,0.3854166666666667,0.4945054945054945,0.4563106796116505,0.5333333333333333
EjhDyc8Oc6k.002.2.jpg,0.48598130841121495,0.3854166666666667,0.4945054945054945,0.4563106796116505,0.5333333333333333
EjhDyc8Oc6k.002.3.jpg,0.48598130841121495,0.3854166666666667,0.4945054945054945,0.4563106796116505,0.5333333333333333
EjhDyc8Oc6k.002.4.jpg,0.48598130841121495,0.3854166666666667,0.4945054945054945,0.4563106796116505,0.5333333333333333
ZxxRJRz2hf0.005.1.jpg,0.5700934579439253,0.8125000000000001,0.6703296703296703,0.8446601941747574,0.7333333333333333
ZxxRJRz2hf0.005.2.jpg,0.5700934579439253,0.8125000000000001,0.6703296703296703,0.8446601941747574,0.7333333333333333
ZxxRJRz2hf0.005.3.jpg,0.5700934579439253,0.8125000000000001,0.6703296703296703,0.8446601941747574,0.7333333333333333
ZxxRJRz2hf0.005.4.jpg,0.5700934579439253,0.8125000000000001,0.6703296703296703,0.8446601941747574,0.7333333333333333
8RVJqjILSD0.002.1.jpg,0.36448598130841126,0.34374999999999994,0.4175824175824176,0.2912621359223301,0.45555555555555555
8RVJqjILSD0.002.2.jpg,0.36448598130841126,0.34374999999999994,0.4175824175824176,0.2912621359223301,0.45555555555555555
8RVJqjILSD0.002.3.jpg,0.36448598130841126,0.34374999999999994,0.4175824175824176,0.2912621359223301,0.45555555555555555
8RVJqjILSD0.002.4.jpg,0.36448598130841126,0.34374999999999994,0.4175824175824176,0.2912621359223301,0.45555555555555555
Q9B3SJkH2Q8.000.1.jpg,0.5046728971962617,0.5416666666666666,0.5824175824175825,0.4174757281553398,0.4777777777777778
Q9B3SJkH2Q8.000.2.jpg,0.5046728971962617,0.5416666666666666,0.5824175824175825,0.4174757281553398,0.4777777777777778
Q9B3SJkH2Q8.000.3.jpg,0.5046728971962617,0.5416666666666666,0.5824175824175825,0.4174757281553398,0.4777777777777778
Q9B3SJkH2Q8.000.4.jpg,0.5046728971962617,0.5416666666666666,0.5824175824175825,0.4174757281553398,0.4777777777777778
Or2_bP4lWYI.003.1.jpg,0.5514018691588786,0.6875,0.7252747252747254,0.9320388349514562,0.7999999999999999
Or2_bP4lWYI.003.2.jpg,0.5514018691588786,0.6875,0.7252747252747254,0.9320388349514562,0.7999999999999999
Or2_bP4lWYI.003.3.jpg,0.5514018691588786,0.6875,0.7252747252747254,0.9320388349514562,0.7999999999999999
Or2_bP4lWYI.003.4.jpg,0.5514018691588786,0.6875,0.7252747252747254,0.9320388349514562,0.7999999999999999
ngB_cSxOjx0.005.1.jpg,0.6168224299065421,0.6666666666666667,0.6703296703296703,0.7961165048543688,0.7333333333333333
ngB_cSxOjx0.005.2.jpg,0.6168224299065421,0.6666666666666667,0.6703296703296703,0.7961165048543688,0.7333333333333333
ngB_cSxOjx0.005.3.jpg,0.6168224299065421,0.6666666666666667,0.6703296703296703,0.7961165048543688,0.7333333333333333
ngB_cSxOjx0.005.4.jpg,0.6168224299065421,0.6666666666666667,0.6703296703296703,0.7961165048543688,0.7333333333333333
hnWMsZEQWt4.000.1.jpg,0.7383177570093458,0.96875,0.7912087912087912,0.9223300970873788,0.7666666666666666
hnWMsZEQWt4.000.2.jpg,0.7383177570093458,0.96875,0.7912087912087912,0.9223300970873788,0.7666666666666666
hnWMsZEQWt4.000.3.jpg,0.7383177570093458,0.96875,0.7912087912087912,0.9223300970873788,0.7666666666666666
hnWMsZEQWt4.000.4.jpg,0.7383177570093458,0.96875,0.7912087912087912,0.9223300970873788,0.7666666666666666
GwKmjEb3qN0.000.1.jpg,0.35514018691588783,0.5625,0.5164835164835165,0.4660194174757281,0.3666666666666667
GwKmjEb3qN0.000.2.jpg,0.35514018691588783,0.5625,0.5164835164835165,0.4660194174757281,0.3666666666666667
GwKmjEb3qN0.000.3.jpg,0.35514018691588783,0.5625,0.5164835164835165,0.4660194174757281,0.3666666666666667
GwKmjEb3qN0.000.4.jpg,0.35514018691588783,0.5625,0.5164835164835165,0.4660194174757281,0.3666666666666667
v5hZeuRW6m0.003.1.jpg,0.18691588785046728,0.42708333333333337,0.4285714285714285,0.4174757281553398,0.5222222222222223
v5hZeuRW6m0.003.2.jpg,0.18691588785046728,0.42708333333333337,0.4285714285714285,0.4174757281553398,0.5222222222222223
v5hZeuRW6m0.003.3.jpg,0.18691588785046728,0.42708333333333337,0.4285714285714285,0.4174757281553398,0.5222222222222223
v5hZeuRW6m0.003.4.jpg,0.18691588785046728,0.42708333333333337,0.4285714285714285,0.4174757281553398,0.5222222222222223
CpmR-91GxmY.003.1.jpg,0.7663551401869159,0.7812499999999999,0.8901098901098901,0.6504854368932039,0.7333333333333333
CpmR-91GxmY.003.2.jpg,0.7663551401869159,0.7812499999999999,0.8901098901098901,0.6504854368932039,0.7333333333333333
CpmR-91GxmY.003.3.jpg,0.7663551401869159,0.7812499999999999,0.8901098901098901,0.6504854368932039,0.7333333333333333
CpmR-91GxmY.003.4.jpg,0.7663551401869159,0.7812499999999999,0.8901098901098901,0.6504854368932039,0.7333333333333333
8hH_eJ8qv_M.005.1.jpg,0.7757009345794394,0.8229166666666667,0.7032967032967032,0.7572815533980582,0.8333333333333333
8hH_eJ8qv_M.005.2.jpg,0.7757009345794394,0.8229166666666667,0.7032967032967032,0.7572815533980582,0.8333333333333333
8hH_eJ8qv_M.005.3.jpg,0.7757009345794394,0.8229166666666667,0.7032967032967032,0.7572815533980582,0.8333333333333333
8hH_eJ8qv_M.005.4.jpg,0.7757009345794394,0.8229166666666667,0.7032967032967032,0.7572815533980582,0.8333333333333333
kUpkeJDcxaE.004.1.jpg,0.5420560747663552,0.625,0.3626373626373627,0.5145631067961165,0.711111111111111
kUpkeJDcxaE.004.2.jpg,0.5420560747663552,0.625,0.3626373626373627,0.5145631067961165,0.711111111111111
kUpkeJDcxaE.004.3.jpg,0.5420560747663552,0.625,0.3626373626373627,0.5145631067961165,0.711111111111111
kUpkeJDcxaE.004.4.jpg,0.5420560747663552,0.625,0.3626373626373627,0.5145631067961165,0.711111111111111
d4iSwRMV0bA.001.1.jpg,0.4112149532710281,0.35416666666666663,0.5274725274725275,0.3495145631067961,0.34444444444444444
d4iSwRMV0bA.001.2.jpg,0.4112149532710281,0.35416666666666663,0.5274725274725275,0.3495145631067961,0.34444444444444444
d4iSwRMV0bA.001.3.jpg,0.4112149532710281,0.35416666666666663,0.5274725274725275,0.3495145631067961,0.34444444444444444
d4iSwRMV0bA.001.4.jpg,0.4112149532710281,0.35416666666666663,0.5274725274725275,0.3495145631067961,0.34444444444444444
sHafPWyXs6k.001.1.jpg,0.7570093457943926,0.65625,0.6373626373626373,0.3883495145631068,0.711111111111111
sHafPWyXs6k.001.2.jpg,0.7570093457943926,0.65625,0.6373626373626373,0.3883495145631068,0.711111111111111
sHafPWyXs6k.001.3.jpg,0.7570093457943926,0.65625,0.6373626373626373,0.3883495145631068,0.711111111111111
sHafPWyXs6k.001.4.jpg,0.7570093457943926,0.65625,0.6373626373626373,0.3883495145631068,0.711111111111111
YbdJd16c3eo.002.1.jpg,0.5140186915887851,0.6770833333333334,0.6043956043956044,0.6019417475728155,0.5333333333333333
YbdJd16c3eo.002.2.jpg,0.5140186915887851,0.6770833333333334,0.6043956043956044,0.6019417475728155,0.5333333333333333
YbdJd16c3eo.002.3.jpg,0.5140186915887851,0.6770833333333334,0.6043956043956044,0.6019417475728155,0.5333333333333333
YbdJd16c3eo.002.4.jpg,0.5140186915887851,0.6770833333333334,0.6043956043956044,0.6019417475728155,0.5333333333333333
hDqsuyVeWmw.002.1.jpg,0.6261682242990655,0.7291666666666667,0.6483516483516484,0.6990291262135921,0.6777777777777777
hDqsuyVeWmw.002.2.jpg,0.6261682242990655,0.7291666666666667,0.6483516483516484,0.6990291262135921,0.6777777777777777
hDqsuyVeWmw.002.3.jpg,0.6261682242990655,0.7291666666666667,0.6483516483516484,0.6990291262135921,0.6777777777777777
hDqsuyVeWmw.002.4.jpg,0.6261682242990655,0.7291666666666667,0.6483516483516484,0.6990291262135921,0.6777777777777777
wm94g-5Cg5s.001.1.jpg,0.4112149532710281,0.4375,0.6043956043956044,0.5339805825242718,0.4222222222222222
wm94g-5Cg5s.001.2.jpg,0.4112149532710281,0.4375,0.6043956043956044,0.5339805825242718,0.4222222222222222
wm94g-5Cg5s.001.3.jpg,0.4112149532710281,0.4375,0.6043956043956044,0.5339805825242718,0.4222222222222222
wm94g-5Cg5s.001.4.jpg,0.4112149532710281,0.4375,0.6043956043956044,0.5339805825242718,0.4222222222222222
Se3Gts4u1vs.001.1.jpg,0.5607476635514019,0.6979166666666666,0.5714285714285714,0.6116504854368932,0.711111111111111
Se3Gts4u1vs.001.2.jpg,0.5607476635514019,0.6979166666666666,0.5714285714285714,0.6116504854368932,0.711111111111111
Se3Gts4u1vs.001.3.jpg,0.5607476635514019,0.6979166666666666,0.5714285714285714,0.6116504854368932,0.711111111111111
Se3Gts4u1vs.001.4.jpg,0.5607476635514019,0.6979166666666666,0.5714285714285714,0.6116504854368932,0.711111111111111
UA6UY69EVSI.003.1.jpg,0.5794392523364487,0.53125,0.5934065934065933,0.3883495145631068,0.5111111111111111
UA6UY69EVSI.003.2.jpg,0.5794392523364487,0.53125,0.5934065934065933,0.3883495145631068,0.5111111111111111
UA6UY69EVSI.003.3.jpg,0.5794392523364487,0.53125,0.5934065934065933,0.3883495145631068,0.5111111111111111
UA6UY69EVSI.003.4.jpg,0.5794392523364487,0.53125,0.5934065934065933,0.3883495145631068,0.5111111111111111
3AyjQQYmqU4.002.1.jpg,0.4392523364485981,0.5520833333333334,0.5714285714285714,0.7766990291262136,0.4444444444444445
3AyjQQYmqU4.002.2.jpg,0.4392523364485981,0.5520833333333334,0.5714285714285714,0.7766990291262136,0.4444444444444445
3AyjQQYmqU4.002.3.jpg,0.4392523364485981,0.5520833333333334,0.5714285714285714,0.7766990291262136,0.4444444444444445
3AyjQQYmqU4.002.4.jpg,0.4392523364485981,0.5520833333333334,0.5714285714285714,0.7766990291262136,0.4444444444444445
ZNRfeL8nPfw.002.1.jpg,0.5700934579439253,0.65625,0.6483516483516484,0.6893203883495147,0.6
ZNRfeL8nPfw.002.2.jpg,0.5700934579439253,0.65625,0.6483516483516484,0.6893203883495147,0.6
ZNRfeL8nPfw.002.3.jpg,0.5700934579439253,0.65625,0.6483516483516484,0.6893203883495147,0.6
ZNRfeL8nPfw.002.4.jpg,0.5700934579439253,0.65625,0.6483516483516484,0.6893203883495147,0.6
EiXQ9RErt6c.001.1.jpg,0.29906542056074764,0.2604166666666667,0.3736263736263736,0.4077669902912622,0.28888888888888886
EiXQ9RErt6c.001.2.jpg,0.29906542056074764,0.2604166666666667,0.3736263736263736,0.4077669902912622,0.28888888888888886
EiXQ9RErt6c.001.3.jpg,0.29906542056074764,0.2604166666666667,0.3736263736263736,0.4077669902912622,0.28888888888888886
EiXQ9RErt6c.001.4.jpg,0.29906542056074764,0.2604166666666667,0.3736263736263736,0.4077669902912622,0.28888888888888886
Zb5BstGpJ48.001.1.jpg,0.38317757009345793,0.5416666666666666,0.4945054945054945,0.7572815533980582,0.4777777777777778
Zb5BstGpJ48.001.2.jpg,0.38317757009345793,0.5416666666666666,0.4945054945054945,0.7572815533980582,0.4777777777777778
Zb5BstGpJ48.001.3.jpg,0.38317757009345793,0.5416666666666666,0.4945054945054945,0.7572815533980582,0.4777777777777778
Zb5BstGpJ48.001.4.jpg,0.38317757009345793,0.5416666666666666,0.4945054945054945,0.7572815533980582,0.4777777777777778
qFYgMFMal_s.001.1.jpg,0.4205607476635514,0.5104166666666666,0.5054945054945055,0.6019417475728155,0.4222222222222222
qFYgMFMal_s.001.2.jpg,0.4205607476635514,0.5104166666666666,0.5054945054945055,0.6019417475728155,0.4222222222222222
qFYgMFMal_s.001.3.jpg,0.4205607476635514,0.5104166666666666,0.5054945054945055,0.6019417475728155,0.4222222222222222
qFYgMFMal_s.001.4.jpg,0.4205607476635514,0.5104166666666666,0.5054945054945055,0.6019417475728155,0.4222222222222222
K-Z_mLE8nlo.000.1.jpg,0.6822429906542057,0.7083333333333334,0.7032967032967032,0.6407766990291262,0.7999999999999999
K-Z_mLE8nlo.000.2.jpg,0.6822429906542057,0.7083333333333334,0.7032967032967032,0.6407766990291262,0.7999999999999999
K-Z_mLE8nlo.000.3.jpg,0.6822429906542057,0.7083333333333334,0.7032967032967032,0.6407766990291262,0.7999999999999999
K-Z_mLE8nlo.000.4.jpg,0.6822429906542057,0.7083333333333334,0.7032967032967032,0.6407766990291262,0.7999999999999999
SYlV95nPTPs.002.1.jpg,0.3177570093457944,0.39583333333333337,0.5274725274725275,0.4563106796116505,0.34444444444444444
SYlV95nPTPs.002.2.jpg,0.3177570093457944,0.39583333333333337,0.5274725274725275,0.4563106796116505,0.34444444444444444
SYlV95nPTPs.002.3.jpg,0.3177570093457944,0.39583333333333337,0.5274725274725275,0.4563106796116505,0.34444444444444444
SYlV95nPTPs.002.4.jpg,0.3177570093457944,0.39583333333333337,0.5274725274725275,0.4563106796116505,0.34444444444444444
qkx4lCA1iZo.000.1.jpg,0.28037383177570097,0.4791666666666667,0.4945054945054945,0.6893203883495147,0.4222222222222222
qkx4lCA1iZo.000.2.jpg,0.28037383177570097,0.4791666666666667,0.4945054945054945,0.6893203883495147,0.4222222222222222
qkx4lCA1iZo.000.3.jpg,0.28037383177570097,0.4791666666666667,0.4945054945054945,0.6893203883495147,0.4222222222222222
qkx4lCA1iZo.000.4.jpg,0.28037383177570097,0.4791666666666667,0.4945054945054945,0.6893203883495147,0.4222222222222222
P6g1mZ3f76U.005.1.jpg,0.35514018691588783,0.4895833333333333,0.4945054945054945,0.4660194174757281,0.3777777777777778
P6g1mZ3f76U.005.2.jpg,0.35514018691588783,0.4895833333333333,0.4945054945054945,0.4660194174757281,0.3777777777777778
P6g1mZ3f76U.005.3.jpg,0.35514018691588783,0.4895833333333333,0.4945054945054945,0.4660194174757281,0.3777777777777778
P6g1mZ3f76U.005.4.jpg,0.35514018691588783,0.4895833333333333,0.4945054945054945,0.4660194174757281,0.3777777777777778
mqDv8688ztg.000.1.jpg,0.35514018691588783,0.42708333333333337,0.4505494505494505,0.5145631067961165,0.4888888888888889
mqDv8688ztg.000.2.jpg,0.35514018691588783,0.42708333333333337,0.4505494505494505,0.5145631067961165,0.4888888888888889
mqDv8688ztg.000.3.jpg,0.35514018691588783,0.42708333333333337,0.4505494505494505,0.5145631067961165,0.4888888888888889
mqDv8688ztg.000.4.jpg,0.35514018691588783,0.42708333333333337,0.4505494505494505,0.5145631067961165,0.4888888888888889
tiVKJWLzmk4.005.1.jpg,0.7196261682242993,0.8125000000000001,0.824175824175824,0.5533980582524272,0.922222222222222
tiVKJWLzmk4.005.2.jpg,0.7196261682242993,0.8125000000000001,0.824175824175824,0.5533980582524272,0.922222222222222
tiVKJWLzmk4.005.3.jpg,0.7196261682242993,0.8125000000000001,0.824175824175824,0.5533980582524272,0.922222222222222
tiVKJWLzmk4.005.4.jpg,0.7196261682242993,0.8125000000000001,0.824175824175824,0.5533980582524272,0.922222222222222
W0FCCk0a0tg.002.1.jpg,0.29906542056074764,0.53125,0.4945054945054945,0.5922330097087379,0.41111111111111115
W0FCCk0a0tg.002.2.jpg,0.29906542056074764,0.53125,0.4945054945054945,0.5922330097087379,0.41111111111111115
W0FCCk0a0tg.002.3.jpg,0.29906542056074764,0.53125,0.4945054945054945,0.5922330097087379,0.41111111111111115
W0FCCk0a0tg.002.4.jpg,0.29906542056074764,0.53125,0.4945054945054945,0.5922330097087379,0.41111111111111115
HH14jGFGuL0.001.1.jpg,0.47663551401869164,0.4479166666666667,0.5604395604395604,0.3495145631067961,0.5111111111111111
HH14jGFGuL0.001.2.jpg,0.47663551401869164,0.4479166666666667,0.5604395604395604,0.3495145631067961,0.5111111111111111
HH14jGFGuL0.001.3.jpg,0.47663551401869164,0.4479166666666667,0.5604395604395604,0.3495145631067961,0.5111111111111111
HH14jGFGuL0.001.4.jpg,0.47663551401869164,0.4479166666666667,0.5604395604395604,0.3495145631067961,0.5111111111111111
m6JOFpKvkE0.002.1.jpg,0.6261682242990655,0.8125000000000001,0.7692307692307692,0.7281553398058251,0.8222222222222221
m6JOFpKvkE0.002.2.jpg,0.6261682242990655,0.8125000000000001,0.7692307692307692,0.7281553398058251,0.8222222222222221
m6JOFpKvkE0.002.3.jpg,0.6261682242990655,0.8125000000000001,0.7692307692307692,0.7281553398058251,0.8222222222222221
m6JOFpKvkE0.002.4.jpg,0.6261682242990655,0.8125000000000001,0.7692307692307692,0.7281553398058251,0.8222222222222221
Pc-oQQwkIv8.005.1.jpg,0.12149532710280371,0.09374999999999997,0.24175824175824176,0.1941747572815534,0.2777777777777778
Pc-oQQwkIv8.005.2.jpg,0.12149532710280371,0.09374999999999997,0.24175824175824176,0.1941747572815534,0.2777777777777778
Pc-oQQwkIv8.005.3.jpg,0.12149532710280371,0.09374999999999997,0.24175824175824176,0.1941747572815534,0.2777777777777778
Pc-oQQwkIv8.005.4.jpg,0.12149532710280371,0.09374999999999997,0.24175824175824176,0.1941747572815534,0.2777777777777778
cjbh1lfr43c.001.1.jpg,0.37383177570093457,0.32291666666666663,0.5054945054945055,0.36893203883495146,0.5555555555555556
cjbh1lfr43c.001.2.jpg,0.37383177570093457,0.32291666666666663,0.5054945054945055,0.36893203883495146,0.5555555555555556
cjbh1lfr43c.001.3.jpg,0.37383177570093457,0.32291666666666663,0.5054945054945055,0.36893203883495146,0.5555555555555556
cjbh1lfr43c.001.4.jpg,0.37383177570093457,0.32291666666666663,0.5054945054945055,0.36893203883495146,0.5555555555555556
pPtzEnf5afw.004.1.jpg,0.6355140186915887,0.5729166666666666,0.5164835164835165,0.5339805825242718,0.6222222222222222
pPtzEnf5afw.004.2.jpg,0.6355140186915887,0.5729166666666666,0.5164835164835165,0.5339805825242718,0.6222222222222222
pPtzEnf5afw.004.3.jpg,0.6355140186915887,0.5729166666666666,0.5164835164835165,0.5339805825242718,0.6222222222222222
pPtzEnf5afw.004.4.jpg,0.6355140186915887,0.5729166666666666,0.5164835164835165,0.5339805825242718,0.6222222222222222
iOB65zCiOFM.000.1.jpg,0.5233644859813085,0.40625000000000006,0.6043956043956044,0.5145631067961165,0.4888888888888889
iOB65zCiOFM.000.2.jpg,0.5233644859813085,0.40625000000000006,0.6043956043956044,0.5145631067961165,0.4888888888888889
iOB65zCiOFM.000.3.jpg,0.5233644859813085,0.40625000000000006,0.6043956043956044,0.5145631067961165,0.4888888888888889
iOB65zCiOFM.000.4.jpg,0.5233644859813085,0.40625000000000006,0.6043956043956044,0.5145631067961165,0.4888888888888889
Agg7z10B_iY.005.1.jpg,0.691588785046729,0.8125000000000001,0.7692307692307692,0.5145631067961165,0.6555555555555556
Agg7z10B_iY.005.2.jpg,0.691588785046729,0.8125000000000001,0.7692307692307692,0.5145631067961165,0.6555555555555556
Agg7z10B_iY.005.3.jpg,0.691588785046729,0.8125000000000001,0.7692307692307692,0.5145631067961165,0.6555555555555556
Agg7z10B_iY.005.4.jpg,0.691588785046729,0.8125000000000001,0.7692307692307692,0.5145631067961165,0.6555555555555556
Jh8yMyNZkuo.002.1.jpg,0.6074766355140188,0.4479166666666667,0.5164835164835165,0.5145631067961165,0.6
Jh8yMyNZkuo.002.2.jpg,0.6074766355140188,0.4479166666666667,0.5164835164835165,0.5145631067961165,0.6
Jh8yMyNZkuo.002.3.jpg,0.6074766355140188,0.4479166666666667,0.5164835164835165,0.5145631067961165,0.6
Jh8yMyNZkuo.002.4.jpg,0.6074766355140188,0.4479166666666667,0.5164835164835165,0.5145631067961165,0.6
VNK6LQHh25w.003.1.jpg,0.4953271028037384,0.4895833333333333,0.4725274725274725,0.5436893203883495,0.5111111111111111
VNK6LQHh25w.003.2.jpg,0.4953271028037384,0.4895833333333333,0.4725274725274725,0.5436893203883495,0.5111111111111111
VNK6LQHh25w.003.3.jpg,0.4953271028037384,0.4895833333333333,0.4725274725274725,0.5436893203883495,0.5111111111111111
VNK6LQHh25w.003.4.jpg,0.4953271028037384,0.4895833333333333,0.4725274725274725,0.5436893203883495,0.5111111111111111
Lt89YrQHF_w.001.1.jpg,0.5140186915887851,0.5104166666666666,0.5934065934065933,0.4077669902912622,0.611111111111111
Lt89YrQHF_w.001.2.jpg,0.5140186915887851,0.5104166666666666,0.5934065934065933,0.4077669902912622,0.611111111111111
Lt89YrQHF_w.001.3.jpg,0.5140186915887851,0.5104166666666666,0.5934065934065933,0.4077669902912622,0.611111111111111
Lt89YrQHF_w.001.4.jpg,0.5140186915887851,0.5104166666666666,0.5934065934065933,0.4077669902912622,0.611111111111111
taSAaWKcmTw.001.1.jpg,0.4112149532710281,0.5625,0.6483516483516484,0.6213592233009709,0.4777777777777778
taSAaWKcmTw.001.2.jpg,0.4112149532710281,0.5625,0.6483516483516484,0.6213592233009709,0.4777777777777778
taSAaWKcmTw.001.3.jpg,0.4112149532710281,0.5625,0.6483516483516484,0.6213592233009709,0.4777777777777778
taSAaWKcmTw.001.4.jpg,0.4112149532710281,0.5625,0.6483516483516484,0.6213592233009709,0.4777777777777778
xYXVkQOmSfk.002.1.jpg,0.6448598130841123,0.6458333333333333,0.6703296703296703,0.6699029126213591,0.7999999999999999
xYXVkQOmSfk.002.2.jpg,0.6448598130841123,0.6458333333333333,0.6703296703296703,0.6699029126213591,0.7999999999999999
xYXVkQOmSfk.002.3.jpg,0.6448598130841123,0.6458333333333333,0.6703296703296703,0.6699029126213591,0.7999999999999999
xYXVkQOmSfk.002.4.jpg,0.6448598130841123,0.6458333333333333,0.6703296703296703,0.6699029126213591,0.7999999999999999
LfvTKoMYLEE.001.1.jpg,0.5607476635514019,0.5,0.4945054945054945,0.4660194174757281,0.7555555555555554
LfvTKoMYLEE.001.2.jpg,0.5607476635514019,0.5,0.4945054945054945,0.4660194174757281,0.7555555555555554
LfvTKoMYLEE.001.3.jpg,0.5607476635514019,0.5,0.4945054945054945,0.4660194174757281,0.7555555555555554
LfvTKoMYLEE.001.4.jpg,0.5607476635514019,0.5,0.4945054945054945,0.4660194174757281,0.7555555555555554
H8h4fAGgV18.004.1.jpg,0.5514018691588786,0.5833333333333333,0.6043956043956044,0.6116504854368932,0.6222222222222222
H8h4fAGgV18.004.2.jpg,0.5514018691588786,0.5833333333333333,0.6043956043956044,0.6116504854368932,0.6222222222222222
H8h4fAGgV18.004.3.jpg,0.5514018691588786,0.5833333333333333,0.6043956043956044,0.6116504854368932,0.6222222222222222
H8h4fAGgV18.004.4.jpg,0.5514018691588786,0.5833333333333333,0.6043956043956044,0.6116504854368932,0.6222222222222222
_VsE38xSmdM.003.1.jpg,0.8317757009345795,0.84375,0.7142857142857143,0.7184466019417477,0.8666666666666667
_VsE38xSmdM.003.2.jpg,0.8317757009345795,0.84375,0.7142857142857143,0.7184466019417477,0.8666666666666667
_VsE38xSmdM.003.3.jpg,0.8317757009345795,0.84375,0.7142857142857143,0.7184466019417477,0.8666666666666667
_VsE38xSmdM.003.4.jpg,0.8317757009345795,0.84375,0.7142857142857143,0.7184466019417477,0.8666666666666667
X1EjfXX3NTk.001.1.jpg,0.5140186915887851,0.6354166666666666,0.5494505494505494,0.6116504854368932,0.5777777777777777
X1EjfXX3NTk.001.2.jpg,0.5140186915887851,0.6354166666666666,0.5494505494505494,0.6116504854368932,0.5777777777777777
X1EjfXX3NTk.001.3.jpg,0.5140186915887851,0.6354166666666666,0.5494505494505494,0.6116504854368932,0.5777777777777777
X1EjfXX3NTk.001.4.jpg,0.5140186915887851,0.6354166666666666,0.5494505494505494,0.6116504854368932,0.5777777777777777
ClSP2k9DFX0.001.1.jpg,0.5140186915887851,0.4479166666666667,0.5824175824175825,0.6504854368932039,0.6222222222222222
ClSP2k9DFX0.001.2.jpg,0.5140186915887851,0.4479166666666667,0.5824175824175825,0.6504854368932039,0.6222222222222222
ClSP2k9DFX0.001.3.jpg,0.5140186915887851,0.4479166666666667,0.5824175824175825,0.6504854368932039,0.6222222222222222
ClSP2k9DFX0.001.4.jpg,0.5140186915887851,0.4479166666666667,0.5824175824175825,0.6504854368932039,0.6222222222222222
4nMstrTuXXw.000.1.jpg,0.4392523364485981,0.42708333333333337,0.5384615384615384,0.31067961165048547,0.4444444444444445
4nMstrTuXXw.000.2.jpg,0.4392523364485981,0.42708333333333337,0.5384615384615384,0.31067961165048547,0.4444444444444445
4nMstrTuXXw.000.3.jpg,0.4392523364485981,0.42708333333333337,0.5384615384615384,0.31067961165048547,0.4444444444444445
4nMstrTuXXw.000.4.jpg,0.4392523364485981,0.42708333333333337,0.5384615384615384,0.31067961165048547,0.4444444444444445
VmyIItgMzpE.000.1.jpg,0.35514018691588783,0.40625000000000006,0.4835164835164835,0.4174757281553398,0.45555555555555555
VmyIItgMzpE.000.2.jpg,0.35514018691588783,0.40625000000000006,0.4835164835164835,0.4174757281553398,0.45555555555555555
VmyIItgMzpE.000.3.jpg,0.35514018691588783,0.40625000000000006,0.4835164835164835,0.4174757281553398,0.45555555555555555
VmyIItgMzpE.000.4.jpg,0.35514018691588783,0.40625000000000006,0.4835164835164835,0.4174757281553398,0.45555555555555555
_5ltHlmGvq8.000.1.jpg,0.588785046728972,0.625,0.4285714285714285,0.7281553398058251,0.6555555555555556
_5ltHlmGvq8.000.2.jpg,0.588785046728972,0.625,0.4285714285714285,0.7281553398058251,0.6555555555555556
_5ltHlmGvq8.000.3.jpg,0.588785046728972,0.625,0.4285714285714285,0.7281553398058251,0.6555555555555556
_5ltHlmGvq8.000.4.jpg,0.588785046728972,0.625,0.4285714285714285,0.7281553398058251,0.6555555555555556
g9zgIN56MnQ.002.1.jpg,0.4205607476635514,0.2395833333333333,0.3626373626373627,0.2815533980582524,0.3666666666666667
g9zgIN56MnQ.002.2.jpg,0.4205607476635514,0.2395833333333333,0.3626373626373627,0.2815533980582524,0.3666666666666667
g9zgIN56MnQ.002.3.jpg,0.4205607476635514,0.2395833333333333,0.3626373626373627,0.2815533980582524,0.3666666666666667
g9zgIN56MnQ.002.4.jpg,0.4205607476635514,0.2395833333333333,0.3626373626373627,0.2815533980582524,0.3666666666666667
Rp_gyvKE4hI.003.1.jpg,0.4579439252336449,0.5416666666666666,0.6483516483516484,0.5728155339805825,0.4444444444444445
Rp_gyvKE4hI.003.2.jpg,0.4579439252336449,0.5416666666666666,0.6483516483516484,0.5728155339805825,0.4444444444444445
Rp_gyvKE4hI.003.3.jpg,0.4579439252336449,0.5416666666666666,0.6483516483516484,0.5728155339805825,0.4444444444444445
Rp_gyvKE4hI.003.4.jpg,0.4579439252336449,0.5416666666666666,0.6483516483516484,0.5728155339805825,0.4444444444444445
It0-yCwOc5k.004.1.jpg,0.39252336448598135,0.40625000000000006,0.31868131868131866,0.35922330097087385,0.3666666666666667
It0-yCwOc5k.004.2.jpg,0.39252336448598135,0.40625000000000006,0.31868131868131866,0.35922330097087385,0.3666666666666667
It0-yCwOc5k.004.3.jpg,0.39252336448598135,0.40625000000000006,0.31868131868131866,0.35922330097087385,0.3666666666666667
It0-yCwOc5k.004.4.jpg,0.39252336448598135,0.40625000000000006,0.31868131868131866,0.35922330097087385,0.3666666666666667
8AnIttmflwI.005.1.jpg,0.663551401869159,0.65625,0.8021978021978021,0.5825242718446602,0.7666666666666666
8AnIttmflwI.005.2.jpg,0.663551401869159,0.65625,0.8021978021978021,0.5825242718446602,0.7666666666666666
8AnIttmflwI.005.3.jpg,0.663551401869159,0.65625,0.8021978021978021,0.5825242718446602,0.7666666666666666
8AnIttmflwI.005.4.jpg,0.663551401869159,0.65625,0.8021978021978021,0.5825242718446602,0.7666666666666666
v1ScttBOQc8.001.1.jpg,0.30841121495327106,0.42708333333333337,0.6703296703296703,0.4951456310679611,0.5555555555555556
v1ScttBOQc8.001.2.jpg,0.30841121495327106,0.42708333333333337,0.6703296703296703,0.4951456310679611,0.5555555555555556
v1ScttBOQc8.001.3.jpg,0.30841121495327106,0.42708333333333337,0.6703296703296703,0.4951456310679611,0.5555555555555556
v1ScttBOQc8.001.4.jpg,0.30841121495327106,0.42708333333333337,0.6703296703296703,0.4951456310679611,0.5555555555555556
mXaI17Dx7u0.002.1.jpg,0.3177570093457944,0.3645833333333333,0.4945054945054945,0.2621359223300971,0.5888888888888889
mXaI17Dx7u0.002.2.jpg,0.3177570093457944,0.3645833333333333,0.4945054945054945,0.2621359223300971,0.5888888888888889
mXaI17Dx7u0.002.3.jpg,0.3177570093457944,0.3645833333333333,0.4945054945054945,0.2621359223300971,0.5888888888888889
mXaI17Dx7u0.002.4.jpg,0.3177570093457944,0.3645833333333333,0.4945054945054945,0.2621359223300971,0.5888888888888889
u50B6bIkN9g.004.1.jpg,0.3177570093457944,0.42708333333333337,0.4615384615384615,0.7087378640776699,0.4888888888888889
u50B6bIkN9g.004.2.jpg,0.3177570093457944,0.42708333333333337,0.4615384615384615,0.7087378640776699,0.4888888888888889
u50B6bIkN9g.004.3.jpg,0.3177570093457944,0.42708333333333337,0.4615384615384615,0.7087378640776699,0.4888888888888889
u50B6bIkN9g.004.4.jpg,0.3177570093457944,0.42708333333333337,0.4615384615384615,0.7087378640776699,0.4888888888888889
M9nVAfSPOZ8.000.1.jpg,0.5327102803738318,0.5520833333333334,0.6043956043956044,0.5048543689320388,0.5777777777777777
M9nVAfSPOZ8.000.2.jpg,0.5327102803738318,0.5520833333333334,0.6043956043956044,0.5048543689320388,0.5777777777777777
M9nVAfSPOZ8.000.3.jpg,0.5327102803738318,0.5520833333333334,0.6043956043956044,0.5048543689320388,0.5777777777777777
M9nVAfSPOZ8.000.4.jpg,0.5327102803738318,0.5520833333333334,0.6043956043956044,0.5048543689320388,0.5777777777777777
PsHb4YHooKM.001.1.jpg,0.5420560747663552,0.5104166666666666,0.6263736263736264,0.6601941747572816,0.6333333333333333
PsHb4YHooKM.001.2.jpg,0.5420560747663552,0.5104166666666666,0.6263736263736264,0.6601941747572816,0.6333333333333333
PsHb4YHooKM.001.3.jpg,0.5420560747663552,0.5104166666666666,0.6263736263736264,0.6601941747572816,0.6333333333333333
PsHb4YHooKM.001.4.jpg,0.5420560747663552,0.5104166666666666,0.6263736263736264,0.6601941747572816,0.6333333333333333
gq0yaEv6gSE.001.1.jpg,0.4112149532710281,0.39583333333333337,0.4835164835164835,0.3980582524271845,0.4888888888888889
gq0yaEv6gSE.001.2.jpg,0.4112149532710281,0.39583333333333337,0.4835164835164835,0.3980582524271845,0.4888888888888889
gq0yaEv6gSE.001.3.jpg,0.4112149532710281,0.39583333333333337,0.4835164835164835,0.3980582524271845,0.4888888888888889
gq0yaEv6gSE.001.4.jpg,0.4112149532710281,0.39583333333333337,0.4835164835164835,0.3980582524271845,0.4888888888888889
U-XrzfFzMkg.003.1.jpg,0.36448598130841126,0.5104166666666666,0.5714285714285714,0.5533980582524272,0.6666666666666666
U-XrzfFzMkg.003.2.jpg,0.36448598130841126,0.5104166666666666,0.5714285714285714,0.5533980582524272,0.6666666666666666
U-XrzfFzMkg.003.3.jpg,0.36448598130841126,0.5104166666666666,0.5714285714285714,0.5533980582524272,0.6666666666666666
U-XrzfFzMkg.003.4.jpg,0.36448598130841126,0.5104166666666666,0.5714285714285714,0.5533980582524272,0.6666666666666666
65xWDhgq1OE.003.1.jpg,0.663551401869159,0.7916666666666667,0.6263736263736264,0.6893203883495147,0.7666666666666666
65xWDhgq1OE.003.2.jpg,0.663551401869159,0.7916666666666667,0.6263736263736264,0.6893203883495147,0.7666666666666666
65xWDhgq1OE.003.3.jpg,0.663551401869159,0.7916666666666667,0.6263736263736264,0.6893203883495147,0.7666666666666666
65xWDhgq1OE.003.4.jpg,0.663551401869159,0.7916666666666667,0.6263736263736264,0.6893203883495147,0.7666666666666666
RuRn2t7iPSc.003.1.jpg,0.6448598130841123,0.5833333333333333,0.5604395604395604,0.4951456310679611,0.6555555555555556
RuRn2t7iPSc.003.2.jpg,0.6448598130841123,0.5833333333333333,0.5604395604395604,0.4951456310679611,0.6555555555555556
RuRn2t7iPSc.003.3.jpg,0.6448598130841123,0.5833333333333333,0.5604395604395604,0.4951456310679611,0.6555555555555556
RuRn2t7iPSc.003.4.jpg,0.6448598130841123,0.5833333333333333,0.5604395604395604,0.4951456310679611,0.6555555555555556
ApCq0dwH1Ak.000.1.jpg,0.5794392523364487,0.5,0.5274725274725275,0.6699029126213591,0.6222222222222222
ApCq0dwH1Ak.000.2.jpg,0.5794392523364487,0.5,0.5274725274725275,0.6699029126213591,0.6222222222222222
ApCq0dwH1Ak.000.3.jpg,0.5794392523364487,0.5,0.5274725274725275,0.6699029126213591,0.6222222222222222
ApCq0dwH1Ak.000.4.jpg,0.5794392523364487,0.5,0.5274725274725275,0.6699029126213591,0.6222222222222222
qssXr_Fg96o.001.1.jpg,0.5420560747663552,0.53125,0.5714285714285714,0.4951456310679611,0.4888888888888889
qssXr_Fg96o.001.2.jpg,0.5420560747663552,0.53125,0.5714285714285714,0.4951456310679611,0.4888888888888889
qssXr_Fg96o.001.3.jpg,0.5420560747663552,0.53125,0.5714285714285714,0.4951456310679611,0.4888888888888889
qssXr_Fg96o.001.4.jpg,0.5420560747663552,0.53125,0.5714285714285714,0.4951456310679611,0.4888888888888889
dB2XYhvqUBU.005.1.jpg,0.4299065420560748,0.5625,0.6263736263736264,0.7184466019417477,0.5555555555555556
dB2XYhvqUBU.005.2.jpg,0.4299065420560748,0.5625,0.6263736263736264,0.7184466019417477,0.5555555555555556
dB2XYhvqUBU.005.3.jpg,0.4299065420560748,0.5625,0.6263736263736264,0.7184466019417477,0.5555555555555556
dB2XYhvqUBU.005.4.jpg,0.4299065420560748,0.5625,0.6263736263736264,0.7184466019417477,0.5555555555555556
7pLYJKO75_c.004.1.jpg,0.7009345794392524,0.6979166666666666,0.7692307692307692,0.6019417475728155,0.711111111111111
7pLYJKO75_c.004.2.jpg,0.7009345794392524,0.6979166666666666,0.7692307692307692,0.6019417475728155,0.711111111111111
7pLYJKO75_c.004.3.jpg,0.7009345794392524,0.6979166666666666,0.7692307692307692,0.6019417475728155,0.711111111111111
7pLYJKO75_c.004.4.jpg,0.7009345794392524,0.6979166666666666,0.7692307692307692,0.6019417475728155,0.711111111111111
GBp9YtOw_eQ.000.1.jpg,0.22429906542056074,0.40625000000000006,0.3736263736263736,0.3786407766990291,0.34444444444444444
GBp9YtOw_eQ.000.2.jpg,0.22429906542056074,0.40625000000000006,0.3736263736263736,0.3786407766990291,0.34444444444444444
GBp9YtOw_eQ.000.3.jpg,0.22429906542056074,0.40625000000000006,0.3736263736263736,0.3786407766990291,0.34444444444444444
GBp9YtOw_eQ.000.4.jpg,0.22429906542056074,0.40625000000000006,0.3736263736263736,0.3786407766990291,0.34444444444444444
2NNYN1ZCJhw.002.1.jpg,0.6261682242990655,0.6875,0.6153846153846153,0.6213592233009709,0.7555555555555554
2NNYN1ZCJhw.002.2.jpg,0.6261682242990655,0.6875,0.6153846153846153,0.6213592233009709,0.7555555555555554
2NNYN1ZCJhw.002.3.jpg,0.6261682242990655,0.6875,0.6153846153846153,0.6213592233009709,0.7555555555555554
2NNYN1ZCJhw.002.4.jpg,0.6261682242990655,0.6875,0.6153846153846153,0.6213592233009709,0.7555555555555554
uDm7iZuX5DQ.002.1.jpg,0.36448598130841126,0.39583333333333337,0.5164835164835165,0.4077669902912622,0.41111111111111115
uDm7iZuX5DQ.002.2.jpg,0.36448598130841126,0.39583333333333337,0.5164835164835165,0.4077669902912622,0.41111111111111115
uDm7iZuX5DQ.002.3.jpg,0.36448598130841126,0.39583333333333337,0.5164835164835165,0.4077669902912622,0.41111111111111115
uDm7iZuX5DQ.002.4.jpg,0.36448598130841126,0.39583333333333337,0.5164835164835165,0.4077669902912622,0.41111111111111115
lErjGxBb1Bk.003.1.jpg,0.5607476635514019,0.6458333333333333,0.5934065934065933,0.6310679611650486,0.6333333333333333
lErjGxBb1Bk.003.2.jpg,0.5607476635514019,0.6458333333333333,0.5934065934065933,0.6310679611650486,0.6333333333333333
lErjGxBb1Bk.003.3.jpg,0.5607476635514019,0.6458333333333333,0.5934065934065933,0.6310679611650486,0.6333333333333333
lErjGxBb1Bk.003.4.jpg,0.5607476635514019,0.6458333333333333,0.5934065934065933,0.6310679611650486,0.6333333333333333
modNfUPt3F4.003.1.jpg,0.7009345794392524,0.7083333333333334,0.7472527472527474,0.6990291262135921,0.7666666666666666
modNfUPt3F4.003.2.jpg,0.7009345794392524,0.7083333333333334,0.7472527472527474,0.6990291262135921,0.7666666666666666
modNfUPt3F4.003.3.jpg,0.7009345794392524,0.7083333333333334,0.7472527472527474,0.6990291262135921,0.7666666666666666
modNfUPt3F4.003.4.jpg,0.7009345794392524,0.7083333333333334,0.7472527472527474,0.6990291262135921,0.7666666666666666
9UUtf0_ZR14.003.1.jpg,0.4112149532710281,0.6666666666666667,0.6703296703296703,0.7864077669902914,0.5888888888888889
9UUtf0_ZR14.003.2.jpg,0.4112149532710281,0.6666666666666667,0.6703296703296703,0.7864077669902914,0.5888888888888889
9UUtf0_ZR14.003.3.jpg,0.4112149532710281,0.6666666666666667,0.6703296703296703,0.7864077669902914,0.5888888888888889
9UUtf0_ZR14.003.4.jpg,0.4112149532710281,0.6666666666666667,0.6703296703296703,0.7864077669902914,0.5888888888888889
GWOtluILlk4.004.1.jpg,0.38317757009345793,0.5208333333333334,0.5494505494505494,0.5242718446601942,0.4888888888888889
GWOtluILlk4.004.2.jpg,0.38317757009345793,0.5208333333333334,0.5494505494505494,0.5242718446601942,0.4888888888888889
GWOtluILlk4.004.3.jpg,0.38317757009345793,0.5208333333333334,0.5494505494505494,0.5242718446601942,0.4888888888888889
GWOtluILlk4.004.4.jpg,0.38317757009345793,0.5208333333333334,0.5494505494505494,0.5242718446601942,0.4888888888888889
Gomd4Y8-D2Q.004.1.jpg,0.4392523364485981,0.42708333333333337,0.5494505494505494,0.4466019417475728,0.43333333333333335
Gomd4Y8-D2Q.004.2.jpg,0.4392523364485981,0.42708333333333337,0.5494505494505494,0.4466019417475728,0.43333333333333335
Gomd4Y8-D2Q.004.3.jpg,0.4392523364485981,0.42708333333333337,0.5494505494505494,0.4466019417475728,0.43333333333333335
Gomd4Y8-D2Q.004.4.jpg,0.4392523364485981,0.42708333333333337,0.5494505494505494,0.4466019417475728,0.43333333333333335
t0AupkXkkZw.000.1.jpg,0.691588785046729,0.5625,0.5604395604395604,0.7087378640776699,0.6888888888888889
t0AupkXkkZw.000.2.jpg,0.691588785046729,0.5625,0.5604395604395604,0.7087378640776699,0.6888888888888889
t0AupkXkkZw.000.3.jpg,0.691588785046729,0.5625,0.5604395604395604,0.7087378640776699,0.6888888888888889
t0AupkXkkZw.000.4.jpg,0.691588785046729,0.5625,0.5604395604395604,0.7087378640776699,0.6888888888888889
An7WScf0RRc.001.1.jpg,0.5700934579439253,0.8229166666666667,0.846153846153846,0.7184466019417477,0.8222222222222221
An7WScf0RRc.001.2.jpg,0.5700934579439253,0.8229166666666667,0.846153846153846,0.7184466019417477,0.8222222222222221
An7WScf0RRc.001.3.jpg,0.5700934579439253,0.8229166666666667,0.846153846153846,0.7184466019417477,0.8222222222222221
An7WScf0RRc.001.4.jpg,0.5700934579439253,0.8229166666666667,0.846153846153846,0.7184466019417477,0.8222222222222221
gj3-xvhPeWg.000.1.jpg,0.3457943925233645,0.6458333333333333,0.6043956043956044,0.6893203883495147,0.5888888888888889
gj3-xvhPeWg.000.2.jpg,0.3457943925233645,0.6458333333333333,0.6043956043956044,0.6893203883495147,0.5888888888888889
gj3-xvhPeWg.000.3.jpg,0.3457943925233645,0.6458333333333333,0.6043956043956044,0.6893203883495147,0.5888888888888889
gj3-xvhPeWg.000.4.jpg,0.3457943925233645,0.6458333333333333,0.6043956043956044,0.6893203883495147,0.5888888888888889
O8L2pHEIcuo.000.1.jpg,0.6261682242990655,0.6875,0.6483516483516484,0.6990291262135921,0.6
O8L2pHEIcuo.000.2.jpg,0.6261682242990655,0.6875,0.6483516483516484,0.6990291262135921,0.6
O8L2pHEIcuo.000.3.jpg,0.6261682242990655,0.6875,0.6483516483516484,0.6990291262135921,0.6
O8L2pHEIcuo.000.4.jpg,0.6261682242990655,0.6875,0.6483516483516484,0.6990291262135921,0.6
VJuVsi6G96s.005.1.jpg,0.48598130841121495,0.5833333333333333,0.3736263736263736,0.5339805825242718,0.5444444444444444
VJuVsi6G96s.005.2.jpg,0.48598130841121495,0.5833333333333333,0.3736263736263736,0.5339805825242718,0.5444444444444444
VJuVsi6G96s.005.3.jpg,0.48598130841121495,0.5833333333333333,0.3736263736263736,0.5339805825242718,0.5444444444444444
VJuVsi6G96s.005.4.jpg,0.48598130841121495,0.5833333333333333,0.3736263736263736,0.5339805825242718,0.5444444444444444
f_mEEFFeh-0.002.1.jpg,0.691588785046729,0.7708333333333334,0.7032967032967032,0.7864077669902914,0.7
f_mEEFFeh-0.002.2.jpg,0.691588785046729,0.7708333333333334,0.7032967032967032,0.7864077669902914,0.7
f_mEEFFeh-0.002.3.jpg,0.691588785046729,0.7708333333333334,0.7032967032967032,0.7864077669902914,0.7
f_mEEFFeh-0.002.4.jpg,0.691588785046729,0.7708333333333334,0.7032967032967032,0.7864077669902914,0.7
wVpjBxCirAQ.000.1.jpg,0.4018691588785047,0.3854166666666667,0.5714285714285714,0.5048543689320388,0.33333333333333337
wVpjBxCirAQ.000.2.jpg,0.4018691588785047,0.3854166666666667,0.5714285714285714,0.5048543689320388,0.33333333333333337
wVpjBxCirAQ.000.3.jpg,0.4018691588785047,0.3854166666666667,0.5714285714285714,0.5048543689320388,0.33333333333333337
wVpjBxCirAQ.000.4.jpg,0.4018691588785047,0.3854166666666667,0.5714285714285714,0.5048543689320388,0.33333333333333337
qjWi69HY2Fc.002.1.jpg,0.4953271028037384,0.5833333333333333,0.3516483516483516,0.4077669902912622,0.5888888888888889
qjWi69HY2Fc.002.2.jpg,0.4953271028037384,0.5833333333333333,0.3516483516483516,0.4077669902912622,0.5888888888888889
qjWi69HY2Fc.002.3.jpg,0.4953271028037384,0.5833333333333333,0.3516483516483516,0.4077669902912622,0.5888888888888889
qjWi69HY2Fc.002.4.jpg,0.4953271028037384,0.5833333333333333,0.3516483516483516,0.4077669902912622,0.5888888888888889
tYpxPqwle5k.003.1.jpg,0.5794392523364487,0.6666666666666667,0.5274725274725275,0.4951456310679611,0.5444444444444444
tYpxPqwle5k.003.2.jpg,0.5794392523364487,0.6666666666666667,0.5274725274725275,0.4951456310679611,0.5444444444444444
tYpxPqwle5k.003.3.jpg,0.5794392523364487,0.6666666666666667,0.5274725274725275,0.4951456310679611,0.5444444444444444
tYpxPqwle5k.003.4.jpg,0.5794392523364487,0.6666666666666667,0.5274725274725275,0.4951456310679611,0.5444444444444444
kAjvzIWWrWA.001.1.jpg,0.691588785046729,0.7708333333333334,0.6483516483516484,0.6893203883495147,0.7222222222222221
kAjvzIWWrWA.001.2.jpg,0.691588785046729,0.7708333333333334,0.6483516483516484,0.6893203883495147,0.7222222222222221
kAjvzIWWrWA.001.3.jpg,0.691588785046729,0.7708333333333334,0.6483516483516484,0.6893203883495147,0.7222222222222221
kAjvzIWWrWA.001.4.jpg,0.691588785046729,0.7708333333333334,0.6483516483516484,0.6893203883495147,0.7222222222222221
ivcVlDXJCDo.004.1.jpg,0.5514018691588786,0.7291666666666667,0.6703296703296703,0.5825242718446602,0.6888888888888889
ivcVlDXJCDo.004.2.jpg,0.5514018691588786,0.7291666666666667,0.6703296703296703,0.5825242718446602,0.6888888888888889
ivcVlDXJCDo.004.3.jpg,0.5514018691588786,0.7291666666666667,0.6703296703296703,0.5825242718446602,0.6888888888888889
ivcVlDXJCDo.004.4.jpg,0.5514018691588786,0.7291666666666667,0.6703296703296703,0.5825242718446602,0.6888888888888889
iOB65zCiOFM.005.1.jpg,0.5420560747663552,0.59375,0.5714285714285714,0.6407766990291262,0.5111111111111111
iOB65zCiOFM.005.2.jpg,0.5420560747663552,0.59375,0.5714285714285714,0.6407766990291262,0.5111111111111111
iOB65zCiOFM.005.3.jpg,0.5420560747663552,0.59375,0.5714285714285714,0.6407766990291262,0.5111111111111111
iOB65zCiOFM.005.4.jpg,0.5420560747663552,0.59375,0.5714285714285714,0.6407766990291262,0.5111111111111111
-AmMDnVl4s8.001.1.jpg,0.6261682242990655,0.6770833333333334,0.7142857142857143,0.5728155339805825,0.5888888888888889
-AmMDnVl4s8.001.2.jpg,0.6261682242990655,0.6770833333333334,0.7142857142857143,0.5728155339805825,0.5888888888888889
-AmMDnVl4s8.001.3.jpg,0.6261682242990655,0.6770833333333334,0.7142857142857143,0.5728155339805825,0.5888888888888889
-AmMDnVl4s8.001.4.jpg,0.6261682242990655,0.6770833333333334,0.7142857142857143,0.5728155339805825,0.5888888888888889
aLvpOYqzErk.005.1.jpg,0.4485981308411215,0.5,0.6153846153846153,0.47572815533980584,0.7
aLvpOYqzErk.005.2.jpg,0.4485981308411215,0.5,0.6153846153846153,0.47572815533980584,0.7
aLvpOYqzErk.005.3.jpg,0.4485981308411215,0.5,0.6153846153846153,0.47572815533980584,0.7
aLvpOYqzErk.005.4.jpg,0.4485981308411215,0.5,0.6153846153846153,0.47572815533980584,0.7
ZxxRJRz2hf0.001.1.jpg,0.588785046728972,0.7291666666666667,0.4615384615384615,0.7378640776699029,0.5777777777777777
ZxxRJRz2hf0.001.2.jpg,0.588785046728972,0.7291666666666667,0.4615384615384615,0.7378640776699029,0.5777777777777777
ZxxRJRz2hf0.001.3.jpg,0.588785046728972,0.7291666666666667,0.4615384615384615,0.7378640776699029,0.5777777777777777
ZxxRJRz2hf0.001.4.jpg,0.588785046728972,0.7291666666666667,0.4615384615384615,0.7378640776699029,0.5777777777777777
P63CUj9KnSw.002.1.jpg,0.36448598130841126,0.5625,0.4835164835164835,0.4660194174757281,0.5111111111111111
P63CUj9KnSw.002.2.jpg,0.36448598130841126,0.5625,0.4835164835164835,0.4660194174757281,0.5111111111111111
P63CUj9KnSw.002.3.jpg,0.36448598130841126,0.5625,0.4835164835164835,0.4660194174757281,0.5111111111111111
P63CUj9KnSw.002.4.jpg,0.36448598130841126,0.5625,0.4835164835164835,0.4660194174757281,0.5111111111111111
X5aKCrWf6a4.004.1.jpg,0.48598130841121495,0.5208333333333334,0.6703296703296703,0.47572815533980584,0.5222222222222223
X5aKCrWf6a4.004.2.jpg,0.48598130841121495,0.5208333333333334,0.6703296703296703,0.47572815533980584,0.5222222222222223
X5aKCrWf6a4.004.3.jpg,0.48598130841121495,0.5208333333333334,0.6703296703296703,0.47572815533980584,0.5222222222222223
X5aKCrWf6a4.004.4.jpg,0.48598130841121495,0.5208333333333334,0.6703296703296703,0.47572815533980584,0.5222222222222223
qVcw5-mm31s.001.1.jpg,0.47663551401869164,0.34374999999999994,0.3846153846153846,0.5339805825242718,0.6
qVcw5-mm31s.001.2.jpg,0.47663551401869164,0.34374999999999994,0.3846153846153846,0.5339805825242718,0.6
qVcw5-mm31s.001.3.jpg,0.47663551401869164,0.34374999999999994,0.3846153846153846,0.5339805825242718,0.6
qVcw5-mm31s.001.4.jpg,0.47663551401869164,0.34374999999999994,0.3846153846153846,0.5339805825242718,0.6
Rwsss8y1bf0.001.1.jpg,0.36448598130841126,0.3333333333333333,0.3956043956043956,0.33980582524271846,0.6
Rwsss8y1bf0.001.2.jpg,0.36448598130841126,0.3333333333333333,0.3956043956043956,0.33980582524271846,0.6
Rwsss8y1bf0.001.3.jpg,0.36448598130841126,0.3333333333333333,0.3956043956043956,0.33980582524271846,0.6
Rwsss8y1bf0.001.4.jpg,0.36448598130841126,0.3333333333333333,0.3956043956043956,0.33980582524271846,0.6
nDsTSmE73M0.001.1.jpg,0.4112149532710281,0.5833333333333333,0.4505494505494505,0.5145631067961165,0.5333333333333333
nDsTSmE73M0.001.2.jpg,0.4112149532710281,0.5833333333333333,0.4505494505494505,0.5145631067961165,0.5333333333333333
nDsTSmE73M0.001.3.jpg,0.4112149532710281,0.5833333333333333,0.4505494505494505,0.5145631067961165,0.5333333333333333
nDsTSmE73M0.001.4.jpg,0.4112149532710281,0.5833333333333333,0.4505494505494505,0.5145631067961165,0.5333333333333333
RGuHfwIRKpA.005.1.jpg,0.33644859813084116,0.6145833333333333,0.6043956043956044,0.7475728155339806,0.5333333333333333
RGuHfwIRKpA.005.2.jpg,0.33644859813084116,0.6145833333333333,0.6043956043956044,0.7475728155339806,0.5333333333333333
RGuHfwIRKpA.005.3.jpg,0.33644859813084116,0.6145833333333333,0.6043956043956044,0.7475728155339806,0.5333333333333333
RGuHfwIRKpA.005.4.jpg,0.33644859813084116,0.6145833333333333,0.6043956043956044,0.7475728155339806,0.5333333333333333
3LAaFUSGvsU.000.1.jpg,0.5700934579439253,0.6145833333333333,0.4945054945054945,0.6893203883495147,0.5777777777777777
3LAaFUSGvsU.000.2.jpg,0.5700934579439253,0.6145833333333333,0.4945054945054945,0.6893203883495147,0.5777777777777777
3LAaFUSGvsU.000.3.jpg,0.5700934579439253,0.6145833333333333,0.4945054945054945,0.6893203883495147,0.5777777777777777
3LAaFUSGvsU.000.4.jpg,0.5700934579439253,0.6145833333333333,0.4945054945054945,0.6893203883495147,0.5777777777777777
n2BuwHbdilY.000.1.jpg,0.5420560747663552,0.5416666666666666,0.5494505494505494,0.6699029126213591,0.6666666666666666
n2BuwHbdilY.000.2.jpg,0.5420560747663552,0.5416666666666666,0.5494505494505494,0.6699029126213591,0.6666666666666666
n2BuwHbdilY.000.3.jpg,0.5420560747663552,0.5416666666666666,0.5494505494505494,0.6699029126213591,0.6666666666666666
n2BuwHbdilY.000.4.jpg,0.5420560747663552,0.5416666666666666,0.5494505494505494,0.6699029126213591,0.6666666666666666
GcuoyJPO-KU.003.1.jpg,0.5514018691588786,0.59375,0.5604395604395604,0.5728155339805825,0.6444444444444444
GcuoyJPO-KU.003.2.jpg,0.5514018691588786,0.59375,0.5604395604395604,0.5728155339805825,0.6444444444444444
GcuoyJPO-KU.003.3.jpg,0.5514018691588786,0.59375,0.5604395604395604,0.5728155339805825,0.6444444444444444
GcuoyJPO-KU.003.4.jpg,0.5514018691588786,0.59375,0.5604395604395604,0.5728155339805825,0.6444444444444444
uf_sIIw4zxY.004.1.jpg,0.5140186915887851,0.5520833333333334,0.4615384615384615,0.5728155339805825,0.7333333333333333
uf_sIIw4zxY.004.2.jpg,0.5140186915887851,0.5520833333333334,0.4615384615384615,0.5728155339805825,0.7333333333333333
uf_sIIw4zxY.004.3.jpg,0.5140186915887851,0.5520833333333334,0.4615384615384615,0.5728155339805825,0.7333333333333333
uf_sIIw4zxY.004.4.jpg,0.5140186915887851,0.5520833333333334,0.4615384615384615,0.5728155339805825,0.7333333333333333
jd9_8OPxM3A.003.1.jpg,0.5607476635514019,0.6354166666666666,0.7252747252747254,0.6213592233009709,0.6666666666666666
jd9_8OPxM3A.003.2.jpg,0.5607476635514019,0.6354166666666666,0.7252747252747254,0.6213592233009709,0.6666666666666666
jd9_8OPxM3A.003.3.jpg,0.5607476635514019,0.6354166666666666,0.7252747252747254,0.6213592233009709,0.6666666666666666
jd9_8OPxM3A.003.4.jpg,0.5607476635514019,0.6354166666666666,0.7252747252747254,0.6213592233009709,0.6666666666666666
